
[2026-08-01T08:00:57.597825+00:00] COMMAND: C:\Users\Lenovo\anaconda3\envs\insulator-defect\python.exe train.py -c E:\School\insulator-defect-detection\runs\third_party\D-FINE\configs\dfine\custom\dfine_hgnetv2_m_dataset_labels_coco.yml -t E:\School\insulator-defect-detection\runs\third_party\D-FINE\weights\dfine_m_coco.pth --use-amp --seed 20260731
Not init distributed mode.
cfg: 
{'_collate_fn': None,
 '_criterion': None,
 '_ema': None,
 '_evaluator': None,
 '_lr_scheduler': None,
 '_lr_warmup_scheduler': None,
 '_model': None,
 '_optimizer': None,
 '_postprocessor': None,
 '_scaler': None,
 '_train_batch_size': None,
 '_train_dataloader': None,
 '_train_dataset': None,
 '_train_shuffle': None,
 '_val_batch_size': None,
 '_val_dataloader': None,
 '_val_dataset': None,
 '_val_shuffle': None,
 '_writer': None,
 'batch_size': None,
 'checkpoint_freq': 12,
 'clip_max_norm': 0.1,
 'device': '',
 'ema_decay': 0.9999,
 'ema_warmups': 2000,
 'epochs': 15,
 'find_unused_parameters': False,
 'last_epoch': -1,
 'num_workers': 0,
 'output_dir': 'E:/School/insulator-defect-detection/runs/dfine/dfine_m_img960',
 'print_freq': 100,
 'resume': None,
 'seed': 20260731,
 'summary_dir': None,
 'sync_bn': True,
 'task': 'detection',
 'tuning': 'E:\\School\\insulator-defect-detection\\runs\\third_party\\D-FINE\\weights\\dfine_m_coco.pth',
 'use_amp': True,
 'use_ema': True,
 'yaml_cfg': {'DFINE': {'backbone': 'HGNetv2',
                        'decoder': 'DFINETransformer',
                        'encoder': 'HybridEncoder'},
              'DFINECriterion': {'alpha': 0.75,
                                 'gamma': 2.0,
                                 'losses': ['vfl', 'boxes', 'local'],
                                 'matcher': {'alpha': 0.25,
                                             'gamma': 2.0,
                                             'type': 'HungarianMatcher',
                                             'weight_dict': {'cost_bbox': 5,
                                                             'cost_class': 2,
                                                             'cost_giou': 2}},
                                 'reg_max': 32,
                                 'weight_dict': {'loss_bbox': 5,
                                                 'loss_ddf': 1.5,
                                                 'loss_fgl': 0.15,
                                                 'loss_giou': 2,
                                                 'loss_vfl': 1}},
              'DFINEPostProcessor': {'num_top_queries': 300},
              'DFINETransformer': {'box_noise_scale': 1.0,
                                   'cross_attn_method': 'default',
                                   'eval_idx': -1,
                                   'feat_channels': [256, 256, 256],
                                   'feat_strides': [8, 16, 32],
                                   'hidden_dim': 256,
                                   'label_noise_ratio': 0.5,
                                   'layer_scale': 1,
                                   'num_denoising': 100,
                                   'num_layers': 4,
                                   'num_levels': 3,
                                   'num_points': [3, 6, 3],
                                   'num_queries': 300,
                                   'query_select_method': 'default',
                                   'reg_max': 32,
                                   'reg_scale': 4},
              'HGNetv2': {'freeze_at': -1,
                          'freeze_norm': False,
                          'local_model_dir': 'weight/hgnetv2/',
                          'name': 'B2',
                          'pretrained': False,
                          'return_idx': [1, 2, 3],
                          'use_lab': True},
              'HybridEncoder': {'act': 'silu',
                                'depth_mult': 0.67,
                                'dim_feedforward': 1024,
                                'dropout': 0.0,
                                'enc_act': 'gelu',
                                'expansion': 1.0,
                                'feat_strides': [8, 16, 32],
                                'hidden_dim': 256,
                                'in_channels': [384, 768, 1536],
                                'nhead': 8,
                                'num_encoder_layers': 1,
                                'use_encoder_idx': [2]},
              '__include__': ['../../dataset/insulator_detection.yml',
                              '../../runtime.yml',
                              '../include/dataloader.yml',
                              '../include/optimizer.yml',
                              '../include/dfine_hgnetv2.yml'],
              'checkpoint_freq': 12,
              'clip_max_norm': 0.1,
              'config': 'E:\\School\\insulator-defect-detection\\runs\\third_party\\D-FINE\\configs\\dfine\\custom\\dfine_hgnetv2_m_dataset_labels_coco.yml',
              'criterion': 'DFINECriterion',
              'ema': {'decay': 0.9999,
                      'start': 0,
                      'type': 'ModelEMA',
                      'warmups': 1000},
              'epochs': 15,
              'eval_spatial_size': [960, 960],
              'evaluator': {'iou_types': ['bbox'], 'type': 'CocoEvaluator'},
              'exp_name': 'baseline',
              'find_unused_parameters': False,
              'lr_scheduler': {'gamma': 0.1,
                               'milestones': [500],
                               'type': 'MultiStepLR'},
              'lr_warmup_scheduler': {'type': 'LinearWarmup',
                                      'warmup_duration': 500},
              'model': 'DFINE',
              'num_classes': 4,
              'optimizer': {'betas': [0.9, 0.999],
                            'lr': 0.00025,
                            'params': [{'lr': 2.5e-05,
                                        'params': '^(?=.*backbone)(?!.*norm|bn).*$'},
                                       {'lr': 2.5e-05,
                                        'params': '^(?=.*backbone)(?=.*norm|bn).*$',
                                        'weight_decay': 0.0},
                                       {'params': '^(?=.*(?:encoder|decoder))(?=.*(?:norm|bn|bias)).*$',
                                        'weight_decay': 0.0}],
                            'type': 'AdamW',
                            'weight_decay': 0.000125},
              'output_dir': 'E:/School/insulator-defect-detection/runs/dfine/dfine_m_img960',
              'postprocessor': 'DFINEPostProcessor',
              'print_freq': 100,
              'print_method': 'builtin',
              'print_rank': 0,
              'project_name': 'D-FINE',
              'remap_mscoco_category': False,
              'scaler': {'enabled': True, 'type': 'GradScaler'},
              'seed': 20260731,
              'sync_bn': True,
              'task': 'detection',
              'test_only': False,
              'train_dataloader': {'collate_fn': {'base_size': 960,
                                                  'base_size_repeat': None,
                                                  'ema_restart_decay': 0.9999,
                                                  'stop_epoch': 10,
                                                  'type': 'BatchImageCollateFunction'},
                                   'dataset': {'ann_file': 'E:/School/insulator-defect-detection/datasets/dataset_labels_coco/annotations/instances_train.json',
                                               'img_folder': 'E:/School/insulator-defect-detection/datasets/dataset_labels_coco/images/train',
                                               'return_masks': False,
                                               'transforms': {'ops': [{'p': 0.5,
                                                                       'type': 'RandomPhotometricDistort'},
                                                                      {'fill': 0,
                                                                       'type': 'RandomZoomOut'},
                                                                      {'p': 0.8,
                                                                       'type': 'RandomIoUCrop'},
                                                                      {'min_size'E:\School\insulator-defect-detection\runs\third_party\D-FINE\src\core\workspace.py:178: FutureWarning: `torch.cuda.amp.GradScaler(args...)` is deprecated. Please use `torch.amp.GradScaler('cuda', args...)` instead.
  return module(**module_kwargs)
E:\School\insulator-defect-detection\runs\third_party\D-FINE\src\solver\det_engine.py:125: UserWarning: Converting a tensor with requires_grad=True to a scalar may lead to unexpected behavior.
Consider using tensor.detach() first. (Triggered internally at C:\actions-runner\_work\pytorch\pytorch\torch\csrc\autograd\generated\python_variable_methods.cpp:823.)
  if not math.isfinite(loss_value):
: 1,
                                                                       'type': 'SanitizeBoundingBoxes'},
                                                                      {'type': 'RandomHorizontalFlip'},
                                                                      {'size': [960,
                                                                                960],
                                                                       'type': 'Resize'},
                                                                      {'min_size': 1,
                                                                       'type': 'SanitizeBoundingBoxes'},
                                                                      {'dtype': 'float32',
                                                                       'scale': True,
                                                                       'type': 'ConvertPILImage'},
                                                                      {'fmt': 'cxcywh',
                                                                       'normalize': True,
                                                                       'type': 'ConvertBoxes'}],
                                                              'policy': {'epoch': 10,
                                                                         'name': 'stop_epoch',
                                                                         'ops': ['RandomPhotometricDistort',
                                                                                 'RandomZoomOut',
                                                                                 'RandomIoUCrop']},
                                                              'type': 'Compose'},
                                               'type': 'CocoDetection'},
                                   'drop_last': True,
                                   'num_workers': 4,
                                   'shuffle': True,
                                   'total_batch_size': 4,
                                   'type': 'DataLoader'},
              'tuning': 'E:\\School\\insulator-defect-detection\\runs\\third_party\\D-FINE\\weights\\dfine_m_coco.pth',
              'use_amp': True,
              'use_ema': True,
              'use_focal_loss': True,
              'use_wandb': False,
              'val_dataloader': {'collate_fn': {'type': 'BatchImageCollateFunction'},
                                 'dataset': {'ann_file': 'E:/School/insulator-defect-detection/datasets/dataset_labels_coco/annotations/instances_val.json',
                                             'img_folder': 'E:/School/insulator-defect-detection/datasets/dataset_labels_coco/images/val',
                                             'return_masks': False,
                                             'transforms': {'ops': [{'size': [960,
                                                                              960],
                                                                     'type': 'Resize'},
                                                                    {'dtype': 'float32',
                                                                     'scale': True,
                                                                     'type': 'ConvertPILImage'}],
                                                            'type': 'Compose'},
                                             'type': 'CocoDetection'},
                                 'drop_last': False,
                                 'num_workers': 4,
                                 'shuffle': False,
                                 'total_batch_size': 4,
                                 'type': 'DataLoader'}}}
Tuning checkpoint from E:\School\insulator-defect-detection\runs\third_party\D-FINE\weights\dfine_m_coco.pth
Load model.state_dict, {'missed': ['decoder.denoising_class_embed.weight'], 'unmatched': ['decoder.anchors', 'decoder.valid_mask', 'decoder.enc_score_head.weight', 'decoder.enc_score_head.bias', 'decoder.dec_score_head.0.weight', 'decoder.dec_score_head.0.bias', 'decoder.dec_score_head.1.weight', 'decoder.dec_score_head.1.bias', 'decoder.dec_score_head.2.weight', 'decoder.dec_score_head.2.bias', 'decoder.dec_score_head.3.weight', 'decoder.dec_score_head.3.bias']}
Initial lr: [2.5e-05, 2.5e-05, 0.00025, 0.00025]
building train_dataloader with batch_size=4...
building val_dataloader with batch_size=4...

------------------------------------- Calculate Flops Results -------------------------------------
Notations:
number of parameters (Params), number of multiply-accumulate operations(MACs),
number of floating-point operations (FLOPs), floating-point operations per second (FLOPS),
fwd FLOPs (model forward propagation FLOPs), bwd FLOPs (model backward propagation FLOPs),
default model backpropagation takes 2.00 times as much computation as forward propagation.

Total Training Params:                                                  19.19 M 
fwd MACs:                                                               60.959 GMACs
fwd FLOPs:                                                              122.295 GFLOPS
fwd+bwd MACs:                                                           182.877 GMACs
fwd+bwd FLOPs:                                                          366.884 GFLOPS
---------------------------------------------------------------------------------------------------
{'Model FLOPs:122.295 GFLOPS   MACs:60.959 GMACs   Params:19189669'}
------------------------------------------Start training-------------------------------------------
Epoch: [0/15]  [  0/392]  eta: 15:08:47  lr: 0.000000  loss: 54.8639 (54.8639)  loss_vfl: 1.4844 (1.4844)  loss_bbox: 1.6639 (1.6639)  loss_giou: 1.3721 (1.3721)  loss_fgl: 1.0907 (1.0907)  loss_vfl_aux_0: 1.2373 (1.2373)  loss_bbox_aux_0: 1.6417 (1.6417)  loss_giou_aux_0: 1.4331 (1.4331)  loss_fgl_aux_0: 1.2488 (1.2488)  loss_ddf_aux_0: 0.0933 (0.0933)  loss_vfl_aux_1: 1.2598 (1.2598)  loss_bbox_aux_1: 1.7647 (1.7647)  loss_giou_aux_1: 1.4128 (1.4128)  loss_fgl_aux_1: 1.0599 (1.0599)  loss_ddf_aux_1: 0.0089 (0.0089)  loss_vfl_aux_2: 1.4648 (1.4648)  loss_bbox_aux_2: 1.6661 (1.6661)  loss_giou_aux_2: 1.3721 (1.3721)  loss_fgl_aux_2: 1.0887 (1.0887)  loss_ddf_aux_2: 0.0001 (0.0001)  loss_vfl_pre: 1.1211 (1.1211)  loss_bbox_pre: 1.8127 (1.8127)  loss_giou_pre: 1.5083 (1.5083)  loss_vfl_enc_0: 0.7402 (0.7402)  loss_bbox_enc_0: 2.2658 (2.2658)  loss_giou_enc_0: 1.9851 (1.9851)  loss_vfl_dn_0: 0.9463 (0.9463)  loss_bbox_dn_0: 1.5879 (1.5879)  loss_giou_dn_0: 1.2959 (1.2959)  loss_fgl_dn_0: 1.1260 (1.1260)  loss_ddf_dn_0: 0.1855 (0.1855)  loss_vfl_dn_1: 1.1914 (1.1914)  loss_bbox_dn_1: 1.2020 (1.2020)  loss_giou_dn_1: 1.1246 (1.1246)  loss_fgl_dn_1: 1.1463 (1.1463)  loss_ddf_dn_1: 0.0318 (0.0318)  loss_vfl_dn_2: 1.3223 (1.3223)  loss_bbox_dn_2: 1.1489 (1.1489)  loss_giou_dn_2: 1.0863 (1.0863)  loss_fgl_dn_2: 1.1537 (1.1537)  loss_ddf_dn_2: 0.0018 (0.0018)  loss_vfl_dn_3: 1.3555 (1.3555)  loss_bbox_dn_3: 1.1388 (1.1388)  loss_giou_dn_3: 1.0746 (1.0746)  loss_fgl_dn_3: 1.1562 (1.1562)  loss_ddf_dn_3: 0.0000 (0.0000)  loss_vfl_dn_pre: 0.9707 (0.9707)  loss_bbox_dn_pre: 1.5433 (1.5433)  loss_giou_dn_pre: 1.2781 (1.2781)  time: 139.1019  data: 123.0139  max mem: 5234
Epoch: [0/15]  [100/392]  eta: 0:14:17  lr: 0.000005  loss: 45.5633 (50.0664)  loss_vfl: 1.0127 (0.9789)  loss_bbox: 1.1370 (1.5974)  loss_giou: 1.2169 (1.4760)  loss_fgl: 0.8038 (0.8605)  loss_vfl_aux_0: 0.8496 (0.8644)  loss_bbox_aux_0: 1.4706 (1.8058)  loss_giou_aux_0: 1.4752 (1.6141)  loss_fgl_aux_0: 0.7088 (0.7670)  loss_ddf_aux_0: 0.1532 (0.1139)  loss_vfl_aux_1: 0.9663 (0.9481)  loss_bbox_aux_1: 1.2482 (1.6390)  loss_giou_aux_1: 1.2760 (1.5077)  loss_fgl_aux_1: 0.7878 (0.8421)  loss_ddf_aux_1: 0.0238 (0.0164)  loss_vfl_aux_2: 1.0146 (0.9682)  loss_bbox_aux_2: 1.1971 (1.6031)  loss_giou_aux_2: 1.2444 (1.4824)  loss_fgl_aux_2: 0.8015 (0.8571)  loss_ddf_aux_2: 0.0017 (0.0007)  loss_vfl_pre: 0.8267 (0.8250)  loss_bbox_pre: 1.5144 (1.8404)  loss_giou_pre: 1.4845 (1.6359)  loss_vfl_enc_0: 0.4421 (0.5448)  loss_bbox_enc_0: 1.9507 (2.2495)  loss_giou_enc_0: 1.7684 (1.8863)  loss_vfl_dn_0: 1.1309 (1.0599)  loss_bbox_dn_0: 0.9731 (1.2103)  loss_giou_dn_0: 1.1117 (1.2013)  loss_fgl_dn_0: 0.9607 (0.9770)  loss_ddf_dn_0: 0.1432 (0.1277)  loss_vfl_dn_1: 1.3262 (1.2205)  loss_bbox_dn_1: 0.8259 (1.0615)  loss_giou_dn_1: 0.9714 (1.0724)  loss_fgl_dn_1: 0.9642 (0.9880)  loss_ddf_dn_1: 0.0291 (0.0245)  loss_vfl_dn_2: 1.3672 (1.2984)  loss_bbox_dn_2: 0.7616 (1.0222)  loss_giou_dn_2: 0.9288 (1.0358)  loss_fgl_dn_2: 0.9736 (0.9942)  loss_ddf_dn_2: 0.0043 (0.0028)  loss_vfl_dn_3: 1.4004 (1.3489)  loss_bbox_dn_3: 0.7388 (1.0137)  loss_giou_dn_3: 0.9189 (1.0263)  loss_fgl_dn_3: 0.9750 (0.9981)  loss_ddf_dn_3: 0.0000 (0.0000)  loss_vfl_dn_pre: 1.1416 (1.0648)  loss_bbox_dn_pre: 0.9827 (1.1987)  loss_giou_dn_pre: 1.1043 (1.1948)  time: 1.4554  data: 0.0038  max mem: 5323
Epoch: [0/15]  [200/392]  eta: 0:06:56  lr: 0.000010  loss: 39.7379 (46.9728)  loss_vfl: 0.7817 (0.9484)  loss_bbox: 0.7827 (1.3653)  loss_giou: 1.0728 (1.3835)  loss_fgl: 0.7181 (0.7955)  loss_vfl_aux_0: 1.0166 (0.9125)  loss_bbox_aux_0: 1.1882 (1.6488)  loss_giou_aux_0: 1.4322 (1.5837)  loss_fgl_aux_0: 0.6918 (0.7327)  loss_ddf_aux_0: 0.3656 (0.2724)  loss_vfl_aux_1: 1.0107 (0.9326)  loss_bbox_aux_1: 0.9063 (1.4424)  loss_giou_aux_1: 1.1486 (1.4334)  loss_fgl_aux_1: 0.7027 (0.7843)  loss_ddf_aux_1: 0.0605 (0.0491)  loss_vfl_aux_2: 0.8696 (0.9710)  loss_bbox_aux_2: 0.7836 (1.3747)  loss_giou_aux_2: 1.1010 (1.3954)  loss_fgl_aux_2: 0.7108 (0.7901)  loss_ddf_aux_2: 0.0056 (0.0054)  loss_vfl_pre: 1.0088 (0.8921)  loss_bbox_pre: 1.2207 (1.6780)  loss_giou_pre: 1.4447 (1.6006)  loss_vfl_enc_0: 0.3892 (0.5066)  loss_bbox_enc_0: 1.6794 (2.1490)  loss_giou_enc_0: 1.8821 (1.9258)  loss_vfl_dn_0: 1.2119 (1.1440)  loss_bbox_dn_0: 0.5988 (1.0029)  loss_giou_dn_0: 0.8610 (1.0891)  loss_fgl_dn_0: 1.0504 (1.0098)  loss_ddf_dn_0: 0.4424 (0.2541)  loss_vfl_dn_1: 0.7461 (1.1243)  loss_bbox_dn_1: 0.4268 (0.8423)  loss_giou_dn_1: 0.6858 (0.9436)  loss_fgl_dn_1: 1.0148 (1.0024)  loss_ddf_dn_1: 0.0786 (0.0514)  loss_vfl_dn_2: 0.7456 (1.1507)  loss_bbox_dn_2: 0.3776 (0.8003)  loss_giou_dn_2: 0.6592 (0.9071)  loss_fgl_dn_2: 1.0188 (1.0027)  loss_ddf_dn_2: 0.0104 (0.0075)  loss_vfl_dn_3: 0.7197 (1.1351)  loss_bbox_dn_3: 0.3868 (0.7931)  loss_giou_dn_3: 0.6516 (0.8994)  loss_fgl_dn_3: 1.0159 (1.0051)  loss_ddf_dn_3: 0.0000 (0.0000)  loss_vfl_dn_pre: 1.2256 (1.1490)  loss_bbox_dn_pre: 0.6017 (0.9999)  loss_giou_dn_pre: 0.8548 (1.0855)  time: 1.3675  data: 0.0029  max mem: 5323
Epoch: [0/15]  [300/392]  eta: 0:02:56  lr: 0.000015  loss: 34.0697 (43.4396)  loss_vfl: 0.5854 (0.8688)  loss_bbox: 0.5542 (1.1722)  loss_giou: 1.0595 (1.2868)  loss_fgl: 0.7149 (0.7718)  loss_vfl_aux_0: 0.8916 (0.8941)  loss_bbox_aux_0: 0.9136 (1.4790)  loss_giou_aux_0: 1.3570 (1.5054)  loss_fgl_aux_0: 0.7046 (0.7386)  loss_ddf_aux_0: 0.3496 (0.2964)  loss_vfl_aux_1: 0.7905 (0.9098)  loss_bbox_aux_1: 0.6301 (1.2521)  loss_giou_aux_1: 1.1468 (1.3416)  loss_fgl_aux_1: 0.7388 (0.7656)  loss_ddf_aux_1: 0.0701 (0.0544)  loss_vfl_aux_2: 0.6387 (0.9138)  loss_bbox_aux_2: 0.5795 (1.1822)  loss_giou_aux_2: 1.0650 (1.2978)  loss_fgl_aux_2: 0.7159 (0.7668)  loss_ddf_aux_2: 0.0070 (0.0054)  loss_vfl_pre: 0.8804 (0.8782)  loss_bbox_pre: 0.9885 (1.5051)  loss_giou_pre: 1.2951 (1.5169)  loss_vfl_enc_0: 0.4722 (0.4902)  loss_bbox_enc_0: 1.6760 (2.0618)  loss_giou_enc_0: 1.8491 (1.9066)  loss_vfl_dn_0: 0.6040 (1.0428)  loss_bbox_dn_0: 0.4564 (0.8584)  loss_giou_dn_0: 0.8031 (0.9897)  loss_fgl_dn_0: 1.0711 (1.0366)  loss_ddf_dn_0: 0.4585 (0.3336)  loss_vfl_dn_1: 0.5508 (0.9756)  loss_bbox_dn_1: 0.2885 (0.6956)  loss_giou_dn_1: 0.6305 (0.8406)  loss_fgl_dn_1: 1.0022 (1.0048)  loss_ddf_dn_1: 0.0722 (0.0613)  loss_vfl_dn_2: 0.4910 (0.9626)  loss_bbox_dn_2: 0.2757 (0.6590)  loss_giou_dn_2: 0.6075 (0.8068)  loss_fgl_dn_2: 0.9941 (1.0013)  loss_ddf_dn_2: 0.0107 (0.0082)  loss_vfl_dn_3: 0.4688 (0.9459)  loss_bbox_dn_3: 0.2719 (0.6540)  loss_giou_dn_3: 0.6075 (0.8015)  loss_fgl_dn_3: 0.9968 (1.0031)  loss_ddf_dn_3: 0.0000 (0.0000)  loss_vfl_dn_pre: 0.6030 (1.0496)  loss_bbox_dn_pre: 0.4618 (0.8596)  loss_giou_dn_pre: 0.8069 (0.9878)  time: 1.4593  data: 0.0088  max mem: 5323
Epoch: [0/15]  [391/392]  eta: 0:00:01  lr: 0.000020  loss: 32.4014 (41.0543)  loss_vfl: 0.6138 (0.8310)  loss_bbox: 0.4546 (1.0341)  loss_giou: 0.7856 (1.1992)  loss_fgl: 0.8314 (0.7829)  loss_vfl_aux_0: 1.0742 (0.9048)  loss_bbox_aux_0: 0.7514 (1.3275)  loss_giou_aux_0: 1.0075 (1.4205)  loss_fgl_aux_0: 0.9037 (0.7673)  loss_ddf_aux_0: 0.2945 (0.2999)  loss_vfl_aux_1: 0.9307 (0.9041)  loss_bbox_aux_1: 0.4752 (1.1066)  loss_giou_aux_1: 0.8333 (1.2520)  loss_fgl_aux_1: 0.8732 (0.7798)  loss_ddf_aux_1: 0.0483 (0.0542)  loss_vfl_aux_2: 0.7603 (0.8788)  loss_bbox_aux_2: 0.4490 (1.0432)  loss_giou_aux_2: 0.7914 (1.2082)  loss_fgl_aux_2: 0.8408 (0.7788)  loss_ddf_aux_2: 0.0021 (0.0048)  loss_vfl_pre: 1.0303 (0.8891)  loss_bbox_pre: 0.7596 (1.3516)  loss_giou_pre: 0.9979 (1.4274)  loss_vfl_enc_0: 0.5337 (0.5017)  loss_bbox_enc_0: 1.6481 (1.9829)  loss_giou_enc_0: 1.6792 (1.8631)  loss_vfl_dn_0: 0.5244 (0.9370)  loss_bbox_dn_0: 0.5465 (0.7850)  loss_giou_dn_0: 0.6920 (0.9303)  loss_fgl_dn_0: 1.1006 (1.0531)  loss_ddf_dn_0: 0.4290 (0.3723)  loss_vfl_dn_1: 0.4954 (0.8752)  loss_bbox_dn_1: 0.3974 (0.6269)  loss_giou_dn_1: 0.5171 (0.7778)  loss_fgl_dn_1: 1.0093 (1.0081)  loss_ddf_dn_1: 0.0699 (0.0643)  loss_vfl_dn_2: 0.4727 (0.8520)  loss_bbox_dn_2: 0.3548 (0.5928)  loss_giou_dn_2: 0.4991 (0.7457)  loss_fgl_dn_2: 1.0091 (1.0025)  loss_ddf_dn_2: 0.0062 (0.0078)  loss_vfl_dn_3: 0.4517 (0.8366)  loss_bbox_dn_3: 0.3503 (0.5886)  loss_giou_dn_3: 0.4922 (0.7409)  loss_fgl_dn_3: 1.0069 (1.0043)  loss_ddf_dn_3: 0.0000 (0.0000)  loss_vfl_dn_pre: 0.5205 (0.9427)  loss_bbox_dn_pre: 0.5687 (0.7877)  loss_giou_dn_pre: 0.7022 (0.9291)  time: 1.4798  data: 0.0028  max mem: 5323
Epoch: [0/15] Total time: 0:11:53 (1.8192 s / it)
Averaged stats: lr: 0.000020  loss: 32.4014 (41.0543)  loss_vfl: 0.6138 (0.8310)  loss_bbox: 0.4546 (1.0341)  loss_giou: 0.7856 (1.1992)  loss_fgl: 0.8314 (0.7829)  loss_vfl_aux_0: 1.0742 (0.9048)  loss_bbox_aux_0: 0.7514 (1.3275)  loss_giou_aux_0: 1.0075 (1.4205)  loss_fgl_aux_0: 0.9037 (0.7673)  loss_ddf_aux_0: 0.2945 (0.2999)  loss_vfl_aux_1: 0.9307 (0.9041)  loss_bbox_aux_1: 0.4752 (1.1066)  loss_giou_aux_1: 0.8333 (1.2520)  loss_fgl_aux_1: 0.8732 (0.7798)  loss_ddf_aux_1: 0.0483 (0.0542)  loss_vfl_aux_2: 0.7603 (0.8788)  loss_bbox_aux_2: 0.4490 (1.0432)  loss_giou_aux_2: 0.7914 (1.2082)  loss_fgl_aux_2: 0.8408 (0.7788)  loss_ddf_aux_2: 0.0021 (0.0048)  loss_vfl_pre: 1.0303 (0.8891)  loss_bbox_pre: 0.7596 (1.3516)  loss_giou_pre: 0.9979 (1.4274)  loss_vfl_enc_0: 0.5337 (0.5017)  loss_bbox_enc_0: 1.6481 (1.9829)  loss_giou_enc_0: 1.6792 (1.8631)  loss_vfl_dn_0: 0.5244 (0.9370)  loss_bbox_dn_0: 0.5465 (0.7850)  loss_giou_dn_0: 0.6920 (0.9303)  loss_fgl_dn_0: 1.1006 (1.0531)  loss_ddf_dn_0: 0.4290 (0.3723)  loss_vfl_dn_1: 0.4954 (0.8752)  loss_bbox_dn_1: 0.3974 (0.6269)  loss_giou_dn_1: 0.5171 (0.7778)  loss_fgl_dn_1: 1.0093 (1.0081)  loss_ddf_dn_1: 0.0699 (0.0643)  loss_vfl_dn_2: 0.4727 (0.8520)  loss_bbox_dn_2: 0.3548 (0.5928)  loss_giou_dn_2: 0.4991 (0.7457)  loss_fgl_dn_2: 1.0091 (1.0025)  loss_ddf_dn_2: 0.0062 (0.0078)  loss_vfl_dn_3: 0.4517 (0.8366)  loss_bbox_dn_3: 0.3503 (0.5886)  loss_giou_dn_3: 0.4922 (0.7409)  loss_fgl_dn_3: 1.0069 (1.0043)  loss_ddf_dn_3: 0.0000 (0.0000)  loss_vfl_dn_pre: 0.5205 (0.9427)  loss_bbox_dn_pre: 0.5687 (0.7877)  loss_giou_dn_pre: 0.7022 (0.9291)
Test:  [ 0/49]  eta: 2:05:25    time: 153.5890  data: 151.5230  max mem: 5323
Test:  [10/49]  eta: 0:09:16    time: 14.2794  data: 13.7788  max mem: 5323
Test:  [20/49]  eta: 0:03:41    time: 0.3302  data: 0.0040  max mem: 5323
Test:  [30/49]  eta: 0:01:40    time: 0.3185  data: 0.0040  max mem: 5323
Test:  [40/49]  eta: 0:00:36    time: 0.3495  data: 0.0042  max mem: 5323
Test:  [48/49]  eta: 0:00:03    time: 0.3326  data: 0.0038  max mem: 5323
Test: Total time: 0:02:51 (3.5018 s / it)
Metrics: {'f1': 0.6379821958456973, 'precision': 0.8669354838709677, 'recall': 0.5046948356807511, 'iou': 0.4222304040570145, 'TPs': 215, 'FPs': 33, 'FNs': 211}
Averaged stats: 
Accumulating evaluation results...
COCOeval_opt.accumulate() finished...
DONE (t=0.10s).
IoU metric: bbox
 Average Precision  (AP) @[ IoU=0.50:0.95 | area=   all | maxDets=100 ] = 0.205
 Average Precision  (AP) @[ IoU=0.50      | area=   all | maxDets=100 ] = 0.277
 Average Precision  (AP) @[ IoU=0.75      | area=   all | maxDets=100 ] = 0.235
 Average Precision  (AP) @[ IoU=0.50:0.95 | area= small | maxDets=100 ] = 0.000
 Average Precision  (AP) @[ IoU=0.50:0.95 | area=medium | maxDets=100 ] = 0.093
 Average Precision  (AP) @[ IoU=0.50:0.95 | area= large | maxDets=100 ] = 0.210
 Average Recall     (AR) @[ IoU=0.50:0.95 | area=   all | maxDets=  1 ] = 0.222
 Average Recall     (AR) @[ IoU=0.50:0.95 | area=   all | maxDets= 10 ] = 0.367
 Average Recall     (AR) @[ IoU=0.50:0.95 | area=   all | maxDets=100 ] = 0.449
 Average Recall     (AR) @[ IoU=0.50:0.95 | area= small | maxDets=100 ] = 0.000
 Average Recall     (AR) @[ IoU=0.50:0.95 | area=medium | maxDets=100 ] = 0.204
 Average Recall     (AR) @[ IoU=0.50:0.95 | area= large | maxDets=100 ] = 0.459
 Average Recall     (AR) @[ IoU=0.50      | area=   all | maxDets=100 ] = 0.682
 Average Recall     (AR) @[ IoU=0.75      | area=   all | maxDets=100 ] = 0.437
best_map50: epoch=0, AP50=0.277322
best_stat: {'epoch': 0, 'coco_eval_bbox': 0.20488666842723569}
Epoch: [1/15]  [  0/392]  eta: 16:05:52  lr: 0.000020  loss: 30.7659 (30.7659)  loss_vfl: 0.3359 (0.3359)  loss_bbox: 0.5310 (0.5310)  loss_giou: 1.1743 (1.1743)  loss_fgl: 0.6715 (0.6715)  loss_vfl_aux_0: 0.8184 (0.8184)  loss_bbox_aux_0: 0.7353 (0.7353)  loss_giou_aux_0: 1.2893 (1.2893)  loss_fgl_aux_0: 0.7158 (0.7158)  loss_ddf_aux_0: 0.3092 (0.3092)  loss_vfl_aux_1: 0.6270 (0.6270)  loss_bbox_aux_1: 0.5782 (0.5782)  loss_giou_aux_1: 1.2408 (1.2408)  loss_fgl_aux_1: 0.6708 (0.6708)  loss_ddf_aux_1: 0.0752 (0.0752)  loss_vfl_aux_2: 0.4133 (0.4133)  loss_bbox_aux_2: 0.5294 (0.5294)  loss_giou_aux_2: 1.1916 (1.1916)  loss_fgl_aux_2: 0.6672 (0.6672)  loss_ddf_aux_2: 0.0027 (0.0027)  loss_vfl_pre: 0.7588 (0.7588)  loss_bbox_pre: 0.7956 (0.7956)  loss_giou_pre: 1.2904 (1.2904)  loss_vfl_enc_0: 0.4861 (0.4861)  loss_bbox_enc_0: 1.5423 (1.5423)  loss_giou_enc_0: 1.7855 (1.7855)  loss_vfl_dn_0: 0.4832 (0.4832)  loss_bbox_dn_0: 0.3307 (0.3307)  loss_giou_dn_0: 0.7073 (0.7073)  loss_fgl_dn_0: 1.0540 (1.0540)  loss_ddf_dn_0: 0.5688 (0.5688)  loss_vfl_dn_1: 0.4465 (0.4465)  loss_bbox_dn_1: 0.2459 (0.2459)  loss_giou_dn_1: 0.6154 (0.6154)  loss_fgl_dn_1: 0.9873 (0.9873)  loss_ddf_dn_1: 0.0986 (0.0986)  loss_vfl_dn_2: 0.4272 (0.4272)  loss_bbox_dn_2: 0.2345 (0.2345)  loss_giou_dn_2: 0.5869 (0.5869)  loss_fgl_dn_2: 0.9823 (0.9823)  loss_ddf_dn_2: 0.0077 (0.0077)  loss_vfl_dn_3: 0.4182 (0.4182)  loss_bbox_dn_3: 0.2404 (0.2404)  loss_giou_dn_3: 0.5960 (0.5960)  loss_fgl_dn_3: 0.9816 (0.9816)  loss_ddf_dn_3: 0.0000 (0.0000)  loss_vfl_dn_pre: 0.4858 (0.4858)  loss_bbox_dn_pre: 0.3327 (0.3327)  loss_giou_dn_pre: 0.6994 (0.6994)  time: 147.8383  data: 146.5740  max mem: 5323
Epoch: [1/15]  [100/392]  eta: 0:13:14  lr: 0.000025  loss: 29.2896 (30.7303)  loss_vfl: 0.6196 (0.6748)  loss_bbox: 0.4124 (0.4628)  loss_giou: 0.6825 (0.7910)  loss_fgl: 0.9043 (0.8554)  loss_vfl_aux_0: 0.9282 (1.0643)  loss_bbox_aux_0: 0.6277 (0.6373)  loss_giou_aux_0: 0.8547 (0.9764)  loss_fgl_aux_0: 0.9215 (0.9147)  loss_ddf_aux_0: 0.2184 (0.2756)  loss_vfl_aux_1: 0.8081 (0.8742)  loss_bbox_aux_1: 0.4304 (0.4936)  loss_giou_aux_1: 0.7204 (0.8248)  loss_fgl_aux_1: 0.8998 (0.8595)  loss_ddf_aux_1: 0.0241 (0.0401)  loss_vfl_aux_2: 0.6147 (0.7388)  loss_bbox_aux_2: 0.4151 (0.4645)  loss_giou_aux_2: 0.6876 (0.7945)  loss_fgl_aux_2: 0.9038 (0.8543)  loss_ddf_aux_2: 0.0003 (0.0012)  loss_vfl_pre: 0.9194 (1.0332)  loss_bbox_pre: 0.6483 (0.6464)  loss_giou_pre: 0.8718 (0.9712)  loss_vfl_enc_0: 0.8267 (0.7933)  loss_bbox_enc_0: 1.1335 (1.3630)  loss_giou_enc_0: 1.3046 (1.4530)  loss_vfl_dn_0: 0.5142 (0.5351)  loss_bbox_dn_0: 0.4406 (0.4556)  loss_giou_dn_0: 0.6914 (0.6676)  loss_fgl_dn_0: 1.1414 (1.1232)  loss_ddf_dn_0: 0.4159 (0.4556)  loss_vfl_dn_1: 0.5024 (0.4989)  loss_bbox_dn_1: 0.3250 (0.3311)  loss_giou_dn_1: 0.5224 (0.5171)  loss_fgl_dn_1: 1.0231 (1.0193)  loss_ddf_dn_1: 0.0555 (0.0634)  loss_vfl_dn_2: 0.4697 (0.4604)  loss_bbox_dn_2: 0.2984 (0.3144)  loss_giou_dn_2: 0.4813 (0.4936)  loss_fgl_dn_2: 1.0126 (1.0064)  loss_ddf_dn_2: 0.0031 (0.0039)  loss_vfl_dn_3: 0.4490 (0.4474)  loss_bbox_dn_3: 0.2997 (0.3141)  loss_giou_dn_3: 0.4810 (0.4925)  loss_fgl_dn_3: 1.0143 (1.0070)  loss_ddf_dn_3: 0.0000 (0.0000)  loss_vfl_dn_pre: 0.5034 (0.5324)  loss_bbox_dn_pre: 0.4567 (0.4643)  loss_giou_dn_pre: 0.6931 (0.6692)  time: 1.2289  data: 0.0608  max mem: 5323
Epoch: [1/15]  [200/392]  eta: 0:06:23  lr: 0.000025  loss: 30.0454 (30.0533)  loss_vfl: 0.7461 (0.7413)  loss_bbox: 0.2882 (0.3921)  loss_giou: 0.5497 (0.7069)  loss_fgl: 0.9509 (0.9047)  loss_vfl_aux_0: 1.1074 (1.1307)  loss_bbox_aux_0: 0.4463 (0.5417)  loss_giou_aux_0: 0.7760 (0.8855)  loss_fgl_aux_0: 1.0522 (0.9642)  loss_ddf_aux_0: 0.1905 (0.2526)  loss_vfl_aux_1: 0.9058 (0.9235)  loss_bbox_aux_1: 0.3329 (0.4178)  loss_giou_aux_1: 0.6038 (0.7399)  loss_fgl_aux_1: 0.9611 (0.9092)  loss_ddf_aux_1: 0.0242 (0.0356)  loss_vfl_aux_2: 0.7695 (0.7855)  loss_bbox_aux_2: 0.2944 (0.3934)  loss_giou_aux_2: 0.5629 (0.7108)  loss_fgl_aux_2: 0.9509 (0.9034)  loss_ddf_aux_2: 0.0009 (0.0013)  loss_vfl_pre: 1.0723 (1.0943)  loss_bbox_pre: 0.4614 (0.5492)  loss_giou_pre: 0.7556 (0.8809)  loss_vfl_enc_0: 1.0967 (0.9350)  loss_bbox_enc_0: 0.9807 (1.1481)  loss_giou_enc_0: 1.1123 (1.3087)  loss_vfl_dn_0: 0.4978 (0.5343)  loss_bbox_dn_0: 0.4536 (0.4436)  loss_giou_dn_0: 0.6747 (0.6569)  loss_fgl_dn_0: 1.1368 (1.1310)  loss_ddf_dn_0: 0.3637 (0.4493)  loss_vfl_dn_1: 0.4795 (0.5018)  loss_bbox_dn_1: 0.3328 (0.3221)  loss_giou_dn_1: 0.5137 (0.5071)  loss_fgl_dn_1: 1.0441 (1.0283)  loss_ddf_dn_1: 0.0543 (0.0641)  loss_vfl_dn_2: 0.4475 (0.4616)  loss_bbox_dn_2: 0.3084 (0.3025)  loss_giou_dn_2: 0.4957 (0.4831)  loss_fgl_dn_2: 1.0293 (1.0145)  loss_ddf_dn_2: 0.0038 (0.0046)  loss_vfl_dn_3: 0.4382 (0.4525)  loss_bbox_dn_3: 0.3060 (0.3017)  loss_giou_dn_3: 0.4958 (0.4820)  loss_fgl_dn_3: 1.0295 (1.0151)  loss_ddf_dn_3: 0.0000 (0.0000)  loss_vfl_dn_pre: 0.4983 (0.5305)  loss_bbox_dn_pre: 0.4640 (0.4523)  loss_giou_dn_pre: 0.6730 (0.6579)  time: 1.2007  data: 0.0026  max mem: 5323
Epoch: [1/15]  [300/392]  eta: 0:02:42  lr: 0.000025  loss: 26.8239 (29.3889)  loss_vfl: 0.6719 (0.7517)  loss_bbox: 0.2097 (0.3479)  loss_giou: 0.4127 (0.6376)  loss_fgl: 1.0124 (0.9351)  loss_vfl_aux_0: 1.2344 (1.1942)  loss_bbox_aux_0: 0.2887 (0.4839)  loss_giou_aux_0: 0.5702 (0.8038)  loss_fgl_aux_0: 1.1205 (1.0077)  loss_ddf_aux_0: 0.1849 (0.2367)  loss_vfl_aux_1: 0.9204 (0.9477)  loss_bbox_aux_1: 0.2254 (0.3699)  loss_giou_aux_1: 0.4343 (0.6669)  loss_fgl_aux_1: 1.0315 (0.9419)  loss_ddf_aux_1: 0.0266 (0.0330)  loss_vfl_aux_2: 0.9019 (0.8036)  loss_bbox_aux_2: 0.2138 (0.3492)  loss_giou_aux_2: 0.4129 (0.6409)  loss_fgl_aux_2: 1.0115 (0.9340)  loss_ddf_aux_2: 0.0012 (0.0014)  loss_vfl_pre: 1.1963 (1.1558)  loss_bbox_pre: 0.2855 (0.4898)  loss_giou_pre: 0.5712 (0.8000)  loss_vfl_enc_0: 1.2324 (1.0280)  loss_bbox_enc_0: 0.6986 (1.0334)  loss_giou_enc_0: 0.9672 (1.2153)  loss_vfl_dn_0: 0.5366 (0.5353)  loss_bbox_dn_0: 0.3120 (0.4233)  loss_giou_dn_0: 0.5642 (0.6351)  loss_fgl_dn_0: 1.1761 (1.1411)  loss_ddf_dn_0: 0.4104 (0.4358)  loss_vfl_dn_1: 0.4788 (0.4966)  loss_bbox_dn_1: 0.1855 (0.3023)  loss_giou_dn_1: 0.3967 (0.4834)  loss_fgl_dn_1: 1.0762 (1.0330)  loss_ddf_dn_1: 0.0607 (0.0637)  loss_vfl_dn_2: 0.4553 (0.4576)  loss_bbox_dn_2: 0.1710 (0.2832)  loss_giou_dn_2: 0.3677 (0.4595)  loss_fgl_dn_2: 1.0514 (1.0180)  loss_ddf_dn_2: 0.0050 (0.0047)  loss_vfl_dn_3: 0.4312 (0.4488)  loss_bbox_dn_3: 0.1668 (0.2820)  loss_giou_dn_3: 0.3640 (0.4582)  loss_fgl_dn_3: 1.0514 (1.0187)  loss_ddf_dn_3: 0.0000 (0.0000)  loss_vfl_dn_pre: 0.5327 (0.5308)  loss_bbox_dn_pre: 0.3379 (0.4325)  loss_giou_dn_pre: 0.5619 (0.6359)  time: 1.1694  data: 0.0024  max mem: 5323
Epoch: [1/15]  [391/392]  eta: 0:00:01  lr: 0.000025  loss: 28.3733 (29.0670)  loss_vfl: 0.6294 (0.7493)  loss_bbox: 0.2681 (0.3343)  loss_giou: 0.5342 (0.6032)  loss_fgl: 1.0338 (0.9532)  loss_vfl_aux_0: 1.1465 (1.2091)  loss_bbox_aux_0: 0.4031 (0.4627)  loss_giou_aux_0: 0.6559 (0.7577)  loss_fgl_aux_0: 1.0748 (1.0329)  loss_ddf_aux_0: 0.2146 (0.2362)  loss_vfl_aux_1: 0.8853 (0.9490)  loss_bbox_aux_1: 0.2913 (0.3549)  loss_giou_aux_1: 0.5535 (0.6301)  loss_fgl_aux_1: 1.0421 (0.9623)  loss_ddf_aux_1: 0.0251 (0.0334)  loss_vfl_aux_2: 0.6899 (0.8041)  loss_bbox_aux_2: 0.2687 (0.3353)  loss_giou_aux_2: 0.5335 (0.6058)  loss_fgl_aux_2: 1.0355 (0.9525)  loss_ddf_aux_2: 0.0004 (0.0013)  loss_vfl_pre: 1.1357 (1.1699)  loss_bbox_pre: 0.4298 (0.4687)  loss_giou_pre: 0.6523 (0.7552)  loss_vfl_enc_0: 1.0879 (1.0711)  loss_bbox_enc_0: 1.0064 (0.9955)  loss_giou_enc_0: 1.1200 (1.1697)  loss_vfl_dn_0: 0.5361 (0.5323)  loss_bbox_dn_0: 0.3604 (0.4129)  loss_giou_dn_0: 0.5700 (0.6228)  loss_fgl_dn_0: 1.1349 (1.1435)  loss_ddf_dn_0: 0.3673 (0.4349)  loss_vfl_dn_1: 0.4761 (0.4913)  loss_bbox_dn_1: 0.2503 (0.2944)  loss_giou_dn_1: 0.4255 (0.4742)  loss_fgl_dn_1: 1.0492 (1.0356)  loss_ddf_dn_1: 0.0450 (0.0649)  loss_vfl_dn_2: 0.4331 (0.4520)  loss_bbox_dn_2: 0.2341 (0.2752)  loss_giou_dn_2: 0.4053 (0.4507)  loss_fgl_dn_2: 1.0246 (1.0203)  loss_ddf_dn_2: 0.0023 (0.0047)  loss_vfl_dn_3: 0.4260 (0.4435)  loss_bbox_dn_3: 0.2322 (0.2738)  loss_giou_dn_3: 0.4038 (0.4494)  loss_fgl_dn_3: 1.0244 (1.0210)  loss_ddf_dn_3: 0.0000 (0.0000)  loss_vfl_dn_pre: 0.5308 (0.5281)  loss_bbox_dn_pre: 0.3859 (0.4211)  loss_giou_dn_pre: 0.5656 (0.6234)  time: 1.4180  data: 0.2836  max mem: 5323
Epoch: [1/15] Total time: 0:10:48 (1.6535 s / it)
Averaged stats: lr: 0.000025  loss: 28.3733 (29.0670)  loss_vfl: 0.6294 (0.7493)  loss_bbox: 0.2681 (0.3343)  loss_giou: 0.5342 (0.6032)  loss_fgl: 1.0338 (0.9532)  loss_vfl_aux_0: 1.1465 (1.2091)  loss_bbox_aux_0: 0.4031 (0.4627)  loss_giou_aux_0: 0.6559 (0.7577)  loss_fgl_aux_0: 1.0748 (1.0329)  loss_ddf_aux_0: 0.2146 (0.2362)  loss_vfl_aux_1: 0.8853 (0.9490)  loss_bbox_aux_1: 0.2913 (0.3549)  loss_giou_aux_1: 0.5535 (0.6301)  loss_fgl_aux_1: 1.0421 (0.9623)  loss_ddf_aux_1: 0.0251 (0.0334)  loss_vfl_aux_2: 0.6899 (0.8041)  loss_bbox_aux_2: 0.2687 (0.3353)  loss_giou_aux_2: 0.5335 (0.6058)  loss_fgl_aux_2: 1.0355 (0.9525)  loss_ddf_aux_2: 0.0004 (0.0013)  loss_vfl_pre: 1.1357 (1.1699)  loss_bbox_pre: 0.4298 (0.4687)  loss_giou_pre: 0.6523 (0.7552)  loss_vfl_enc_0: 1.0879 (1.0711)  loss_bbox_enc_0: 1.0064 (0.9955)  loss_giou_enc_0: 1.1200 (1.1697)  loss_vfl_dn_0: 0.5361 (0.5323)  loss_bbox_dn_0: 0.3604 (0.4129)  loss_giou_dn_0: 0.5700 (0.6228)  loss_fgl_dn_0: 1.1349 (1.1435)  loss_ddf_dn_0: 0.3673 (0.4349)  loss_vfl_dn_1: 0.4761 (0.4913)  loss_bbox_dn_1: 0.2503 (0.2944)  loss_giou_dn_1: 0.4255 (0.4742)  loss_fgl_dn_1: 1.0492 (1.0356)  loss_ddf_dn_1: 0.0450 (0.0649)  loss_vfl_dn_2: 0.4331 (0.4520)  loss_bbox_dn_2: 0.2341 (0.2752)  loss_giou_dn_2: 0.4053 (0.4507)  loss_fgl_dn_2: 1.0246 (1.0203)  loss_ddf_dn_2: 0.0023 (0.0047)  loss_vfl_dn_3: 0.4260 (0.4435)  loss_bbox_dn_3: 0.2322 (0.2738)  loss_giou_dn_3: 0.4038 (0.4494)  loss_fgl_dn_3: 1.0244 (1.0210)  loss_ddf_dn_3: 0.0000 (0.0000)  loss_vfl_dn_pre: 0.5308 (0.5281)  loss_bbox_dn_pre: 0.3859 (0.4211)  loss_giou_dn_pre: 0.5656 (0.6234)
Test:  [ 0/49]  eta: 1:32:34    time: 113.3638  data: 113.0012  max mem: 5323
Test:  [10/49]  eta: 0:06:49    time: 10.4928  data: 10.2752  max mem: 5323
Test:  [20/49]  eta: 0:02:42    time: 0.2209  data: 0.0026  max mem: 5323
Test:  [30/49]  eta: 0:01:13    time: 0.2301  data: 0.0029  max mem: 5323
Test:  [40/49]  eta: 0:00:26    time: 0.2466  data: 0.0235  max mem: 5323
Test:  [48/49]  eta: 0:00:02    time: 0.2535  data: 0.0228  max mem: 5323
Test: Total time: 0:02:06 (2.5774 s / it)
Metrics: {'f1': 0.7135416666666666, 'precision': 0.8011695906432749, 'recall': 0.6431924882629108, 'iou': 0.49341867882230506, 'TPs': 274, 'FPs': 68, 'FNs': 152}
Averaged stats: 
Accumulating evaluation results...
COCOeval_opt.accumulate() finished...
DONE (t=0.08s).
IoU metric: bbox
 Average Precision  (AP) @[ IoU=0.50:0.95 | area=   all | maxDets=100 ] = 0.333
 Average Precision  (AP) @[ IoU=0.50      | area=   all | maxDets=100 ] = 0.502
 Average Precision  (AP) @[ IoU=0.75      | area=   all | maxDets=100 ] = 0.353
 Average Precision  (AP) @[ IoU=0.50:0.95 | area= small | maxDets=100 ] = 0.000
 Average Precision  (AP) @[ IoU=0.50:0.95 | area=medium | maxDets=100 ] = 0.253
 Average Precision  (AP) @[ IoU=0.50:0.95 | area= large | maxDets=100 ] = 0.343
 Average Recall     (AR) @[ IoU=0.50:0.95 | area=   all | maxDets=  1 ] = 0.346
 Average Recall     (AR) @[ IoU=0.50:0.95 | area=   all | maxDets= 10 ] = 0.501
 Average Recall     (AR) @[ IoU=0.50:0.95 | area=   all | maxDets=100 ] = 0.566
 Average Recall     (AR) @[ IoU=0.50:0.95 | area= small | maxDets=100 ] = 0.000
 Average Recall     (AR) @[ IoU=0.50:0.95 | area=medium | maxDets=100 ] = 0.440
 Average Recall     (AR) @[ IoU=0.50:0.95 | area= large | maxDets=100 ] = 0.571
 Average Recall     (AR) @[ IoU=0.50      | area=   all | maxDets=100 ] = 0.802
 Average Recall     (AR) @[ IoU=0.75      | area=   all | maxDets=100 ] = 0.610
best_map50: epoch=1, AP50=0.502249
best_stat: {'epoch': 1, 'coco_eval_bbox': 0.33308582746231613}
Epoch: [2/15]  [  0/392]  eta: 14:31:49  lr: 0.000025  loss: 27.5465 (27.5465)  loss_vfl: 0.5166 (0.5166)  loss_bbox: 0.3868 (0.3868)  loss_giou: 0.7138 (0.7138)  loss_fgl: 0.9990 (0.9990)  loss_vfl_aux_0: 0.7417 (0.7417)  loss_bbox_aux_0: 0.4473 (0.4473)  loss_giou_aux_0: 0.8853 (0.8853)  loss_fgl_aux_0: 1.0368 (1.0368)  loss_ddf_aux_0: 0.2234 (0.2234)  loss_vfl_aux_1: 0.6704 (0.6704)  loss_bbox_aux_1: 0.4175 (0.4175)  loss_giou_aux_1: 0.7543 (0.7543)  loss_fgl_aux_1: 1.0226 (1.0226)  loss_ddf_aux_1: 0.0342 (0.0342)  loss_vfl_aux_2: 0.5493 (0.5493)  loss_bbox_aux_2: 0.3862 (0.3862)  loss_giou_aux_2: 0.7210 (0.7210)  loss_fgl_aux_2: 0.9970 (0.9970)  loss_ddf_aux_2: 0.0008 (0.0008)  loss_vfl_pre: 0.7246 (0.7246)  loss_bbox_pre: 0.4486 (0.4486)  loss_giou_pre: 0.8612 (0.8612)  loss_vfl_enc_0: 0.7798 (0.7798)  loss_bbox_enc_0: 1.2811 (1.2811)  loss_giou_enc_0: 1.3673 (1.3673)  loss_vfl_dn_0: 0.5049 (0.5049)  loss_bbox_dn_0: 0.2963 (0.2963)  loss_giou_dn_0: 0.6088 (0.6088)  loss_fgl_dn_0: 1.1484 (1.1484)  loss_ddf_dn_0: 0.3124 (0.3124)  loss_vfl_dn_1: 0.4775 (0.4775)  loss_bbox_dn_1: 0.1779 (0.1779)  loss_giou_dn_1: 0.4457 (0.4457)  loss_fgl_dn_1: 1.0658 (1.0658)  loss_ddf_dn_1: 0.0402 (0.0402)  loss_vfl_dn_2: 0.4250 (0.4250)  loss_bbox_dn_2: 0.1601 (0.1601)  loss_giou_dn_2: 0.4218 (0.4218)  loss_fgl_dn_2: 1.0444 (1.0444)  loss_ddf_dn_2: 0.0015 (0.0015)  loss_vfl_dn_3: 0.4224 (0.4224)  loss_bbox_dn_3: 0.1577 (0.1577)  loss_giou_dn_3: 0.4195 (0.4195)  loss_fgl_dn_3: 1.0439 (1.0439)  loss_ddf_dn_3: 0.0000 (0.0000)  loss_vfl_dn_pre: 0.5063 (0.5063)  loss_bbox_dn_pre: 0.2961 (0.2961)  loss_giou_dn_pre: 0.6030 (0.6030)  time: 133.4424  data: 132.3130  max mem: 5323
Epoch: [2/15]  [100/392]  eta: 0:12:24  lr: 0.000025  loss: 28.4998 (27.7056)  loss_vfl: 0.7134 (0.6929)  loss_bbox: 0.2739 (0.3009)  loss_giou: 0.5492 (0.5490)  loss_fgl: 0.9389 (0.9704)  loss_vfl_aux_0: 1.0947 (1.1362)  loss_bbox_aux_0: 0.4683 (0.4486)  loss_giou_aux_0: 0.7413 (0.6900)  loss_fgl_aux_0: 1.0685 (1.0683)  loss_ddf_aux_0: 0.2809 (0.2509)  loss_vfl_aux_1: 0.8521 (0.8876)  loss_bbox_aux_1: 0.3041 (0.3354)  loss_giou_aux_1: 0.5867 (0.5797)  loss_fgl_aux_1: 0.9303 (0.9819)  loss_ddf_aux_1: 0.0408 (0.0379)  loss_vfl_aux_2: 0.8164 (0.7325)  loss_bbox_aux_2: 0.2728 (0.3035)  loss_giou_aux_2: 0.5482 (0.5522)  loss_fgl_aux_2: 0.9355 (0.9691)  loss_ddf_aux_2: 0.0013 (0.0011)  loss_vfl_pre: 1.0459 (1.1047)  loss_bbox_pre: 0.4622 (0.4556)  loss_giou_pre: 0.7334 (0.6868)  loss_vfl_enc_0: 0.9116 (1.0645)  loss_bbox_enc_0: 1.1472 (1.0103)  loss_giou_enc_0: 1.1933 (1.1203)  loss_vfl_dn_0: 0.5469 (0.5214)  loss_bbox_dn_0: 0.3176 (0.3494)  loss_giou_dn_0: 0.5656 (0.5626)  loss_fgl_dn_0: 1.1738 (1.1658)  loss_ddf_dn_0: 0.4148 (0.4125)  loss_vfl_dn_1: 0.4875 (0.4590)  loss_bbox_dn_1: 0.2273 (0.2355)  loss_giou_dn_1: 0.4233 (0.4140)  loss_fgl_dn_1: 1.0364 (1.0486)  loss_ddf_dn_1: 0.0559 (0.0601)  loss_vfl_dn_2: 0.4309 (0.4208)  loss_bbox_dn_2: 0.1970 (0.2135)  loss_giou_dn_2: 0.3903 (0.3917)  loss_fgl_dn_2: 1.0185 (1.0307)  loss_ddf_dn_2: 0.0036 (0.0035)  loss_vfl_dn_3: 0.4192 (0.4167)  loss_bbox_dn_3: 0.1908 (0.2114)  loss_giou_dn_3: 0.3846 (0.3905)  loss_fgl_dn_3: 1.0193 (1.0309)  loss_ddf_dn_3: 0.0000 (0.0000)  loss_vfl_dn_pre: 0.5430 (0.5172)  loss_bbox_dn_pre: 0.3325 (0.3575)  loss_giou_dn_pre: 0.5627 (0.5623)  time: 1.3180  data: 0.1295  max mem: 5323
Epoch: [2/15]  [200/392]  eta: 0:06:10  lr: 0.000025  loss: 26.6838 (27.4767)  loss_vfl: 0.6138 (0.6751)  loss_bbox: 0.2156 (0.2903)  loss_giou: 0.3698 (0.5151)  loss_fgl: 1.0042 (0.9708)  loss_vfl_aux_0: 1.3652 (1.1530)  loss_bbox_aux_0: 0.3313 (0.4336)  loss_giou_aux_0: 0.5133 (0.6587)  loss_fgl_aux_0: 1.1594 (1.0821)  loss_ddf_aux_0: 0.2708 (0.2706)  loss_vfl_aux_1: 0.9087 (0.8847)  loss_bbox_aux_1: 0.2242 (0.3202)  loss_giou_aux_1: 0.4087 (0.5451)  loss_fgl_aux_1: 1.0278 (0.9859)  loss_ddf_aux_1: 0.0387 (0.0428)  loss_vfl_aux_2: 0.7373 (0.7237)  loss_bbox_aux_2: 0.2151 (0.2928)  loss_giou_aux_2: 0.3838 (0.5180)  loss_fgl_aux_2: 1.0078 (0.9700)  loss_ddf_aux_2: 0.0014 (0.0015)  loss_vfl_pre: 1.3115 (1.1196)  loss_bbox_pre: 0.3190 (0.4419)  loss_giou_pre: 0.5043 (0.6564)  loss_vfl_enc_0: 1.2734 (1.0892)  loss_bbox_enc_0: 0.7691 (1.0122)  loss_giou_enc_0: 0.8526 (1.0923)  loss_vfl_dn_0: 0.5088 (0.5144)  loss_bbox_dn_0: 0.3500 (0.3558)  loss_giou_dn_0: 0.5392 (0.5566)  loss_fgl_dn_0: 1.1712 (1.1646)  loss_ddf_dn_0: 0.5192 (0.4553)  loss_vfl_dn_1: 0.4448 (0.4475)  loss_bbox_dn_1: 0.2147 (0.2375)  loss_giou_dn_1: 0.3818 (0.4039)  loss_fgl_dn_1: 1.0026 (1.0357)  loss_ddf_dn_1: 0.0745 (0.0691)  loss_vfl_dn_2: 0.3962 (0.4106)  loss_bbox_dn_2: 0.1910 (0.2198)  loss_giou_dn_2: 0.3536 (0.3838)  loss_fgl_dn_2: 0.9855 (1.0162)  loss_ddf_dn_2: 0.0038 (0.0040)  loss_vfl_dn_3: 0.3904 (0.4052)  loss_bbox_dn_3: 0.1911 (0.2187)  loss_giou_dn_3: 0.3545 (0.3827)  loss_fgl_dn_3: 0.9859 (1.0167)  loss_ddf_dn_3: 0.0000 (0.0000)  loss_vfl_dn_pre: 0.5093 (0.5107)  loss_bbox_dn_pre: 0.3673 (0.3652)  loss_giou_dn_pre: 0.5376 (0.5571)  time: 1.2058  data: 0.0020  max mem: 5323
Epoch: [2/15]  [300/392]  eta: 0:02:36  lr: 0.000025  loss: 25.8483 (27.3234)  loss_vfl: 0.5952 (0.6766)  loss_bbox: 0.2288 (0.2848)  loss_giou: 0.3656 (0.4932)  loss_fgl: 1.0403 (0.9806)  loss_vfl_aux_0: 1.1865 (1.1475)  loss_bbox_aux_0: 0.3301 (0.4206)  loss_giou_aux_0: 0.4794 (0.6360)  loss_fgl_aux_0: 1.1444 (1.0949)  loss_ddf_aux_0: 0.2159 (0.2667)  loss_vfl_aux_1: 0.8242 (0.8773)  loss_bbox_aux_1: 0.2576 (0.3121)  loss_giou_aux_1: 0.3708 (0.5219)  loss_fgl_aux_1: 1.0344 (0.9964)  loss_ddf_aux_1: 0.0299 (0.0414)  loss_vfl_aux_2: 0.7656 (0.7253)  loss_bbox_aux_2: 0.2262 (0.2865)  loss_giou_aux_2: 0.3649 (0.4955)  loss_fgl_aux_2: 1.0367 (0.9803)  loss_ddf_aux_2: 0.0011 (0.0015)  loss_vfl_pre: 1.1641 (1.1186)  loss_bbox_pre: 0.3487 (0.4290)  loss_giou_pre: 0.4829 (0.6347)  loss_vfl_enc_0: 1.2998 (1.1116)  loss_bbox_enc_0: 0.7830 (0.9813)  loss_giou_enc_0: 0.8781 (1.0644)  loss_vfl_dn_0: 0.5044 (0.5111)  loss_bbox_dn_0: 0.3549 (0.3645)  loss_giou_dn_0: 0.5242 (0.5529)  loss_fgl_dn_0: 1.1643 (1.1672)  loss_ddf_dn_0: 0.4208 (0.4543)  loss_vfl_dn_1: 0.4258 (0.4414)  loss_bbox_dn_1: 0.2508 (0.2466)  loss_giou_dn_1: 0.3998 (0.4017)  loss_fgl_dn_1: 1.0162 (1.0359)  loss_ddf_dn_1: 0.0620 (0.0684)  loss_vfl_dn_2: 0.4104 (0.4089)  loss_bbox_dn_2: 0.2222 (0.2281)  loss_giou_dn_2: 0.3714 (0.3809)  loss_fgl_dn_2: 0.9956 (1.0167)  loss_ddf_dn_2: 0.0050 (0.0040)  loss_vfl_dn_3: 0.4048 (0.4035)  loss_bbox_dn_3: 0.2069 (0.2269)  loss_giou_dn_3: 0.3687 (0.3796)  loss_fgl_dn_3: 0.9969 (1.0171)  loss_ddf_dn_3: 0.0000 (0.0000)  loss_vfl_dn_pre: 0.5010 (0.5081)  loss_bbox_dn_pre: 0.3707 (0.3735)  loss_giou_dn_pre: 0.5058 (0.5533)  time: 1.2725  data: 0.0506  max mem: 5323
Epoch: [2/15]  [391/392]  eta: 0:00:01  lr: 0.000025  loss: 23.7153 (27.0185)  loss_vfl: 0.5503 (0.6648)  loss_bbox: 0.1535 (0.2772)  loss_giou: 0.3322 (0.4791)  loss_fgl: 0.9789 (0.9825)  loss_vfl_aux_0: 0.8828 (1.1332)  loss_bbox_aux_0: 0.2386 (0.4075)  loss_giou_aux_0: 0.4869 (0.6163)  loss_fgl_aux_0: 1.0966 (1.0989)  loss_ddf_aux_0: 0.1997 (0.2667)  loss_vfl_aux_1: 0.6616 (0.8581)  loss_bbox_aux_1: 0.1621 (0.3021)  loss_giou_aux_1: 0.3554 (0.5058)  loss_fgl_aux_1: 0.9751 (0.9978)  loss_ddf_aux_1: 0.0253 (0.0407)  loss_vfl_aux_2: 0.5708 (0.7136)  loss_bbox_aux_2: 0.1553 (0.2791)  loss_giou_aux_2: 0.3362 (0.4811)  loss_fgl_aux_2: 0.9743 (0.9820)  loss_ddf_aux_2: 0.0008 (0.0015)  loss_vfl_pre: 0.8721 (1.1061)  loss_bbox_pre: 0.2387 (0.4157)  loss_giou_pre: 0.4902 (0.6147)  loss_vfl_enc_0: 1.3447 (1.1438)  loss_bbox_enc_0: 0.5239 (0.9562)  loss_giou_enc_0: 0.7709 (1.0272)  loss_vfl_dn_0: 0.4766 (0.5078)  loss_bbox_dn_0: 0.2676 (0.3581)  loss_giou_dn_0: 0.4824 (0.5461)  loss_fgl_dn_0: 1.1763 (1.1693)  loss_ddf_dn_0: 0.3849 (0.4539)  loss_vfl_dn_1: 0.3967 (0.4359)  loss_bbox_dn_1: 0.1437 (0.2408)  loss_giou_dn_1: 0.3449 (0.3947)  loss_fgl_dn_1: 1.0319 (1.0377)  loss_ddf_dn_1: 0.0474 (0.0683)  loss_vfl_dn_2: 0.3687 (0.4043)  loss_bbox_dn_2: 0.1404 (0.2224)  loss_giou_dn_2: 0.3294 (0.3738)  loss_fgl_dn_2: 0.9982 (1.0184)  loss_ddf_dn_2: 0.0022 (0.0042)  loss_vfl_dn_3: 0.3562 (0.3987)  loss_bbox_dn_3: 0.1414 (0.2211)  loss_giou_dn_3: 0.3273 (0.3724)  loss_fgl_dn_3: 0.9977 (1.0189)  loss_ddf_dn_3: 0.0000 (0.0000)  loss_vfl_dn_pre: 0.4746 (0.5055)  loss_bbox_dn_pre: 0.2679 (0.3679)  loss_giou_dn_pre: 0.4794 (0.5467)  time: 1.3976  data: 0.3190  max mem: 5323
Epoch: [2/15] Total time: 0:10:23 (1.5907 s / it)
Averaged stats: lr: 0.000025  loss: 23.7153 (27.0185)  loss_vfl: 0.5503 (0.6648)  loss_bbox: 0.1535 (0.2772)  loss_giou: 0.3322 (0.4791)  loss_fgl: 0.9789 (0.9825)  loss_vfl_aux_0: 0.8828 (1.1332)  loss_bbox_aux_0: 0.2386 (0.4075)  loss_giou_aux_0: 0.4869 (0.6163)  loss_fgl_aux_0: 1.0966 (1.0989)  loss_ddf_aux_0: 0.1997 (0.2667)  loss_vfl_aux_1: 0.6616 (0.8581)  loss_bbox_aux_1: 0.1621 (0.3021)  loss_giou_aux_1: 0.3554 (0.5058)  loss_fgl_aux_1: 0.9751 (0.9978)  loss_ddf_aux_1: 0.0253 (0.0407)  loss_vfl_aux_2: 0.5708 (0.7136)  loss_bbox_aux_2: 0.1553 (0.2791)  loss_giou_aux_2: 0.3362 (0.4811)  loss_fgl_aux_2: 0.9743 (0.9820)  loss_ddf_aux_2: 0.0008 (0.0015)  loss_vfl_pre: 0.8721 (1.1061)  loss_bbox_pre: 0.2387 (0.4157)  loss_giou_pre: 0.4902 (0.6147)  loss_vfl_enc_0: 1.3447 (1.1438)  loss_bbox_enc_0: 0.5239 (0.9562)  loss_giou_enc_0: 0.7709 (1.0272)  loss_vfl_dn_0: 0.4766 (0.5078)  loss_bbox_dn_0: 0.2676 (0.3581)  loss_giou_dn_0: 0.4824 (0.5461)  loss_fgl_dn_0: 1.1763 (1.1693)  loss_ddf_dn_0: 0.3849 (0.4539)  loss_vfl_dn_1: 0.3967 (0.4359)  loss_bbox_dn_1: 0.1437 (0.2408)  loss_giou_dn_1: 0.3449 (0.3947)  loss_fgl_dn_1: 1.0319 (1.0377)  loss_ddf_dn_1: 0.0474 (0.0683)  loss_vfl_dn_2: 0.3687 (0.4043)  loss_bbox_dn_2: 0.1404 (0.2224)  loss_giou_dn_2: 0.3294 (0.3738)  loss_fgl_dn_2: 0.9982 (1.0184)  loss_ddf_dn_2: 0.0022 (0.0042)  loss_vfl_dn_3: 0.3562 (0.3987)  loss_bbox_dn_3: 0.1414 (0.2211)  loss_giou_dn_3: 0.3273 (0.3724)  loss_fgl_dn_3: 0.9977 (1.0189)  loss_ddf_dn_3: 0.0000 (0.0000)  loss_vfl_dn_pre: 0.4746 (0.5055)  loss_bbox_dn_pre: 0.2679 (0.3679)  loss_giou_dn_pre: 0.4794 (0.5467)
Test:  [ 0/49]  eta: 1:30:47    time: 111.1770  data: 110.8299  max mem: 5323
Test:  [10/49]  eta: 0:06:40    time: 10.2773  data: 10.0774  max mem: 5323
Test:  [20/49]  eta: 0:02:38    time: 0.1865  data: 0.0022  max mem: 5323
Test:  [30/49]  eta: 0:01:11    time: 0.2092  data: 0.0092  max mem: 5323
Test:  [40/49]  eta: 0:00:26    time: 0.2281  data: 0.0236  max mem: 5323
Test:  [48/49]  eta: 0:00:02    time: 0.2197  data: 0.0162  max mem: 5323
Test: Total time: 0:02:02 (2.5018 s / it)
Metrics: {'f1': 0.8106734434561627, 'precision': 0.8836565096952909, 'recall': 0.7488262910798122, 'iou': 0.603945570369052, 'TPs': 319, 'FPs': 42, 'FNs': 107}
Averaged stats: 
Accumulating evaluation results...
COCOeval_opt.accumulate() finished...
DONE (t=0.09s).
IoU metric: bbox
 Average Precision  (AP) @[ IoU=0.50:0.95 | area=   all | maxDets=100 ] = 0.457
 Average Precision  (AP) @[ IoU=0.50      | area=   all | maxDets=100 ] = 0.663
 Average Precision  (AP) @[ IoU=0.75      | area=   all | maxDets=100 ] = 0.504
 Average Precision  (AP) @[ IoU=0.50:0.95 | area= small | maxDets=100 ] = 0.025
 Average Precision  (AP) @[ IoU=0.50:0.95 | area=medium | maxDets=100 ] = 0.391
 Average Precision  (AP) @[ IoU=0.50:0.95 | area= large | maxDets=100 ] = 0.455
 Average Recall     (AR) @[ IoU=0.50:0.95 | area=   all | maxDets=  1 ] = 0.418
 Average Recall     (AR) @[ IoU=0.50:0.95 | area=   all | maxDets= 10 ] = 0.586
 Average Recall     (AR) @[ IoU=0.50:0.95 | area=   all | maxDets=100 ] = 0.654
 Average Recall     (AR) @[ IoU=0.50:0.95 | area= small | maxDets=100 ] = 0.100
 Average Recall     (AR) @[ IoU=0.50:0.95 | area=medium | maxDets=100 ] = 0.615
 Average Recall     (AR) @[ IoU=0.50:0.95 | area= large | maxDets=100 ] = 0.652
 Average Recall     (AR) @[ IoU=0.50      | area=   all | maxDets=100 ] = 0.911
 Average Recall     (AR) @[ IoU=0.75      | area=   all | maxDets=100 ] = 0.705
best_map50: epoch=2, AP50=0.662872
best_stat: {'epoch': 2, 'coco_eval_bbox': 0.45673940418785486}
Epoch: [3/15]  [  0/392]  eta: 12:53:39  lr: 0.000025  loss: 22.9173 (22.9173)  loss_vfl: 0.6118 (0.6118)  loss_bbox: 0.0871 (0.0871)  loss_giou: 0.4355 (0.4355)  loss_fgl: 1.0468 (1.0468)  loss_vfl_aux_0: 0.7812 (0.7812)  loss_bbox_aux_0: 0.0999 (0.0999)  loss_giou_aux_0: 0.5231 (0.5231)  loss_fgl_aux_0: 1.0884 (1.0884)  loss_ddf_aux_0: 0.1548 (0.1548)  loss_vfl_aux_1: 0.6494 (0.6494)  loss_bbox_aux_1: 0.0911 (0.0911)  loss_giou_aux_1: 0.4708 (0.4708)  loss_fgl_aux_1: 1.0455 (1.0455)  loss_ddf_aux_1: 0.0220 (0.0220)  loss_vfl_aux_2: 0.6284 (0.6284)  loss_bbox_aux_2: 0.0867 (0.0867)  loss_giou_aux_2: 0.4429 (0.4429)  loss_fgl_aux_2: 1.0426 (1.0426)  loss_ddf_aux_2: 0.0008 (0.0008)  loss_vfl_pre: 0.7681 (0.7681)  loss_bbox_pre: 0.1008 (0.1008)  loss_giou_pre: 0.5287 (0.5287)  loss_vfl_enc_0: 1.2539 (1.2539)  loss_bbox_enc_0: 0.1534 (0.1534)  loss_giou_enc_0: 0.7056 (0.7056)  loss_vfl_dn_0: 0.5176 (0.5176)  loss_bbox_dn_0: 0.2023 (0.2023)  loss_giou_dn_0: 0.6044 (0.6044)  loss_fgl_dn_0: 1.1558 (1.1558)  loss_ddf_dn_0: 0.2853 (0.2853)  loss_vfl_dn_1: 0.4392 (0.4392)  loss_bbox_dn_1: 0.1037 (0.1037)  loss_giou_dn_1: 0.4467 (0.4467)  loss_fgl_dn_1: 1.0548 (1.0548)  loss_ddf_dn_1: 0.0383 (0.0383)  loss_vfl_dn_2: 0.4238 (0.4238)  loss_bbox_dn_2: 0.0922 (0.0922)  loss_giou_dn_2: 0.4125 (0.4125)  loss_fgl_dn_2: 1.0287 (1.0287)  loss_ddf_dn_2: 0.0029 (0.0029)  loss_vfl_dn_3: 0.4180 (0.4180)  loss_bbox_dn_3: 0.0925 (0.0925)  loss_giou_dn_3: 0.4170 (0.4170)  loss_fgl_dn_3: 1.0260 (1.0260)  loss_ddf_dn_3: 0.0000 (0.0000)  loss_vfl_dn_pre: 0.5176 (0.5176)  loss_bbox_dn_pre: 0.2168 (0.2168)  loss_giou_dn_pre: 0.6021 (0.6021)  time: 118.4163  data: 116.9046  max mem: 5323
Epoch: [3/15]  [100/392]  eta: 0:11:43  lr: 0.000025  loss: 23.2087 (24.2060)  loss_vfl: 0.5063 (0.6037)  loss_bbox: 0.1828 (0.2337)  loss_giou: 0.4125 (0.4354)  loss_fgl: 1.0260 (1.0162)  loss_vfl_aux_0: 0.6611 (0.7919)  loss_bbox_aux_0: 0.2558 (0.2867)  loss_giou_aux_0: 0.4634 (0.5078)  loss_fgl_aux_0: 1.1020 (1.0969)  loss_ddf_aux_0: 0.1755 (0.1790)  loss_vfl_aux_1: 0.6045 (0.6836)  loss_bbox_aux_1: 0.1986 (0.2392)  loss_giou_aux_1: 0.4132 (0.4460)  loss_fgl_aux_1: 1.0281 (1.0234)  loss_ddf_aux_1: 0.0184 (0.0230)  loss_vfl_aux_2: 0.5264 (0.6420)  loss_bbox_aux_2: 0.1839 (0.2343)  loss_giou_aux_2: 0.4066 (0.4366)  loss_fgl_aux_2: 1.0314 (1.0156)  loss_ddf_aux_2: 0.0007 (0.0011)  loss_vfl_pre: 0.6772 (0.7891)  loss_bbox_pre: 0.2580 (0.2849)  loss_giou_pre: 0.4874 (0.5057)  loss_vfl_enc_0: 0.8682 (1.0406)  loss_bbox_enc_0: 0.4474 (0.5137)  loss_giou_enc_0: 0.6383 (0.6925)  loss_vfl_dn_0: 0.4956 (0.5035)  loss_bbox_dn_0: 0.3262 (0.3636)  loss_giou_dn_0: 0.5127 (0.5171)  loss_fgl_dn_0: 1.1889 (1.1831)  loss_ddf_dn_0: 0.3880 (0.3983)  loss_vfl_dn_1: 0.4141 (0.4150)  loss_bbox_dn_1: 0.1946 (0.2462)  loss_giou_dn_1: 0.3734 (0.3733)  loss_fgl_dn_1: 1.0838 (1.0495)  loss_ddf_dn_1: 0.0586 (0.0567)  loss_vfl_dn_2: 0.3835 (0.3869)  loss_bbox_dn_2: 0.1686 (0.2279)  loss_giou_dn_2: 0.3563 (0.3540)  loss_fgl_dn_2: 1.0377 (1.0269)  loss_ddf_dn_2: 0.0033 (0.0040)  loss_vfl_dn_3: 0.3704 (0.3818)  loss_bbox_dn_3: 0.1643 (0.2272)  loss_giou_dn_3: 0.3620 (0.3532)  loss_fgl_dn_3: 1.0386 (1.0278)  loss_ddf_dn_3: 0.0000 (0.0000)  loss_vfl_dn_pre: 0.4924 (0.5013)  loss_bbox_dn_pre: 0.3266 (0.3703)  loss_giou_dn_pre: 0.5164 (0.5159)  time: 1.4540  data: 0.3081  max mem: 5323
Epoch: [3/15]  [200/392]  eta: 0:05:58  lr: 0.000025  loss: 23.5147 (23.7853)  loss_vfl: 0.5923 (0.6103)  loss_bbox: 0.1665 (0.2207)  loss_giou: 0.4034 (0.4285)  loss_fgl: 1.0263 (1.0304)  loss_vfl_aux_0: 0.7544 (0.7617)  loss_bbox_aux_0: 0.1909 (0.2724)  loss_giou_aux_0: 0.4656 (0.4987)  loss_fgl_aux_0: 1.1352 (1.1097)  loss_ddf_aux_0: 0.0973 (0.1580)  loss_vfl_aux_1: 0.7881 (0.6769)  loss_bbox_aux_1: 0.1887 (0.2285)  loss_giou_aux_1: 0.4019 (0.4427)  loss_fgl_aux_1: 1.0432 (1.0407)  loss_ddf_aux_1: 0.0138 (0.0201)  loss_vfl_aux_2: 0.6206 (0.6314)  loss_bbox_aux_2: 0.1660 (0.2210)  loss_giou_aux_2: 0.4037 (0.4293)  loss_fgl_aux_2: 1.0259 (1.0300)  loss_ddf_aux_2: 0.0005 (0.0008)  loss_vfl_pre: 0.7461 (0.7566)  loss_bbox_pre: 0.1951 (0.2716)  loss_giou_pre: 0.4683 (0.4975)  loss_vfl_enc_0: 0.7563 (0.9405)  loss_bbox_enc_0: 0.3400 (0.4670)  loss_giou_enc_0: 0.6076 (0.6707)  loss_vfl_dn_0: 0.4937 (0.4995)  loss_bbox_dn_0: 0.2472 (0.3454)  loss_giou_dn_0: 0.5027 (0.5128)  loss_fgl_dn_0: 1.1844 (1.1787)  loss_ddf_dn_0: 0.3478 (0.3872)  loss_vfl_dn_1: 0.4209 (0.4130)  loss_bbox_dn_1: 0.1681 (0.2366)  loss_giou_dn_1: 0.3425 (0.3711)  loss_fgl_dn_1: 1.0708 (1.0465)  loss_ddf_dn_1: 0.0551 (0.0578)  loss_vfl_dn_2: 0.3838 (0.3860)  loss_bbox_dn_2: 0.1532 (0.2191)  loss_giou_dn_2: 0.3153 (0.3506)  loss_fgl_dn_2: 1.0560 (1.0244)  loss_ddf_dn_2: 0.0024 (0.0034)  loss_vfl_dn_3: 0.3804 (0.3816)  loss_bbox_dn_3: 0.1524 (0.2182)  loss_giou_dn_3: 0.3156 (0.3497)  loss_fgl_dn_3: 1.0562 (1.0250)  loss_ddf_dn_3: 0.0000 (0.0000)  loss_vfl_dn_pre: 0.4954 (0.4977)  loss_bbox_dn_pre: 0.2562 (0.3533)  loss_giou_dn_pre: 0.5047 (0.5120)  time: 1.1999  data: 0.0023  max mem: 5323
Epoch: [3/15]  [300/392]  eta: 0:02:39  lr: 0.000025  loss: 22.4616 (23.4829)  loss_vfl: 0.5161 (0.6064)  loss_bbox: 0.1870 (0.2161)  loss_giou: 0.3516 (0.4216)  loss_fgl: 1.0073 (1.0338)  loss_vfl_aux_0: 0.6255 (0.7467)  loss_bbox_aux_0: 0.2148 (0.2646)  loss_giou_aux_0: 0.4153 (0.4861)  loss_fgl_aux_0: 1.1015 (1.1113)  loss_ddf_aux_0: 0.0842 (0.1416)  loss_vfl_aux_1: 0.6079 (0.6730)  loss_bbox_aux_1: 0.1852 (0.2225)  loss_giou_aux_1: 0.3649 (0.4341)  loss_fgl_aux_1: 1.0222 (1.0436)  loss_ddf_aux_1: 0.0117 (0.0182)  loss_vfl_aux_2: 0.5581 (0.6218)  loss_bbox_aux_2: 0.1910 (0.2162)  loss_giou_aux_2: 0.3476 (0.4221)  loss_fgl_aux_2: 1.0084 (1.0335)  loss_ddf_aux_2: 0.0006 (0.0007)  loss_vfl_pre: 0.6138 (0.7407)  loss_bbox_pre: 0.2020 (0.2636)  loss_giou_pre: 0.4008 (0.4843)  loss_vfl_enc_0: 0.8091 (0.9066)  loss_bbox_enc_0: 0.3403 (0.4389)  loss_giou_enc_0: 0.4810 (0.6418)  loss_vfl_dn_0: 0.4661 (0.4968)  loss_bbox_dn_0: 0.2812 (0.3348)  loss_giou_dn_0: 0.4664 (0.5065)  loss_fgl_dn_0: 1.1539 (1.1748)  loss_ddf_dn_0: 0.3525 (0.3923)  loss_vfl_dn_1: 0.3831 (0.4102)  loss_bbox_dn_1: 0.1938 (0.2307)  loss_giou_dn_1: 0.3473 (0.3676)  loss_fgl_dn_1: 1.0347 (1.0434)  loss_ddf_dn_1: 0.0641 (0.0606)  loss_vfl_dn_2: 0.3577 (0.3842)  loss_bbox_dn_2: 0.1724 (0.2136)  loss_giou_dn_2: 0.3188 (0.3477)  loss_fgl_dn_2: 1.0121 (1.0215)  loss_ddf_dn_2: 0.0040 (0.0035)  loss_vfl_dn_3: 0.3467 (0.3793)  loss_bbox_dn_3: 0.1706 (0.2127)  loss_giou_dn_3: 0.3204 (0.3467)  loss_fgl_dn_3: 1.0108 (1.0219)  loss_ddf_dn_3: 0.0000 (0.0000)  loss_vfl_dn_pre: 0.4658 (0.4950)  loss_bbox_dn_pre: 0.2953 (0.3435)  loss_giou_dn_pre: 0.4810 (0.5062)  time: 1.4202  data: 0.1948  max mem: 5323
Epoch: [3/15]  [391/392]  eta: 0:00:01  lr: 0.000025  loss: 22.1576 (23.1884)  loss_vfl: 0.5464 (0.5959)  loss_bbox: 0.1889 (0.2123)  loss_giou: 0.3916 (0.4136)  loss_fgl: 1.0389 (1.0335)  loss_vfl_aux_0: 0.6782 (0.7331)  loss_bbox_aux_0: 0.2484 (0.2601)  loss_giou_aux_0: 0.4408 (0.4744)  loss_fgl_aux_0: 1.1312 (1.1124)  loss_ddf_aux_0: 0.0833 (0.1332)  loss_vfl_aux_1: 0.4888 (0.6550)  loss_bbox_aux_1: 0.1940 (0.2187)  loss_giou_aux_1: 0.3841 (0.4248)  loss_fgl_aux_1: 1.0409 (1.0433)  loss_ddf_aux_1: 0.0116 (0.0169)  loss_vfl_aux_2: 0.5581 (0.6085)  loss_bbox_aux_2: 0.1883 (0.2124)  loss_giou_aux_2: 0.3918 (0.4141)  loss_fgl_aux_2: 1.0393 (1.0330)  loss_ddf_aux_2: 0.0003 (0.0007)  loss_vfl_pre: 0.6870 (0.7274)  loss_bbox_pre: 0.2525 (0.2610)  loss_giou_pre: 0.4495 (0.4728)  loss_vfl_enc_0: 0.7461 (0.8820)  loss_bbox_enc_0: 0.3887 (0.4296)  loss_giou_enc_0: 0.5512 (0.6210)  loss_vfl_dn_0: 0.4724 (0.4936)  loss_bbox_dn_0: 0.2605 (0.3256)  loss_giou_dn_0: 0.4781 (0.4987)  loss_fgl_dn_0: 1.1762 (1.1728)  loss_ddf_dn_0: 0.3603 (0.3960)  loss_vfl_dn_1: 0.3977 (0.4053)  loss_bbox_dn_1: 0.1619 (0.2235)  loss_giou_dn_1: 0.3184 (0.3618)  loss_fgl_dn_1: 1.0218 (1.0392)  loss_ddf_dn_1: 0.0516 (0.0606)  loss_vfl_dn_2: 0.3694 (0.3798)  loss_bbox_dn_2: 0.1561 (0.2079)  loss_giou_dn_2: 0.3169 (0.3432)  loss_fgl_dn_2: 1.0032 (1.0183)  loss_ddf_dn_2: 0.0021 (0.0033)  loss_vfl_dn_3: 0.3691 (0.3757)  loss_bbox_dn_3: 0.1589 (0.2070)  loss_giou_dn_3: 0.3175 (0.3424)  loss_fgl_dn_3: 1.0020 (1.0187)  loss_ddf_dn_3: 0.0000 (0.0000)  loss_vfl_dn_pre: 0.4790 (0.4919)  loss_bbox_dn_pre: 0.2661 (0.3346)  loss_giou_dn_pre: 0.4685 (0.4985)  time: 1.3394  data: 0.2029  max mem: 5323
Epoch: [3/15] Total time: 0:10:26 (1.5972 s / it)
Averaged stats: lr: 0.000025  loss: 22.1576 (23.1884)  loss_vfl: 0.5464 (0.5959)  loss_bbox: 0.1889 (0.2123)  loss_giou: 0.3916 (0.4136)  loss_fgl: 1.0389 (1.0335)  loss_vfl_aux_0: 0.6782 (0.7331)  loss_bbox_aux_0: 0.2484 (0.2601)  loss_giou_aux_0: 0.4408 (0.4744)  loss_fgl_aux_0: 1.1312 (1.1124)  loss_ddf_aux_0: 0.0833 (0.1332)  loss_vfl_aux_1: 0.4888 (0.6550)  loss_bbox_aux_1: 0.1940 (0.2187)  loss_giou_aux_1: 0.3841 (0.4248)  loss_fgl_aux_1: 1.0409 (1.0433)  loss_ddf_aux_1: 0.0116 (0.0169)  loss_vfl_aux_2: 0.5581 (0.6085)  loss_bbox_aux_2: 0.1883 (0.2124)  loss_giou_aux_2: 0.3918 (0.4141)  loss_fgl_aux_2: 1.0393 (1.0330)  loss_ddf_aux_2: 0.0003 (0.0007)  loss_vfl_pre: 0.6870 (0.7274)  loss_bbox_pre: 0.2525 (0.2610)  loss_giou_pre: 0.4495 (0.4728)  loss_vfl_enc_0: 0.7461 (0.8820)  loss_bbox_enc_0: 0.3887 (0.4296)  loss_giou_enc_0: 0.5512 (0.6210)  loss_vfl_dn_0: 0.4724 (0.4936)  loss_bbox_dn_0: 0.2605 (0.3256)  loss_giou_dn_0: 0.4781 (0.4987)  loss_fgl_dn_0: 1.1762 (1.1728)  loss_ddf_dn_0: 0.3603 (0.3960)  loss_vfl_dn_1: 0.3977 (0.4053)  loss_bbox_dn_1: 0.1619 (0.2235)  loss_giou_dn_1: 0.3184 (0.3618)  loss_fgl_dn_1: 1.0218 (1.0392)  loss_ddf_dn_1: 0.0516 (0.0606)  loss_vfl_dn_2: 0.3694 (0.3798)  loss_bbox_dn_2: 0.1561 (0.2079)  loss_giou_dn_2: 0.3169 (0.3432)  loss_fgl_dn_2: 1.0032 (1.0183)  loss_ddf_dn_2: 0.0021 (0.0033)  loss_vfl_dn_3: 0.3691 (0.3757)  loss_bbox_dn_3: 0.1589 (0.2070)  loss_giou_dn_3: 0.3175 (0.3424)  loss_fgl_dn_3: 1.0020 (1.0187)  loss_ddf_dn_3: 0.0000 (0.0000)  loss_vfl_dn_pre: 0.4790 (0.4919)  loss_bbox_dn_pre: 0.2661 (0.3346)  loss_giou_dn_pre: 0.4685 (0.4985)
Test:  [ 0/49]  eta: 1:31:41    time: 112.2710  data: 111.9467  max mem: 5323
Test:  [10/49]  eta: 0:06:45    time: 10.3952  data: 10.1789  max mem: 5323
Test:  [20/49]  eta: 0:02:40    time: 0.2138  data: 0.0024  max mem: 5323
Test:  [30/49]  eta: 0:01:12    time: 0.2214  data: 0.0068  max mem: 5323
Test:  [40/49]  eta: 0:00:26    time: 0.2353  data: 0.0291  max mem: 5323
Test:  [48/49]  eta: 0:00:02    time: 0.2311  data: 0.0246  max mem: 5323
Test: Total time: 0:02:04 (2.5408 s / it)
Metrics: {'f1': 0.806936416184971, 'precision': 0.7949886104783599, 'recall': 0.8192488262910798, 'iou': 0.5967525750860687, 'TPs': 349, 'FPs': 90, 'FNs': 77}
Averaged stats: 
Accumulating evaluation results...
COCOeval_opt.accumulate() finished...
DONE (t=0.08s).
IoU metric: bbox
 Average Precision  (AP) @[ IoU=0.50:0.95 | area=   all | maxDets=100 ] = 0.493
 Average Precision  (AP) @[ IoU=0.50      | area=   all | maxDets=100 ] = 0.738
 Average Precision  (AP) @[ IoU=0.75      | area=   all | maxDets=100 ] = 0.522
 Average Precision  (AP) @[ IoU=0.50:0.95 | area= small | maxDets=100 ] = 0.046
 Average Precision  (AP) @[ IoU=0.50:0.95 | area=medium | maxDets=100 ] = 0.541
 Average Precision  (AP) @[ IoU=0.50:0.95 | area= large | maxDets=100 ] = 0.480
 Average Recall     (AR) @[ IoU=0.50:0.95 | area=   all | maxDets=  1 ] = 0.464
 Average Recall     (AR) @[ IoU=0.50:0.95 | area=   all | maxDets= 10 ] = 0.641
 Average Recall     (AR) @[ IoU=0.50:0.95 | area=   all | maxDets=100 ] = 0.724
 Average Recall     (AR) @[ IoU=0.50:0.95 | area= small | maxDets=100 ] = 0.233
 Average Recall     (AR) @[ IoU=0.50:0.95 | area=medium | maxDets=100 ] = 0.687
 Average Recall     (AR) @[ IoU=0.50:0.95 | area= large | maxDets=100 ] = 0.717
 Average Recall     (AR) @[ IoU=0.50      | area=   all | maxDets=100 ] = 0.959
 Average Recall     (AR) @[ IoU=0.75      | area=   all | maxDets=100 ] = 0.827
best_map50: epoch=3, AP50=0.738147
best_stat: {'epoch': 3, 'coco_eval_bbox': 0.49328826349380633}
Epoch: [4/15]  [  0/392]  eta: 12:38:22  lr: 0.000025  loss: 19.5256 (19.5256)  loss_vfl: 0.6807 (0.6807)  loss_bbox: 0.0760 (0.0760)  loss_giou: 0.2945 (0.2945)  loss_fgl: 1.1013 (1.1013)  loss_vfl_aux_0: 0.6021 (0.6021)  loss_bbox_aux_0: 0.0784 (0.0784)  loss_giou_aux_0: 0.3245 (0.3245)  loss_fgl_aux_0: 1.1711 (1.1711)  loss_ddf_aux_0: 0.0782 (0.0782)  loss_vfl_aux_1: 0.6313 (0.6313)  loss_bbox_aux_1: 0.0782 (0.0782)  loss_giou_aux_1: 0.3028 (0.3028)  loss_fgl_aux_1: 1.1048 (1.1048)  loss_ddf_aux_1: 0.0091 (0.0091)  loss_vfl_aux_2: 0.7085 (0.7085)  loss_bbox_aux_2: 0.0753 (0.0753)  loss_giou_aux_2: 0.2970 (0.2970)  loss_fgl_aux_2: 1.0984 (1.0984)  loss_ddf_aux_2: 0.0006 (0.0006)  loss_vfl_pre: 0.5947 (0.5947)  loss_bbox_pre: 0.0786 (0.0786)  loss_giou_pre: 0.3310 (0.3310)  loss_vfl_enc_0: 0.6367 (0.6367)  loss_bbox_enc_0: 0.1032 (0.1032)  loss_giou_enc_0: 0.4182 (0.4182)  loss_vfl_dn_0: 0.4507 (0.4507)  loss_bbox_dn_0: 0.1045 (0.1045)  loss_giou_dn_0: 0.3780 (0.3780)  loss_fgl_dn_0: 1.1763 (1.1763)  loss_ddf_dn_0: 0.3870 (0.3870)  loss_vfl_dn_1: 0.3513 (0.3513)  loss_bbox_dn_1: 0.0749 (0.0749)  loss_giou_dn_1: 0.2773 (0.2773)  loss_fgl_dn_1: 1.0562 (1.0562)  loss_ddf_dn_1: 0.0495 (0.0495)  loss_vfl_dn_2: 0.3325 (0.3325)  loss_bbox_dn_2: 0.0689 (0.0689)  loss_giou_dn_2: 0.2614 (0.2614)  loss_fgl_dn_2: 1.0429 (1.0429)  loss_ddf_dn_2: 0.0018 (0.0018)  loss_vfl_dn_3: 0.3293 (0.3293)  loss_bbox_dn_3: 0.0683 (0.0683)  loss_giou_dn_3: 0.2619 (0.2619)  loss_fgl_dn_3: 1.0442 (1.0442)  loss_ddf_dn_3: 0.0000 (0.0000)  loss_vfl_dn_pre: 0.4507 (0.4507)  loss_bbox_dn_pre: 0.1036 (0.1036)  loss_giou_dn_pre: 0.3793 (0.3793)  time: 116.0785  data: 114.9613  max mem: 5323
Epoch: [4/15]  [100/392]  eta: 0:11:08  lr: 0.000025  loss: 22.6983 (22.3094)  loss_vfl: 0.6470 (0.6064)  loss_bbox: 0.1807 (0.2069)  loss_giou: 0.3102 (0.3778)  loss_fgl: 1.0666 (1.0397)  loss_vfl_aux_0: 0.7476 (0.7067)  loss_bbox_aux_0: 0.2065 (0.2458)  loss_giou_aux_0: 0.3288 (0.4197)  loss_fgl_aux_0: 1.1361 (1.1148)  loss_ddf_aux_0: 0.0767 (0.0877)  loss_vfl_aux_1: 0.6494 (0.6585)  loss_bbox_aux_1: 0.1834 (0.2133)  loss_giou_aux_1: 0.3135 (0.3845)  loss_fgl_aux_1: 1.0707 (1.0523)  loss_ddf_aux_1: 0.0085 (0.0109)  loss_vfl_aux_2: 0.6265 (0.6120)  loss_bbox_aux_2: 0.1809 (0.2065)  loss_giou_aux_2: 0.3118 (0.3773)  loss_fgl_aux_2: 1.0670 (1.0398)  loss_ddf_aux_2: 0.0002 (0.0002)  loss_vfl_pre: 0.7627 (0.7050)  loss_bbox_pre: 0.2194 (0.2434)  loss_giou_pre: 0.3243 (0.4180)  loss_vfl_enc_0: 0.8423 (0.8077)  loss_bbox_enc_0: 0.3986 (0.3739)  loss_giou_enc_0: 0.4669 (0.5297)  loss_vfl_dn_0: 0.4937 (0.4845)  loss_bbox_dn_0: 0.3002 (0.3077)  loss_giou_dn_0: 0.4489 (0.4591)  loss_fgl_dn_0: 1.1533 (1.1584)  loss_ddf_dn_0: 0.3630 (0.3719)  loss_vfl_dn_1: 0.4006 (0.3906)  loss_bbox_dn_1: 0.1991 (0.2165)  loss_giou_dn_1: 0.3270 (0.3348)  loss_fgl_dn_1: 1.0246 (1.0241)  loss_ddf_dn_1: 0.0442 (0.0504)  loss_vfl_dn_2: 0.3940 (0.3709)  loss_bbox_dn_2: 0.1860 (0.2040)  loss_giou_dn_2: 0.3206 (0.3201)  loss_fgl_dn_2: 1.0232 (1.0073)  loss_ddf_dn_2: 0.0014 (0.0015)  loss_vfl_dn_3: 0.3870 (0.3698)  loss_bbox_dn_3: 0.1854 (0.2034)  loss_giou_dn_3: 0.3195 (0.3193)  loss_fgl_dn_3: 1.0241 (1.0078)  loss_ddf_dn_3: 0.0000 (0.0000)  loss_vfl_dn_pre: 0.4890 (0.4833)  loss_bbox_dn_pre: 0.3166 (0.3236)  loss_giou_dn_pre: 0.4570 (0.4617)  time: 1.0382  data: 0.0476  max mem: 5323
Epoch: [4/15]  [200/392]  eta: 0:05:29  lr: 0.000025  loss: 20.0082 (22.2328)  loss_vfl: 0.4490 (0.5842)  loss_bbox: 0.1484 (0.2086)  loss_giou: 0.3256 (0.3852)  loss_fgl: 1.0151 (1.0372)  loss_vfl_aux_0: 0.5693 (0.6808)  loss_bbox_aux_0: 0.1611 (0.2474)  loss_giou_aux_0: 0.3842 (0.4281)  loss_fgl_aux_0: 1.1157 (1.1124)  loss_ddf_aux_0: 0.0815 (0.0903)  loss_vfl_aux_1: 0.5513 (0.6406)  loss_bbox_aux_1: 0.1388 (0.2151)  loss_giou_aux_1: 0.3316 (0.3928)  loss_fgl_aux_1: 1.0397 (1.0497)  loss_ddf_aux_1: 0.0089 (0.0108)  loss_vfl_aux_2: 0.5029 (0.5916)  loss_bbox_aux_2: 0.1453 (0.2086)  loss_giou_aux_2: 0.3251 (0.3853)  loss_fgl_aux_2: 1.0125 (1.0372)  loss_ddf_aux_2: 0.0004 (0.0003)  loss_vfl_pre: 0.5898 (0.6794)  loss_bbox_pre: 0.1713 (0.2473)  loss_giou_pre: 0.3770 (0.4266)  loss_vfl_enc_0: 0.7261 (0.7842)  loss_bbox_enc_0: 0.2958 (0.3786)  loss_giou_enc_0: 0.4754 (0.5418)  loss_vfl_dn_0: 0.4666 (0.4810)  loss_bbox_dn_0: 0.2353 (0.3054)  loss_giou_dn_0: 0.4172 (0.4655)  loss_fgl_dn_0: 1.1406 (1.1592)  loss_ddf_dn_0: 0.3330 (0.3800)  loss_vfl_dn_1: 0.3467 (0.3880)  loss_bbox_dn_1: 0.1383 (0.2134)  loss_giou_dn_1: 0.2805 (0.3417)  loss_fgl_dn_1: 0.9862 (1.0220)  loss_ddf_dn_1: 0.0451 (0.0527)  loss_vfl_dn_2: 0.3210 (0.3670)  loss_bbox_dn_2: 0.1357 (0.2001)  loss_giou_dn_2: 0.2657 (0.3259)  loss_fgl_dn_2: 0.9789 (1.0051)  loss_ddf_dn_2: 0.0017 (0.0019)  loss_vfl_dn_3: 0.3235 (0.3653)  loss_bbox_dn_3: 0.1345 (0.1993)  loss_giou_dn_3: 0.2647 (0.3250)  loss_fgl_dn_3: 0.9805 (1.0055)  loss_ddf_dn_3: 0.0000 (0.0000)  loss_vfl_dn_pre: 0.4651 (0.4804)  loss_bbox_dn_pre: 0.2358 (0.3177)  loss_giou_dn_pre: 0.4186 (0.4671)  time: 1.1407  data: 0.1591  max mem: 5323
Epoch: [4/15]  [300/392]  eta: 0:02:18  lr: 0.000025  loss: 21.1536 (21.9253)  loss_vfl: 0.5156 (0.5743)  loss_bbox: 0.1586 (0.2015)  loss_giou: 0.3313 (0.3676)  loss_fgl: 1.0285 (1.0330)  loss_vfl_aux_0: 0.6123 (0.6874)  loss_bbox_aux_0: 0.1843 (0.2417)  loss_giou_aux_0: 0.3625 (0.4095)  loss_fgl_aux_0: 1.0904 (1.1085)  loss_ddf_aux_0: 0.0854 (0.0894)  loss_vfl_aux_1: 0.5654 (0.6349)  loss_bbox_aux_1: 0.1590 (0.2079)  loss_giou_aux_1: 0.3258 (0.3749)  loss_fgl_aux_1: 1.0391 (1.0443)  loss_ddf_aux_1: 0.0093 (0.0108)  loss_vfl_aux_2: 0.5376 (0.5857)  loss_bbox_aux_2: 0.1608 (0.2015)  loss_giou_aux_2: 0.3318 (0.3677)  loss_fgl_aux_2: 1.0272 (1.0328)  loss_ddf_aux_2: 0.0002 (0.0003)  loss_vfl_pre: 0.6118 (0.6818)  loss_bbox_pre: 0.1954 (0.2433)  loss_giou_pre: 0.3655 (0.4088)  loss_vfl_enc_0: 0.6987 (0.7795)  loss_bbox_enc_0: 0.3270 (0.3825)  loss_giou_enc_0: 0.4757 (0.5255)  loss_vfl_dn_0: 0.4756 (0.4766)  loss_bbox_dn_0: 0.2653 (0.2979)  loss_giou_dn_0: 0.4621 (0.4518)  loss_fgl_dn_0: 1.1616 (1.1606)  loss_ddf_dn_0: 0.4002 (0.3740)  loss_vfl_dn_1: 0.3721 (0.3822)  loss_bbox_dn_1: 0.1548 (0.2045)  loss_giou_dn_1: 0.3284 (0.3289)  loss_fgl_dn_1: 1.0360 (1.0202)  loss_ddf_dn_1: 0.0505 (0.0516)  loss_vfl_dn_2: 0.3552 (0.3613)  loss_bbox_dn_2: 0.1535 (0.1917)  loss_giou_dn_2: 0.3072 (0.3140)  loss_fgl_dn_2: 1.0211 (1.0041)  loss_ddf_dn_2: 0.0014 (0.0019)  loss_vfl_dn_3: 0.3567 (0.3593)  loss_bbox_dn_3: 0.1500 (0.1910)  loss_giou_dn_3: 0.3062 (0.3132)  loss_fgl_dn_3: 1.0223 (1.0046)  loss_ddf_dn_3: 0.0000 (0.0000)  loss_vfl_dn_pre: 0.4714 (0.4761)  loss_bbox_dn_pre: 0.2897 (0.3108)  loss_giou_dn_pre: 0.4640 (0.4538)  time: 1.0320  data: 0.0779  max mem: 5323
Epoch: [4/15]  [391/392]  eta: 0:00:01  lr: 0.000025  loss: 21.2516 (21.8438)  loss_vfl: 0.5034 (0.5702)  loss_bbox: 0.1358 (0.1961)  loss_giou: 0.3831 (0.3716)  loss_fgl: 1.0185 (1.0358)  loss_vfl_aux_0: 0.6274 (0.6770)  loss_bbox_aux_0: 0.1740 (0.2342)  loss_giou_aux_0: 0.4019 (0.4125)  loss_fgl_aux_0: 1.0958 (1.1100)  loss_ddf_aux_0: 0.0629 (0.0855)  loss_vfl_aux_1: 0.6172 (0.6261)  loss_bbox_aux_1: 0.1368 (0.2023)  loss_giou_aux_1: 0.3868 (0.3787)  loss_fgl_aux_1: 1.0208 (1.0466)  loss_ddf_aux_1: 0.0065 (0.0100)  loss_vfl_aux_2: 0.5264 (0.5823)  loss_bbox_aux_2: 0.1359 (0.1960)  loss_giou_aux_2: 0.3817 (0.3717)  loss_fgl_aux_2: 1.0215 (1.0356)  loss_ddf_aux_2: 0.0001 (0.0003)  loss_vfl_pre: 0.6226 (0.6748)  loss_bbox_pre: 0.1781 (0.2365)  loss_giou_pre: 0.4083 (0.4116)  loss_vfl_enc_0: 0.7378 (0.7690)  loss_bbox_enc_0: 0.3068 (0.3697)  loss_giou_enc_0: 0.4823 (0.5253)  loss_vfl_dn_0: 0.4592 (0.4755)  loss_bbox_dn_0: 0.2360 (0.2918)  loss_giou_dn_0: 0.4922 (0.4527)  loss_fgl_dn_0: 1.1408 (1.1602)  loss_ddf_dn_0: 0.3092 (0.3702)  loss_vfl_dn_1: 0.3865 (0.3827)  loss_bbox_dn_1: 0.1397 (0.2004)  loss_giou_dn_1: 0.3416 (0.3307)  loss_fgl_dn_1: 0.9891 (1.0218)  loss_ddf_dn_1: 0.0390 (0.0519)  loss_vfl_dn_2: 0.3667 (0.3626)  loss_bbox_dn_2: 0.1251 (0.1877)  loss_giou_dn_2: 0.3352 (0.3158)  loss_fgl_dn_2: 0.9878 (1.0058)  loss_ddf_dn_2: 0.0011 (0.0018)  loss_vfl_dn_3: 0.3640 (0.3605)  loss_bbox_dn_3: 0.1255 (0.1870)  loss_giou_dn_3: 0.3330 (0.3150)  loss_fgl_dn_3: 0.9884 (1.0062)  loss_ddf_dn_3: 0.0000 (0.0000)  loss_vfl_dn_pre: 0.4585 (0.4749)  loss_bbox_dn_pre: 0.2511 (0.3048)  loss_giou_dn_pre: 0.5002 (0.4547)  time: 1.1296  data: 0.0208  max mem: 5323
Epoch: [4/15] Total time: 0:09:37 (1.4731 s / it)
Averaged stats: lr: 0.000025  loss: 21.2516 (21.8438)  loss_vfl: 0.5034 (0.5702)  loss_bbox: 0.1358 (0.1961)  loss_giou: 0.3831 (0.3716)  loss_fgl: 1.0185 (1.0358)  loss_vfl_aux_0: 0.6274 (0.6770)  loss_bbox_aux_0: 0.1740 (0.2342)  loss_giou_aux_0: 0.4019 (0.4125)  loss_fgl_aux_0: 1.0958 (1.1100)  loss_ddf_aux_0: 0.0629 (0.0855)  loss_vfl_aux_1: 0.6172 (0.6261)  loss_bbox_aux_1: 0.1368 (0.2023)  loss_giou_aux_1: 0.3868 (0.3787)  loss_fgl_aux_1: 1.0208 (1.0466)  loss_ddf_aux_1: 0.0065 (0.0100)  loss_vfl_aux_2: 0.5264 (0.5823)  loss_bbox_aux_2: 0.1359 (0.1960)  loss_giou_aux_2: 0.3817 (0.3717)  loss_fgl_aux_2: 1.0215 (1.0356)  loss_ddf_aux_2: 0.0001 (0.0003)  loss_vfl_pre: 0.6226 (0.6748)  loss_bbox_pre: 0.1781 (0.2365)  loss_giou_pre: 0.4083 (0.4116)  loss_vfl_enc_0: 0.7378 (0.7690)  loss_bbox_enc_0: 0.3068 (0.3697)  loss_giou_enc_0: 0.4823 (0.5253)  loss_vfl_dn_0: 0.4592 (0.4755)  loss_bbox_dn_0: 0.2360 (0.2918)  loss_giou_dn_0: 0.4922 (0.4527)  loss_fgl_dn_0: 1.1408 (1.1602)  loss_ddf_dn_0: 0.3092 (0.3702)  loss_vfl_dn_1: 0.3865 (0.3827)  loss_bbox_dn_1: 0.1397 (0.2004)  loss_giou_dn_1: 0.3416 (0.3307)  loss_fgl_dn_1: 0.9891 (1.0218)  loss_ddf_dn_1: 0.0390 (0.0519)  loss_vfl_dn_2: 0.3667 (0.3626)  loss_bbox_dn_2: 0.1251 (0.1877)  loss_giou_dn_2: 0.3352 (0.3158)  loss_fgl_dn_2: 0.9878 (1.0058)  loss_ddf_dn_2: 0.0011 (0.0018)  loss_vfl_dn_3: 0.3640 (0.3605)  loss_bbox_dn_3: 0.1255 (0.1870)  loss_giou_dn_3: 0.3330 (0.3150)  loss_fgl_dn_3: 0.9884 (1.0062)  loss_ddf_dn_3: 0.0000 (0.0000)  loss_vfl_dn_pre: 0.4585 (0.4749)  loss_bbox_dn_pre: 0.2511 (0.3048)  loss_giou_dn_pre: 0.5002 (0.4547)
Test:  [ 0/49]  eta: 1:42:00    time: 124.9047  data: 124.5433  max mem: 5323
Test:  [10/49]  eta: 0:07:31    time: 11.5649  data: 11.3252  max mem: 5323
Test:  [20/49]  eta: 0:02:58    time: 0.2296  data: 0.0030  max mem: 5323
Test:  [30/49]  eta: 0:01:20    time: 0.2194  data: 0.0025  max mem: 5323
Test:  [40/49]  eta: 0:00:29    time: 0.2248  data: 0.0195  max mem: 5323
Test:  [48/49]  eta: 0:00:02    time: 0.2234  data: 0.0192  max mem: 5323
Test: Total time: 0:02:17 (2.8025 s / it)
Metrics: {'f1': 0.8671497584541062, 'precision': 0.8930348258706468, 'recall': 0.8427230046948356, 'iou': 0.67364348518823, 'TPs': 359, 'FPs': 43, 'FNs': 67}
Averaged stats: 
Accumulating evaluation results...
COCOeval_opt.accumulate() finished...
DONE (t=0.08s).
IoU metric: bbox
 Average Precision  (AP) @[ IoU=0.50:0.95 | area=   all | maxDets=100 ] = 0.532
 Average Precision  (AP) @[ IoU=0.50      | area=   all | maxDets=100 ] = 0.781
 Average Precision  (AP) @[ IoU=0.75      | area=   all | maxDets=100 ] = 0.600
 Average Precision  (AP) @[ IoU=0.50:0.95 | area= small | maxDets=100 ] = 0.150
 Average Precision  (AP) @[ IoU=0.50:0.95 | area=medium | maxDets=100 ] = 0.591
 Average Precision  (AP) @[ IoU=0.50:0.95 | area= large | maxDets=100 ] = 0.514
 Average Recall     (AR) @[ IoU=0.50:0.95 | area=   all | maxDets=  1 ] = 0.489
 Average Recall     (AR) @[ IoU=0.50:0.95 | area=   all | maxDets= 10 ] = 0.673
 Average Recall     (AR) @[ IoU=0.50:0.95 | area=   all | maxDets=100 ] = 0.750
 Average Recall     (AR) @[ IoU=0.50:0.95 | area= small | maxDets=100 ] = 0.267
 Average Recall     (AR) @[ IoU=0.50:0.95 | area=medium | maxDets=100 ] = 0.742
 Average Recall     (AR) @[ IoU=0.50:0.95 | area= large | maxDets=100 ] = 0.742
 Average Recall     (AR) @[ IoU=0.50      | area=   all | maxDets=100 ] = 0.968
 Average Recall     (AR) @[ IoU=0.75      | area=   all | maxDets=100 ] = 0.860
best_map50: epoch=4, AP50=0.781118
best_stat: {'epoch': 4, 'coco_eval_bbox': 0.5317128592099313}
Epoch: [5/15]  [  0/392]  eta: 13:19:02  lr: 0.000025  loss: 19.1855 (19.1855)  loss_vfl: 0.6187 (0.6187)  loss_bbox: 0.0877 (0.0877)  loss_giou: 0.3886 (0.3886)  loss_fgl: 0.8071 (0.8071)  loss_vfl_aux_0: 0.6670 (0.6670)  loss_bbox_aux_0: 0.0976 (0.0976)  loss_giou_aux_0: 0.4125 (0.4125)  loss_fgl_aux_0: 0.8781 (0.8781)  loss_ddf_aux_0: 0.0752 (0.0752)  loss_vfl_aux_1: 0.6084 (0.6084)  loss_bbox_aux_1: 0.0874 (0.0874)  loss_giou_aux_1: 0.3964 (0.3964)  loss_fgl_aux_1: 0.8130 (0.8130)  loss_ddf_aux_1: 0.0081 (0.0081)  loss_vfl_aux_2: 0.6206 (0.6206)  loss_bbox_aux_2: 0.0878 (0.0878)  loss_giou_aux_2: 0.3886 (0.3886)  loss_fgl_aux_2: 0.8076 (0.8076)  loss_ddf_aux_2: 0.0002 (0.0002)  loss_vfl_pre: 0.6704 (0.6704)  loss_bbox_pre: 0.0964 (0.0964)  loss_giou_pre: 0.4088 (0.4088)  loss_vfl_enc_0: 0.7300 (0.7300)  loss_bbox_enc_0: 0.1933 (0.1933)  loss_giou_enc_0: 0.5269 (0.5269)  loss_vfl_dn_0: 0.4126 (0.4126)  loss_bbox_dn_0: 0.1651 (0.1651)  loss_giou_dn_0: 0.5352 (0.5352)  loss_fgl_dn_0: 1.0187 (1.0187)  loss_ddf_dn_0: 0.5223 (0.5223)  loss_vfl_dn_1: 0.3154 (0.3154)  loss_bbox_dn_1: 0.0817 (0.0817)  loss_giou_dn_1: 0.4040 (0.4040)  loss_fgl_dn_1: 0.8675 (0.8675)  loss_ddf_dn_1: 0.0742 (0.0742)  loss_vfl_dn_2: 0.2910 (0.2910)  loss_bbox_dn_2: 0.0737 (0.0737)  loss_giou_dn_2: 0.3943 (0.3943)  loss_fgl_dn_2: 0.8484 (0.8484)  loss_ddf_dn_2: 0.0022 (0.0022)  loss_vfl_dn_3: 0.2849 (0.2849)  loss_bbox_dn_3: 0.0735 (0.0735)  loss_giou_dn_3: 0.3950 (0.3950)  loss_fgl_dn_3: 0.8477 (0.8477)  loss_ddf_dn_3: 0.0000 (0.0000)  loss_vfl_dn_pre: 0.4138 (0.4138)  loss_bbox_dn_pre: 0.1590 (0.1590)  loss_giou_dn_pre: 0.5291 (0.5291)  time: 122.3022  data: 121.1193  max mem: 5323
Epoch: [5/15]  [100/392]  eta: 0:11:40  lr: 0.000025  loss: 21.3597 (21.4856)  loss_vfl: 0.5151 (0.5477)  loss_bbox: 0.1769 (0.1969)  loss_giou: 0.3089 (0.3594)  loss_fgl: 1.0161 (1.0251)  loss_vfl_aux_0: 0.6553 (0.6601)  loss_bbox_aux_0: 0.1878 (0.2351)  loss_giou_aux_0: 0.3581 (0.4020)  loss_fgl_aux_0: 1.1023 (1.0948)  loss_ddf_aux_0: 0.0783 (0.0888)  loss_vfl_aux_1: 0.5791 (0.5838)  loss_bbox_aux_1: 0.1709 (0.2042)  loss_giou_aux_1: 0.3335 (0.3670)  loss_fgl_aux_1: 1.0146 (1.0345)  loss_ddf_aux_1: 0.0088 (0.0107)  loss_vfl_aux_2: 0.5708 (0.5508)  loss_bbox_aux_2: 0.1769 (0.1973)  loss_giou_aux_2: 0.3080 (0.3595)  loss_fgl_aux_2: 1.0165 (1.0252)  loss_ddf_aux_2: 0.0003 (0.0003)  loss_vfl_pre: 0.6650 (0.6581)  loss_bbox_pre: 0.1932 (0.2328)  loss_giou_pre: 0.3652 (0.4025)  loss_vfl_enc_0: 0.6987 (0.7271)  loss_bbox_enc_0: 0.3471 (0.3689)  loss_giou_enc_0: 0.4986 (0.5204)  loss_vfl_dn_0: 0.4705 (0.4694)  loss_bbox_dn_0: 0.2314 (0.2943)  loss_giou_dn_0: 0.4241 (0.4499)  loss_fgl_dn_0: 1.1494 (1.1550)  loss_ddf_dn_0: 0.3232 (0.3933)  loss_vfl_dn_1: 0.4011 (0.3752)  loss_bbox_dn_1: 0.1565 (0.1997)  loss_giou_dn_1: 0.3370 (0.3261)  loss_fgl_dn_1: 0.9914 (1.0058)  loss_ddf_dn_1: 0.0456 (0.0532)  loss_vfl_dn_2: 0.3735 (0.3555)  loss_bbox_dn_2: 0.1459 (0.1868)  loss_giou_dn_2: 0.3271 (0.3115)  loss_fgl_dn_2: 0.9722 (0.9896)  loss_ddf_dn_2: 0.0022 (0.0022)  loss_vfl_dn_3: 0.3718 (0.3531)  loss_bbox_dn_3: 0.1431 (0.1856)  loss_giou_dn_3: 0.3246 (0.3104)  loss_fgl_dn_3: 0.9723 (0.9898)  loss_ddf_dn_3: 0.0000 (0.0000)  loss_vfl_dn_pre: 0.4717 (0.4684)  loss_bbox_dn_pre: 0.2353 (0.3063)  loss_giou_dn_pre: 0.4292 (0.4516)  time: 1.1455  data: 0.0020  max mem: 5323
Epoch: [5/15]  [200/392]  eta: 0:05:45  lr: 0.000025  loss: 19.4626 (21.1926)  loss_vfl: 0.4946 (0.5376)  loss_bbox: 0.1578 (0.1958)  loss_giou: 0.3215 (0.3514)  loss_fgl: 1.0181 (1.0203)  loss_vfl_aux_0: 0.5649 (0.6371)  loss_bbox_aux_0: 0.1976 (0.2310)  loss_giou_aux_0: 0.3272 (0.3892)  loss_fgl_aux_0: 1.0722 (1.0904)  loss_ddf_aux_0: 0.0749 (0.0860)  loss_vfl_aux_1: 0.5454 (0.5729)  loss_bbox_aux_1: 0.1678 (0.2025)  loss_giou_aux_1: 0.3211 (0.3585)  loss_fgl_aux_1: 1.0235 (1.0296)  loss_ddf_aux_1: 0.0079 (0.0100)  loss_vfl_aux_2: 0.5156 (0.5433)  loss_bbox_aux_2: 0.1598 (0.1962)  loss_giou_aux_2: 0.3169 (0.3515)  loss_fgl_aux_2: 1.0170 (1.0206)  loss_ddf_aux_2: 0.0003 (0.0003)  loss_vfl_pre: 0.5747 (0.6384)  loss_bbox_pre: 0.2038 (0.2303)  loss_giou_pre: 0.3366 (0.3891)  loss_vfl_enc_0: 0.6099 (0.7163)  loss_bbox_enc_0: 0.3330 (0.3717)  loss_giou_enc_0: 0.4538 (0.5060)  loss_vfl_dn_0: 0.4646 (0.4678)  loss_bbox_dn_0: 0.2224 (0.2886)  loss_giou_dn_0: 0.3995 (0.4362)  loss_fgl_dn_0: 1.1548 (1.1585)  loss_ddf_dn_0: 0.3307 (0.3680)  loss_vfl_dn_1: 0.3555 (0.3724)  loss_bbox_dn_1: 0.1515 (0.1957)  loss_giou_dn_1: 0.2891 (0.3148)  loss_fgl_dn_1: 1.0153 (1.0075)  loss_ddf_dn_1: 0.0435 (0.0504)  loss_vfl_dn_2: 0.3420 (0.3524)  loss_bbox_dn_2: 0.1442 (0.1830)  loss_giou_dn_2: 0.2809 (0.3006)  loss_fgl_dn_2: 0.9893 (0.9901)  loss_ddf_dn_2: 0.0012 (0.0023)  loss_vfl_dn_3: 0.3420 (0.3492)  loss_bbox_dn_3: 0.1450 (0.1821)  loss_giou_dn_3: 0.2817 (0.3001)  loss_fgl_dn_3: 0.9911 (0.9901)  loss_ddf_dn_3: 0.0000 (0.0000)  loss_vfl_dn_pre: 0.4668 (0.4669)  loss_bbox_dn_pre: 0.2540 (0.3016)  loss_giou_dn_pre: 0.4025 (0.4382)  time: 1.1469  data: 0.0024  max mem: 5323
Epoch: [5/15]  [300/392]  eta: 0:02:29  lr: 0.000025  loss: 20.9062 (21.2846)  loss_vfl: 0.5234 (0.5509)  loss_bbox: 0.1668 (0.1938)  loss_giou: 0.3601 (0.3515)  loss_fgl: 1.0057 (1.0251)  loss_vfl_aux_0: 0.5869 (0.6467)  loss_bbox_aux_0: 0.2091 (0.2264)  loss_giou_aux_0: 0.3953 (0.3893)  loss_fgl_aux_0: 1.0906 (1.0934)  loss_ddf_aux_0: 0.0860 (0.0862)  loss_vfl_aux_1: 0.5493 (0.5880)  loss_bbox_aux_1: 0.1762 (0.1997)  loss_giou_aux_1: 0.3568 (0.3586)  loss_fgl_aux_1: 1.0161 (1.0337)  loss_ddf_aux_1: 0.0087 (0.0098)  loss_vfl_aux_2: 0.5063 (0.5571)  loss_bbox_aux_2: 0.1662 (0.1940)  loss_giou_aux_2: 0.3609 (0.3516)  loss_fgl_aux_2: 1.0072 (1.0252)  loss_ddf_aux_2: 0.0002 (0.0003)  loss_vfl_pre: 0.5928 (0.6475)  loss_bbox_pre: 0.2213 (0.2263)  loss_giou_pre: 0.3924 (0.3892)  loss_vfl_enc_0: 0.6899 (0.7196)  loss_bbox_enc_0: 0.3623 (0.3643)  loss_giou_enc_0: 0.5087 (0.5044)  loss_vfl_dn_0: 0.4609 (0.4690)  loss_bbox_dn_0: 0.2559 (0.2906)  loss_giou_dn_0: 0.4634 (0.4399)  loss_fgl_dn_0: 1.1387 (1.1584)  loss_ddf_dn_0: 0.3153 (0.3621)  loss_vfl_dn_1: 0.3733 (0.3732)  loss_bbox_dn_1: 0.1754 (0.1986)  loss_giou_dn_1: 0.3139 (0.3174)  loss_fgl_dn_1: 1.0093 (1.0105)  loss_ddf_dn_1: 0.0419 (0.0493)  loss_vfl_dn_2: 0.3528 (0.3540)  loss_bbox_dn_2: 0.1615 (0.1864)  loss_giou_dn_2: 0.2973 (0.3031)  loss_fgl_dn_2: 0.9887 (0.9934)  loss_ddf_dn_2: 0.0016 (0.0021)  loss_vfl_dn_3: 0.3521 (0.3508)  loss_bbox_dn_3: 0.1613 (0.1857)  loss_giou_dn_3: 0.2962 (0.3026)  loss_fgl_dn_3: 0.9894 (0.9934)  loss_ddf_dn_3: 0.0000 (0.0000)  loss_vfl_dn_pre: 0.4600 (0.4680)  loss_bbox_dn_pre: 0.2693 (0.3022)  loss_giou_dn_pre: 0.4705 (0.4414)  time: 1.3609  data: 0.0439  max mem: 5323
Epoch: [5/15]  [391/392]  eta: 0:00:01  lr: 0.000025  loss: 19.9231 (21.1457)  loss_vfl: 0.4683 (0.5493)  loss_bbox: 0.1266 (0.1889)  loss_giou: 0.3240 (0.3434)  loss_fgl: 1.0282 (1.0259)  loss_vfl_aux_0: 0.5747 (0.6475)  loss_bbox_aux_0: 0.1532 (0.2220)  loss_giou_aux_0: 0.3358 (0.3814)  loss_fgl_aux_0: 1.0841 (1.0951)  loss_ddf_aux_0: 0.0782 (0.0843)  loss_vfl_aux_1: 0.4756 (0.5853)  loss_bbox_aux_1: 0.1235 (0.1949)  loss_giou_aux_1: 0.3290 (0.3504)  loss_fgl_aux_1: 1.0431 (1.0343)  loss_ddf_aux_1: 0.0087 (0.0097)  loss_vfl_aux_2: 0.4846 (0.5581)  loss_bbox_aux_2: 0.1265 (0.1890)  loss_giou_aux_2: 0.3251 (0.3435)  loss_fgl_aux_2: 1.0306 (1.0259)  loss_ddf_aux_2: 0.0002 (0.0003)  loss_vfl_pre: 0.5723 (0.6472)  loss_bbox_pre: 0.1546 (0.2227)  loss_giou_pre: 0.3314 (0.3810)  loss_vfl_enc_0: 0.6279 (0.7219)  loss_bbox_enc_0: 0.2965 (0.3620)  loss_giou_enc_0: 0.4840 (0.4985)  loss_vfl_dn_0: 0.4468 (0.4661)  loss_bbox_dn_0: 0.1998 (0.2843)  loss_giou_dn_0: 0.3901 (0.4345)  loss_fgl_dn_0: 1.1379 (1.1586)  loss_ddf_dn_0: 0.3332 (0.3542)  loss_vfl_dn_1: 0.3420 (0.3699)  loss_bbox_dn_1: 0.1331 (0.1942)  loss_giou_dn_1: 0.2912 (0.3138)  loss_fgl_dn_1: 0.9973 (1.0108)  loss_ddf_dn_1: 0.0399 (0.0485)  loss_vfl_dn_2: 0.3232 (0.3513)  loss_bbox_dn_2: 0.1230 (0.1819)  loss_giou_dn_2: 0.2736 (0.2997)  loss_fgl_dn_2: 0.9801 (0.9936)  loss_ddf_dn_2: 0.0010 (0.0020)  loss_vfl_dn_3: 0.3186 (0.3478)  loss_bbox_dn_3: 0.1218 (0.1812)  loss_giou_dn_3: 0.2739 (0.2992)  loss_fgl_dn_3: 0.9801 (0.9936)  loss_ddf_dn_3: 0.0000 (0.0000)  loss_vfl_dn_pre: 0.4451 (0.4652)  loss_bbox_dn_pre: 0.2073 (0.2968)  loss_giou_dn_pre: 0.3988 (0.4362)  time: 1.1183  data: 0.0022  max mem: 5323
Epoch: [5/15] Total time: 0:10:13 (1.5645 s / it)
Averaged stats: lr: 0.000025  loss: 19.9231 (21.1457)  loss_vfl: 0.4683 (0.5493)  loss_bbox: 0.1266 (0.1889)  loss_giou: 0.3240 (0.3434)  loss_fgl: 1.0282 (1.0259)  loss_vfl_aux_0: 0.5747 (0.6475)  loss_bbox_aux_0: 0.1532 (0.2220)  loss_giou_aux_0: 0.3358 (0.3814)  loss_fgl_aux_0: 1.0841 (1.0951)  loss_ddf_aux_0: 0.0782 (0.0843)  loss_vfl_aux_1: 0.4756 (0.5853)  loss_bbox_aux_1: 0.1235 (0.1949)  loss_giou_aux_1: 0.3290 (0.3504)  loss_fgl_aux_1: 1.0431 (1.0343)  loss_ddf_aux_1: 0.0087 (0.0097)  loss_vfl_aux_2: 0.4846 (0.5581)  loss_bbox_aux_2: 0.1265 (0.1890)  loss_giou_aux_2: 0.3251 (0.3435)  loss_fgl_aux_2: 1.0306 (1.0259)  loss_ddf_aux_2: 0.0002 (0.0003)  loss_vfl_pre: 0.5723 (0.6472)  loss_bbox_pre: 0.1546 (0.2227)  loss_giou_pre: 0.3314 (0.3810)  loss_vfl_enc_0: 0.6279 (0.7219)  loss_bbox_enc_0: 0.2965 (0.3620)  loss_giou_enc_0: 0.4840 (0.4985)  loss_vfl_dn_0: 0.4468 (0.4661)  loss_bbox_dn_0: 0.1998 (0.2843)  loss_giou_dn_0: 0.3901 (0.4345)  loss_fgl_dn_0: 1.1379 (1.1586)  loss_ddf_dn_0: 0.3332 (0.3542)  loss_vfl_dn_1: 0.3420 (0.3699)  loss_bbox_dn_1: 0.1331 (0.1942)  loss_giou_dn_1: 0.2912 (0.3138)  loss_fgl_dn_1: 0.9973 (1.0108)  loss_ddf_dn_1: 0.0399 (0.0485)  loss_vfl_dn_2: 0.3232 (0.3513)  loss_bbox_dn_2: 0.1230 (0.1819)  loss_giou_dn_2: 0.2736 (0.2997)  loss_fgl_dn_2: 0.9801 (0.9936)  loss_ddf_dn_2: 0.0010 (0.0020)  loss_vfl_dn_3: 0.3186 (0.3478)  loss_bbox_dn_3: 0.1218 (0.1812)  loss_giou_dn_3: 0.2739 (0.2992)  loss_fgl_dn_3: 0.9801 (0.9936)  loss_ddf_dn_3: 0.0000 (0.0000)  loss_vfl_dn_pre: 0.4451 (0.4652)  loss_bbox_dn_pre: 0.2073 (0.2968)  loss_giou_dn_pre: 0.3988 (0.4362)
Test:  [ 0/49]  eta: 1:32:36    time: 113.3979  data: 113.0125  max mem: 5323
Test:  [10/49]  eta: 0:06:48    time: 10.4847  data: 10.2761  max mem: 5323
Test:  [20/49]  eta: 0:02:42    time: 0.2059  data: 0.0027  max mem: 5323
Test:  [30/49]  eta: 0:01:13    time: 0.2310  data: 0.0044  max mem: 5323
Test:  [40/49]  eta: 0:00:26    time: 0.2733  data: 0.0198  max mem: 5323
Test:  [48/49]  eta: 0:00:02    time: 0.2535  data: 0.0178  max mem: 5323
Test: Total time: 0:02:06 (2.5757 s / it)
Metrics: {'f1': 0.8647342995169083, 'precision': 0.8905472636815921, 'recall': 0.8403755868544601, 'iou': 0.6752611847634011, 'TPs': 358, 'FPs': 44, 'FNs': 68}
Averaged stats: 
Accumulating evaluation results...
COCOeval_opt.accumulate() finished...
DONE (t=0.09s).
IoU metric: bbox
 Average Precision  (AP) @[ IoU=0.50:0.95 | area=   all | maxDets=100 ] = 0.541
 Average Precision  (AP) @[ IoU=0.50      | area=   all | maxDets=100 ] = 0.786
 Average Precision  (AP) @[ IoU=0.75      | area=   all | maxDets=100 ] = 0.621
 Average Precision  (AP) @[ IoU=0.50:0.95 | area= small | maxDets=100 ] = 0.110
 Average Precision  (AP) @[ IoU=0.50:0.95 | area=medium | maxDets=100 ] = 0.579
 Average Precision  (AP) @[ IoU=0.50:0.95 | area= large | maxDets=100 ] = 0.525
 Average Recall     (AR) @[ IoU=0.50:0.95 | area=   all | maxDets=  1 ] = 0.485
 Average Recall     (AR) @[ IoU=0.50:0.95 | area=   all | maxDets= 10 ] = 0.688
 Average Recall     (AR) @[ IoU=0.50:0.95 | area=   all | maxDets=100 ] = 0.766
 Average Recall     (AR) @[ IoU=0.50:0.95 | area= small | maxDets=100 ] = 0.300
 Average Recall     (AR) @[ IoU=0.50:0.95 | area=medium | maxDets=100 ] = 0.807
 Average Recall     (AR) @[ IoU=0.50:0.95 | area= large | maxDets=100 ] = 0.759
 Average Recall     (AR) @[ IoU=0.50      | area=   all | maxDets=100 ] = 0.988
 Average Recall     (AR) @[ IoU=0.75      | area=   all | maxDets=100 ] = 0.874
best_map50: epoch=5, AP50=0.786041
best_stat: {'epoch': 5, 'coco_eval_bbox': 0.5412079219409428}
Epoch: [6/15]  [  0/392]  eta: 12:36:31  lr: 0.000025  loss: 24.3904 (24.3904)  loss_vfl: 0.6167 (0.6167)  loss_bbox: 0.3631 (0.3631)  loss_giou: 0.8690 (0.8690)  loss_fgl: 0.7784 (0.7784)  loss_vfl_aux_0: 0.6045 (0.6045)  loss_bbox_aux_0: 0.3863 (0.3863)  loss_giou_aux_0: 0.8493 (0.8493)  loss_fgl_aux_0: 0.7774 (0.7774)  loss_ddf_aux_0: 0.0669 (0.0669)  loss_vfl_aux_1: 0.6353 (0.6353)  loss_bbox_aux_1: 0.3734 (0.3734)  loss_giou_aux_1: 0.8615 (0.8615)  loss_fgl_aux_1: 0.7900 (0.7900)  loss_ddf_aux_1: 0.0053 (0.0053)  loss_vfl_aux_2: 0.6348 (0.6348)  loss_bbox_aux_2: 0.3636 (0.3636)  loss_giou_aux_2: 0.8692 (0.8692)  loss_fgl_aux_2: 0.7776 (0.7776)  loss_ddf_aux_2: 0.0003 (0.0003)  loss_vfl_pre: 0.5894 (0.5894)  loss_bbox_pre: 0.4043 (0.4043)  loss_giou_pre: 0.8470 (0.8470)  loss_vfl_enc_0: 0.5767 (0.5767)  loss_bbox_enc_0: 0.6667 (0.6667)  loss_giou_enc_0: 0.9075 (0.9075)  loss_vfl_dn_0: 0.4807 (0.4807)  loss_bbox_dn_0: 0.2212 (0.2212)  loss_giou_dn_0: 0.4927 (0.4927)  loss_fgl_dn_0: 1.1234 (1.1234)  loss_ddf_dn_0: 0.2696 (0.2696)  loss_vfl_dn_1: 0.4148 (0.4148)  loss_bbox_dn_1: 0.1643 (0.1643)  loss_giou_dn_1: 0.3828 (0.3828)  loss_fgl_dn_1: 1.0442 (1.0442)  loss_ddf_dn_1: 0.0357 (0.0357)  loss_vfl_dn_2: 0.4084 (0.4084)  loss_bbox_dn_2: 0.1612 (0.1612)  loss_giou_dn_2: 0.3705 (0.3705)  loss_fgl_dn_2: 1.0335 (1.0335)  loss_ddf_dn_2: 0.0011 (0.0011)  loss_vfl_dn_3: 0.3977 (0.3977)  loss_bbox_dn_3: 0.1607 (0.1607)  loss_giou_dn_3: 0.3707 (0.3707)  loss_fgl_dn_3: 1.0340 (1.0340)  loss_ddf_dn_3: 0.0000 (0.0000)  loss_vfl_dn_pre: 0.4817 (0.4817)  loss_bbox_dn_pre: 0.2310 (0.2310)  loss_giou_dn_pre: 0.4964 (0.4964)  time: 115.7947  data: 114.6363  max mem: 5323
Epoch: [6/15]  [100/392]  eta: 0:11:37  lr: 0.000025  loss: 21.0790 (20.9357)  loss_vfl: 0.5132 (0.5308)  loss_bbox: 0.1906 (0.1783)  loss_giou: 0.3063 (0.3500)  loss_fgl: 1.0413 (1.0295)  loss_vfl_aux_0: 0.6533 (0.6477)  loss_bbox_aux_0: 0.2091 (0.2054)  loss_giou_aux_0: 0.3485 (0.3865)  loss_fgl_aux_0: 1.0977 (1.0956)  loss_ddf_aux_0: 0.0654 (0.0735)  loss_vfl_aux_1: 0.5566 (0.5886)  loss_bbox_aux_1: 0.1590 (0.1809)  loss_giou_aux_1: 0.3255 (0.3558)  loss_fgl_aux_1: 1.0415 (1.0384)  loss_ddf_aux_1: 0.0070 (0.0086)  loss_vfl_aux_2: 0.5239 (0.5422)  loss_bbox_aux_2: 0.1900 (0.1783)  loss_giou_aux_2: 0.3068 (0.3498)  loss_fgl_aux_2: 1.0416 (1.0295)  loss_ddf_aux_2: 0.0001 (0.0002)  loss_vfl_pre: 0.6489 (0.6491)  loss_bbox_pre: 0.2023 (0.2050)  loss_giou_pre: 0.3319 (0.3840)  loss_vfl_enc_0: 0.7114 (0.7217)  loss_bbox_enc_0: 0.3181 (0.3228)  loss_giou_enc_0: 0.4429 (0.4859)  loss_vfl_dn_0: 0.4592 (0.4629)  loss_bbox_dn_0: 0.2314 (0.2669)  loss_giou_dn_0: 0.4104 (0.4341)  loss_fgl_dn_0: 1.1542 (1.1680)  loss_ddf_dn_0: 0.3136 (0.3388)  loss_vfl_dn_1: 0.3591 (0.3690)  loss_bbox_dn_1: 0.1652 (0.1771)  loss_giou_dn_1: 0.2799 (0.3119)  loss_fgl_dn_1: 1.0113 (1.0186)  loss_ddf_dn_1: 0.0399 (0.0459)  loss_vfl_dn_2: 0.3389 (0.3503)  loss_bbox_dn_2: 0.1547 (0.1669)  loss_giou_dn_2: 0.2696 (0.2979)  loss_fgl_dn_2: 0.9969 (1.0002)  loss_ddf_dn_2: 0.0009 (0.0014)  loss_vfl_dn_3: 0.3350 (0.3479)  loss_bbox_dn_3: 0.1542 (0.1666)  loss_giou_dn_3: 0.2691 (0.2975)  loss_fgl_dn_3: 0.9969 (1.0003)  loss_ddf_dn_3: 0.0000 (0.0000)  loss_vfl_dn_pre: 0.4592 (0.4620)  loss_bbox_dn_pre: 0.2430 (0.2782)  loss_giou_dn_pre: 0.4085 (0.4353)  time: 1.1947  data: 0.0177  max mem: 5323
Epoch: [6/15]  [200/392]  eta: 0:05:50  lr: 0.000025  loss: 21.0227 (20.4786)  loss_vfl: 0.5303 (0.5174)  loss_bbox: 0.1671 (0.1682)  loss_giou: 0.3498 (0.3404)  loss_fgl: 1.0443 (1.0193)  loss_vfl_aux_0: 0.6528 (0.6258)  loss_bbox_aux_0: 0.1895 (0.1953)  loss_giou_aux_0: 0.3850 (0.3751)  loss_fgl_aux_0: 1.0895 (1.0880)  loss_ddf_aux_0: 0.0575 (0.0745)  loss_vfl_aux_1: 0.5830 (0.5662)  loss_bbox_aux_1: 0.1624 (0.1723)  loss_giou_aux_1: 0.3731 (0.3466)  loss_fgl_aux_1: 1.0571 (1.0292)  loss_ddf_aux_1: 0.0075 (0.0088)  loss_vfl_aux_2: 0.5522 (0.5306)  loss_bbox_aux_2: 0.1671 (0.1681)  loss_giou_aux_2: 0.3481 (0.3402)  loss_fgl_aux_2: 1.0450 (1.0193)  loss_ddf_aux_2: 0.0002 (0.0002)  loss_vfl_pre: 0.6519 (0.6232)  loss_bbox_pre: 0.1945 (0.1957)  loss_giou_pre: 0.3783 (0.3737)  loss_vfl_enc_0: 0.6802 (0.6940)  loss_bbox_enc_0: 0.2655 (0.3119)  loss_giou_enc_0: 0.4536 (0.4794)  loss_vfl_dn_0: 0.4585 (0.4583)  loss_bbox_dn_0: 0.2445 (0.2522)  loss_giou_dn_0: 0.4213 (0.4223)  loss_fgl_dn_0: 1.1516 (1.1600)  loss_ddf_dn_0: 0.3176 (0.3362)  loss_vfl_dn_1: 0.3752 (0.3609)  loss_bbox_dn_1: 0.1603 (0.1678)  loss_giou_dn_1: 0.3150 (0.3027)  loss_fgl_dn_1: 1.0325 (1.0066)  loss_ddf_dn_1: 0.0334 (0.0418)  loss_vfl_dn_2: 0.3567 (0.3427)  loss_bbox_dn_2: 0.1584 (0.1587)  loss_giou_dn_2: 0.2957 (0.2902)  loss_fgl_dn_2: 1.0200 (0.9897)  loss_ddf_dn_2: 0.0011 (0.0013)  loss_vfl_dn_3: 0.3538 (0.3400)  loss_bbox_dn_3: 0.1592 (0.1583)  loss_giou_dn_3: 0.2952 (0.2898)  loss_fgl_dn_3: 1.0184 (0.9899)  loss_ddf_dn_3: 0.0000 (0.0000)  loss_vfl_dn_pre: 0.4595 (0.4574)  loss_bbox_dn_pre: 0.2467 (0.2641)  loss_giou_dn_pre: 0.4247 (0.4242)  time: 1.4732  data: 0.2823  max mem: 5323
Epoch: [6/15]  [300/392]  eta: 0:02:29  lr: 0.000025  loss: 20.0463 (20.2226)  loss_vfl: 0.3953 (0.5089)  loss_bbox: 0.1321 (0.1616)  loss_giou: 0.2787 (0.3323)  loss_fgl: 1.0067 (1.0153)  loss_vfl_aux_0: 0.4895 (0.6153)  loss_bbox_aux_0: 0.1814 (0.1895)  loss_giou_aux_0: 0.3067 (0.3674)  loss_fgl_aux_0: 1.0744 (1.0845)  loss_ddf_aux_0: 0.0641 (0.0731)  loss_vfl_aux_1: 0.4424 (0.5560)  loss_bbox_aux_1: 0.1381 (0.1656)  loss_giou_aux_1: 0.2871 (0.3387)  loss_fgl_aux_1: 1.0183 (1.0248)  loss_ddf_aux_1: 0.0082 (0.0091)  loss_vfl_aux_2: 0.4231 (0.5178)  loss_bbox_aux_2: 0.1344 (0.1617)  loss_giou_aux_2: 0.2776 (0.3322)  loss_fgl_aux_2: 1.0060 (1.0154)  loss_ddf_aux_2: 0.0002 (0.0002)  loss_vfl_pre: 0.4927 (0.6123)  loss_bbox_pre: 0.1900 (0.1890)  loss_giou_pre: 0.3014 (0.3661)  loss_vfl_enc_0: 0.5967 (0.6820)  loss_bbox_enc_0: 0.3016 (0.3099)  loss_giou_enc_0: 0.4260 (0.4748)  loss_vfl_dn_0: 0.4548 (0.4550)  loss_bbox_dn_0: 0.2276 (0.2451)  loss_giou_dn_0: 0.3871 (0.4153)  loss_fgl_dn_0: 1.1394 (1.1562)  loss_ddf_dn_0: 0.2715 (0.3329)  loss_vfl_dn_1: 0.3428 (0.3572)  loss_bbox_dn_1: 0.1677 (0.1624)  loss_giou_dn_1: 0.2757 (0.2972)  loss_fgl_dn_1: 1.0053 (1.0040)  loss_ddf_dn_1: 0.0334 (0.0416)  loss_vfl_dn_2: 0.3384 (0.3393)  loss_bbox_dn_2: 0.1546 (0.1527)  loss_giou_dn_2: 0.2575 (0.2839)  loss_fgl_dn_2: 0.9742 (0.9865)  loss_ddf_dn_2: 0.0014 (0.0014)  loss_vfl_dn_3: 0.3313 (0.3368)  loss_bbox_dn_3: 0.1531 (0.1521)  loss_giou_dn_3: 0.2593 (0.2835)  loss_fgl_dn_3: 0.9735 (0.9867)  loss_ddf_dn_3: 0.0000 (0.0000)  loss_vfl_dn_pre: 0.4526 (0.4541)  loss_bbox_dn_pre: 0.2598 (0.2574)  loss_giou_dn_pre: 0.3864 (0.4173)  time: 1.1402  data: 0.0024  max mem: 5323
Epoch: [6/15]  [391/392]  eta: 0:00:01  lr: 0.000025  loss: 19.0996 (20.4454)  loss_vfl: 0.4993 (0.5227)  loss_bbox: 0.1093 (0.1658)  loss_giou: 0.2775 (0.3368)  loss_fgl: 0.9874 (1.0203)  loss_vfl_aux_0: 0.5850 (0.6226)  loss_bbox_aux_0: 0.2028 (0.1950)  loss_giou_aux_0: 0.3285 (0.3723)  loss_fgl_aux_0: 1.0634 (1.0903)  loss_ddf_aux_0: 0.0836 (0.0750)  loss_vfl_aux_1: 0.5479 (0.5639)  loss_bbox_aux_1: 0.1323 (0.1697)  loss_giou_aux_1: 0.2829 (0.3428)  loss_fgl_aux_1: 0.9916 (1.0293)  loss_ddf_aux_1: 0.0081 (0.0091)  loss_vfl_aux_2: 0.4893 (0.5331)  loss_bbox_aux_2: 0.1096 (0.1658)  loss_giou_aux_2: 0.2778 (0.3367)  loss_fgl_aux_2: 0.9881 (1.0205)  loss_ddf_aux_2: 0.0001 (0.0002)  loss_vfl_pre: 0.5728 (0.6202)  loss_bbox_pre: 0.1870 (0.1940)  loss_giou_pre: 0.3149 (0.3707)  loss_vfl_enc_0: 0.6279 (0.6874)  loss_bbox_enc_0: 0.3133 (0.3164)  loss_giou_enc_0: 0.4314 (0.4802)  loss_vfl_dn_0: 0.4565 (0.4573)  loss_bbox_dn_0: 0.2145 (0.2516)  loss_giou_dn_0: 0.3978 (0.4203)  loss_fgl_dn_0: 1.1516 (1.1578)  loss_ddf_dn_0: 0.3476 (0.3388)  loss_vfl_dn_1: 0.3481 (0.3604)  loss_bbox_dn_1: 0.1303 (0.1684)  loss_giou_dn_1: 0.2574 (0.3015)  loss_fgl_dn_1: 0.9696 (1.0061)  loss_ddf_dn_1: 0.0391 (0.0423)  loss_vfl_dn_2: 0.3323 (0.3431)  loss_bbox_dn_2: 0.1149 (0.1585)  loss_giou_dn_2: 0.2487 (0.2885)  loss_fgl_dn_2: 0.9498 (0.9897)  loss_ddf_dn_2: 0.0011 (0.0014)  loss_vfl_dn_3: 0.3264 (0.3406)  loss_bbox_dn_3: 0.1142 (0.1579)  loss_giou_dn_3: 0.2487 (0.2880)  loss_fgl_dn_3: 0.9495 (0.9899)  loss_ddf_dn_3: 0.0000 (0.0000)  loss_vfl_dn_pre: 0.4546 (0.4564)  loss_bbox_dn_pre: 0.2188 (0.2637)  loss_giou_dn_pre: 0.4025 (0.4224)  time: 1.2289  data: 0.1133  max mem: 5323
Epoch: [6/15] Total time: 0:10:11 (1.5612 s / it)
Averaged stats: lr: 0.000025  loss: 19.0996 (20.4454)  loss_vfl: 0.4993 (0.5227)  loss_bbox: 0.1093 (0.1658)  loss_giou: 0.2775 (0.3368)  loss_fgl: 0.9874 (1.0203)  loss_vfl_aux_0: 0.5850 (0.6226)  loss_bbox_aux_0: 0.2028 (0.1950)  loss_giou_aux_0: 0.3285 (0.3723)  loss_fgl_aux_0: 1.0634 (1.0903)  loss_ddf_aux_0: 0.0836 (0.0750)  loss_vfl_aux_1: 0.5479 (0.5639)  loss_bbox_aux_1: 0.1323 (0.1697)  loss_giou_aux_1: 0.2829 (0.3428)  loss_fgl_aux_1: 0.9916 (1.0293)  loss_ddf_aux_1: 0.0081 (0.0091)  loss_vfl_aux_2: 0.4893 (0.5331)  loss_bbox_aux_2: 0.1096 (0.1658)  loss_giou_aux_2: 0.2778 (0.3367)  loss_fgl_aux_2: 0.9881 (1.0205)  loss_ddf_aux_2: 0.0001 (0.0002)  loss_vfl_pre: 0.5728 (0.6202)  loss_bbox_pre: 0.1870 (0.1940)  loss_giou_pre: 0.3149 (0.3707)  loss_vfl_enc_0: 0.6279 (0.6874)  loss_bbox_enc_0: 0.3133 (0.3164)  loss_giou_enc_0: 0.4314 (0.4802)  loss_vfl_dn_0: 0.4565 (0.4573)  loss_bbox_dn_0: 0.2145 (0.2516)  loss_giou_dn_0: 0.3978 (0.4203)  loss_fgl_dn_0: 1.1516 (1.1578)  loss_ddf_dn_0: 0.3476 (0.3388)  loss_vfl_dn_1: 0.3481 (0.3604)  loss_bbox_dn_1: 0.1303 (0.1684)  loss_giou_dn_1: 0.2574 (0.3015)  loss_fgl_dn_1: 0.9696 (1.0061)  loss_ddf_dn_1: 0.0391 (0.0423)  loss_vfl_dn_2: 0.3323 (0.3431)  loss_bbox_dn_2: 0.1149 (0.1585)  loss_giou_dn_2: 0.2487 (0.2885)  loss_fgl_dn_2: 0.9498 (0.9897)  loss_ddf_dn_2: 0.0011 (0.0014)  loss_vfl_dn_3: 0.3264 (0.3406)  loss_bbox_dn_3: 0.1142 (0.1579)  loss_giou_dn_3: 0.2487 (0.2880)  loss_fgl_dn_3: 0.9495 (0.9899)  loss_ddf_dn_3: 0.0000 (0.0000)  loss_vfl_dn_pre: 0.4546 (0.4564)  loss_bbox_dn_pre: 0.2188 (0.2637)  loss_giou_dn_pre: 0.4025 (0.4224)
Test:  [ 0/49]  eta: 1:36:24    time: 118.0417  data: 117.7055  max mem: 5323
Test:  [10/49]  eta: 0:07:05    time: 10.9215  data: 10.7034  max mem: 5323
Test:  [20/49]  eta: 0:02:49    time: 0.2303  data: 0.0030  max mem: 5323
Test:  [30/49]  eta: 0:01:16    time: 0.2663  data: 0.0030  max mem: 5323
Test:  [40/49]  eta: 0:00:28    time: 0.2576  data: 0.0039  max mem: 5323
Test:  [48/49]  eta: 0:00:02    time: 0.2263  data: 0.0038  max mem: 5323
Test: Total time: 0:02:11 (2.6818 s / it)
Metrics: {'f1': 0.8631090487238978, 'precision': 0.8532110091743119, 'recall': 0.8732394366197183, 'iou': 0.6727538888551751, 'TPs': 372, 'FPs': 64, 'FNs': 54}
Averaged stats: 
Accumulating evaluation results...
COCOeval_opt.accumulate() finished...
DONE (t=0.13s).
IoU metric: bbox
 Average Precision  (AP) @[ IoU=0.50:0.95 | area=   all | maxDets=100 ] = 0.553
 Average Precision  (AP) @[ IoU=0.50      | area=   all | maxDets=100 ] = 0.809
 Average Precision  (AP) @[ IoU=0.75      | area=   all | maxDets=100 ] = 0.596
 Average Precision  (AP) @[ IoU=0.50:0.95 | area= small | maxDets=100 ] = 0.143
 Average Precision  (AP) @[ IoU=0.50:0.95 | area=medium | maxDets=100 ] = 0.594
 Average Precision  (AP) @[ IoU=0.50:0.95 | area= large | maxDets=100 ] = 0.536
 Average Recall     (AR) @[ IoU=0.50:0.95 | area=   all | maxDets=  1 ] = 0.494
 Average Recall     (AR) @[ IoU=0.50:0.95 | area=   all | maxDets= 10 ] = 0.685
 Average Recall     (AR) @[ IoU=0.50:0.95 | area=   all | maxDets=100 ] = 0.758
 Average Recall     (AR) @[ IoU=0.50:0.95 | area= small | maxDets=100 ] = 0.500
 Average Recall     (AR) @[ IoU=0.50:0.95 | area=medium | maxDets=100 ] = 0.759
 Average Recall     (AR) @[ IoU=0.50:0.95 | area= large | maxDets=100 ] = 0.748
 Average Recall     (AR) @[ IoU=0.50      | area=   all | maxDets=100 ] = 0.983
 Average Recall     (AR) @[ IoU=0.75      | area=   all | maxDets=100 ] = 0.853
best_map50: epoch=6, AP50=0.808560
best_stat: {'epoch': 6, 'coco_eval_bbox': 0.5528094132210473}
Epoch: [7/15]  [  0/392]  eta: 12:52:42  lr: 0.000025  loss: 19.1885 (19.1885)  loss_vfl: 0.5786 (0.5786)  loss_bbox: 0.0865 (0.0865)  loss_giou: 0.2913 (0.2913)  loss_fgl: 1.1757 (1.1757)  loss_vfl_aux_0: 0.5684 (0.5684)  loss_bbox_aux_0: 0.0735 (0.0735)  loss_giou_aux_0: 0.2682 (0.2682)  loss_fgl_aux_0: 1.1118 (1.1118)  loss_ddf_aux_0: 0.0702 (0.0702)  loss_vfl_aux_1: 0.5942 (0.5942)  loss_bbox_aux_1: 0.0839 (0.0839)  loss_giou_aux_1: 0.2860 (0.2860)  loss_fgl_aux_1: 1.1550 (1.1550)  loss_ddf_aux_1: 0.0076 (0.0076)  loss_vfl_aux_2: 0.5425 (0.5425)  loss_bbox_aux_2: 0.0864 (0.0864)  loss_giou_aux_2: 0.2910 (0.2910)  loss_fgl_aux_2: 1.1741 (1.1741)  loss_ddf_aux_2: -0.0001 (-0.0001)  loss_vfl_pre: 0.5640 (0.5640)  loss_bbox_pre: 0.0724 (0.0724)  loss_giou_pre: 0.2706 (0.2706)  loss_vfl_enc_0: 0.6333 (0.6333)  loss_bbox_enc_0: 0.0942 (0.0942)  loss_giou_enc_0: 0.3517 (0.3517)  loss_vfl_dn_0: 0.4099 (0.4099)  loss_bbox_dn_0: 0.1094 (0.1094)  loss_giou_dn_0: 0.3659 (0.3659)  loss_fgl_dn_0: 1.1466 (1.1466)  loss_ddf_dn_0: 0.3722 (0.3722)  loss_vfl_dn_1: 0.3462 (0.3462)  loss_bbox_dn_1: 0.0868 (0.0868)  loss_giou_dn_1: 0.2879 (0.2879)  loss_fgl_dn_1: 1.0984 (1.0984)  loss_ddf_dn_1: 0.0481 (0.0481)  loss_vfl_dn_2: 0.3279 (0.3279)  loss_bbox_dn_2: 0.0864 (0.0864)  loss_giou_dn_2: 0.2830 (0.2830)  loss_fgl_dn_2: 1.1064 (1.1064)  loss_ddf_dn_2: 0.0017 (0.0017)  loss_vfl_dn_3: 0.3264 (0.3264)  loss_bbox_dn_3: 0.0858 (0.0858)  loss_giou_dn_3: 0.2814 (0.2814)  loss_fgl_dn_3: 1.1073 (1.1073)  loss_ddf_dn_3: 0.0000 (0.0000)  loss_vfl_dn_pre: 0.4097 (0.4097)  loss_bbox_dn_pre: 0.1070 (0.1070)  loss_giou_dn_pre: 0.3631 (0.3631)  time: 118.2716  data: 117.1235  max mem: 5323
Epoch: [7/15]  [100/392]  eta: 0:12:23  lr: 0.000025  loss: 19.3172 (19.8055)  loss_vfl: 0.4680 (0.5233)  loss_bbox: 0.1143 (0.1467)  loss_giou: 0.2862 (0.3029)  loss_fgl: 1.0546 (1.0154)  loss_vfl_aux_0: 0.5620 (0.5932)  loss_bbox_aux_0: 0.1313 (0.1752)  loss_giou_aux_0: 0.3163 (0.3427)  loss_fgl_aux_0: 1.0801 (1.0800)  loss_ddf_aux_0: 0.0642 (0.0754)  loss_vfl_aux_1: 0.4824 (0.5507)  loss_bbox_aux_1: 0.1188 (0.1481)  loss_giou_aux_1: 0.2904 (0.3088)  loss_fgl_aux_1: 1.0571 (1.0255)  loss_ddf_aux_1: 0.0076 (0.0090)  loss_vfl_aux_2: 0.5044 (0.5308)  loss_bbox_aux_2: 0.1151 (0.1467)  loss_giou_aux_2: 0.2846 (0.3029)  loss_fgl_aux_2: 1.0531 (1.0155)  loss_ddf_aux_2: 0.0003 (0.0002)  loss_vfl_pre: 0.5571 (0.5959)  loss_bbox_pre: 0.1305 (0.1754)  loss_giou_pre: 0.3142 (0.3415)  loss_vfl_enc_0: 0.6387 (0.6786)  loss_bbox_enc_0: 0.1693 (0.2958)  loss_giou_enc_0: 0.4303 (0.4549)  loss_vfl_dn_0: 0.4487 (0.4504)  loss_bbox_dn_0: 0.1723 (0.2342)  loss_giou_dn_0: 0.3673 (0.3952)  loss_fgl_dn_0: 1.1326 (1.1503)  loss_ddf_dn_0: 0.2774 (0.3480)  loss_vfl_dn_1: 0.3521 (0.3543)  loss_bbox_dn_1: 0.1146 (0.1560)  loss_giou_dn_1: 0.2707 (0.2847)  loss_fgl_dn_1: 1.0082 (0.9945)  loss_ddf_dn_1: 0.0333 (0.0448)  loss_vfl_dn_2: 0.3408 (0.3382)  loss_bbox_dn_2: 0.1135 (0.1464)  loss_giou_dn_2: 0.2632 (0.2714)  loss_fgl_dn_2: 0.9944 (0.9762)  loss_ddf_dn_2: 0.0018 (0.0019)  loss_vfl_dn_3: 0.3347 (0.3364)  loss_bbox_dn_3: 0.1136 (0.1454)  loss_giou_dn_3: 0.2631 (0.2707)  loss_fgl_dn_3: 0.9919 (0.9765)  loss_ddf_dn_3: 0.0000 (0.0000)  loss_vfl_dn_pre: 0.4458 (0.4497)  loss_bbox_dn_pre: 0.1745 (0.2477)  loss_giou_dn_pre: 0.3667 (0.3976)  time: 1.6098  data: 0.4922  max mem: 5323
Epoch: [7/15]  [200/392]  eta: 0:05:58  lr: 0.000025  loss: 20.0863 (20.0586)  loss_vfl: 0.4614 (0.5395)  loss_bbox: 0.1426 (0.1518)  loss_giou: 0.3220 (0.3099)  loss_fgl: 1.0026 (1.0183)  loss_vfl_aux_0: 0.5776 (0.6165)  loss_bbox_aux_0: 0.1750 (0.1807)  loss_giou_aux_0: 0.3511 (0.3459)  loss_fgl_aux_0: 1.0986 (1.0860)  loss_ddf_aux_0: 0.0578 (0.0758)  loss_vfl_aux_1: 0.4922 (0.5733)  loss_bbox_aux_1: 0.1538 (0.1544)  loss_giou_aux_1: 0.3149 (0.3152)  loss_fgl_aux_1: 1.0277 (1.0265)  loss_ddf_aux_1: 0.0065 (0.0088)  loss_vfl_aux_2: 0.4783 (0.5468)  loss_bbox_aux_2: 0.1420 (0.1521)  loss_giou_aux_2: 0.3211 (0.3100)  loss_fgl_aux_2: 1.0023 (1.0183)  loss_ddf_aux_2: 0.0002 (0.0003)  loss_vfl_pre: 0.5737 (0.6174)  loss_bbox_pre: 0.1565 (0.1818)  loss_giou_pre: 0.3427 (0.3450)  loss_vfl_enc_0: 0.6353 (0.6906)  loss_bbox_enc_0: 0.2595 (0.3016)  loss_giou_enc_0: 0.4423 (0.4555)  loss_vfl_dn_0: 0.4563 (0.4538)  loss_bbox_dn_0: 0.2281 (0.2399)  loss_giou_dn_0: 0.4137 (0.4009)  loss_fgl_dn_0: 1.1553 (1.1547)  loss_ddf_dn_0: 0.2898 (0.3415)  loss_vfl_dn_1: 0.3538 (0.3554)  loss_bbox_dn_1: 0.1444 (0.1608)  loss_giou_dn_1: 0.2934 (0.2885)  loss_fgl_dn_1: 0.9902 (0.9968)  loss_ddf_dn_1: 0.0369 (0.0432)  loss_vfl_dn_2: 0.3374 (0.3394)  loss_bbox_dn_2: 0.1342 (0.1510)  loss_giou_dn_2: 0.2759 (0.2758)  loss_fgl_dn_2: 0.9830 (0.9798)  loss_ddf_dn_2: 0.0014 (0.0020)  loss_vfl_dn_3: 0.3455 (0.3377)  loss_bbox_dn_3: 0.1380 (0.1502)  loss_giou_dn_3: 0.2751 (0.2750)  loss_fgl_dn_3: 0.9867 (0.9801)  loss_ddf_dn_3: 0.0000 (0.0000)  loss_vfl_dn_pre: 0.4556 (0.4530)  loss_bbox_dn_pre: 0.2423 (0.2536)  loss_giou_dn_pre: 0.4149 (0.4036)  time: 1.1397  data: 0.0142  max mem: 5323
Epoch: [7/15]  [300/392]  eta: 0:02:29  lr: 0.000025  loss: 21.0221 (20.3703)  loss_vfl: 0.4995 (0.5375)  loss_bbox: 0.1757 (0.1663)  loss_giou: 0.3058 (0.3180)  loss_fgl: 1.0210 (1.0220)  loss_vfl_aux_0: 0.5713 (0.6215)  loss_bbox_aux_0: 0.2178 (0.1959)  loss_giou_aux_0: 0.3145 (0.3552)  loss_fgl_aux_0: 1.0934 (1.0913)  loss_ddf_aux_0: 0.0849 (0.0758)  loss_vfl_aux_1: 0.5303 (0.5762)  loss_bbox_aux_1: 0.2258 (0.1694)  loss_giou_aux_1: 0.3212 (0.3230)  loss_fgl_aux_1: 1.0463 (1.0301)  loss_ddf_aux_1: 0.0076 (0.0085)  loss_vfl_aux_2: 0.5459 (0.5464)  loss_bbox_aux_2: 0.1716 (0.1665)  loss_giou_aux_2: 0.3053 (0.3181)  loss_fgl_aux_2: 1.0204 (1.0220)  loss_ddf_aux_2: 0.0002 (0.0002)  loss_vfl_pre: 0.5732 (0.6206)  loss_bbox_pre: 0.2229 (0.1966)  loss_giou_pre: 0.3115 (0.3541)  loss_vfl_enc_0: 0.6899 (0.6963)  loss_bbox_enc_0: 0.3632 (0.3225)  loss_giou_enc_0: 0.4196 (0.4677)  loss_vfl_dn_0: 0.4541 (0.4567)  loss_bbox_dn_0: 0.2714 (0.2533)  loss_giou_dn_0: 0.3872 (0.4094)  loss_fgl_dn_0: 1.1538 (1.1571)  loss_ddf_dn_0: 0.3404 (0.3409)  loss_vfl_dn_1: 0.3760 (0.3591)  loss_bbox_dn_1: 0.1932 (0.1719)  loss_giou_dn_1: 0.2944 (0.2952)  loss_fgl_dn_1: 1.0187 (1.0020)  loss_ddf_dn_1: 0.0407 (0.0433)  loss_vfl_dn_2: 0.3501 (0.3438)  loss_bbox_dn_2: 0.1780 (0.1615)  loss_giou_dn_2: 0.2837 (0.2828)  loss_fgl_dn_2: 1.0133 (0.9851)  loss_ddf_dn_2: 0.0017 (0.0020)  loss_vfl_dn_3: 0.3523 (0.3421)  loss_bbox_dn_3: 0.1799 (0.1607)  loss_giou_dn_3: 0.2804 (0.2820)  loss_fgl_dn_3: 1.0135 (0.9855)  loss_ddf_dn_3: 0.0000 (0.0000)  loss_vfl_dn_pre: 0.4534 (0.4558)  loss_bbox_dn_pre: 0.2913 (0.2664)  loss_giou_dn_pre: 0.3835 (0.4120)  time: 1.1941  data: 0.1255  max mem: 5323
Epoch: [7/15]  [391/392]  eta: 0:00:01  lr: 0.000025  loss: 18.0406 (20.1973)  loss_vfl: 0.3828 (0.5282)  loss_bbox: 0.1116 (0.1665)  loss_giou: 0.2637 (0.3158)  loss_fgl: 0.9821 (1.0179)  loss_vfl_aux_0: 0.4705 (0.6088)  loss_bbox_aux_0: 0.1737 (0.1942)  loss_giou_aux_0: 0.2710 (0.3512)  loss_fgl_aux_0: 1.0241 (1.0848)  loss_ddf_aux_0: 0.0601 (0.0735)  loss_vfl_aux_1: 0.3960 (0.5624)  loss_bbox_aux_1: 0.1172 (0.1702)  loss_giou_aux_1: 0.2597 (0.3208)  loss_fgl_aux_1: 0.9870 (1.0259)  loss_ddf_aux_1: 0.0056 (0.0081)  loss_vfl_aux_2: 0.3572 (0.5360)  loss_bbox_aux_2: 0.1117 (0.1668)  loss_giou_aux_2: 0.2612 (0.3158)  loss_fgl_aux_2: 0.9818 (1.0179)  loss_ddf_aux_2: 0.0001 (0.0002)  loss_vfl_pre: 0.4612 (0.6082)  loss_bbox_pre: 0.1766 (0.1953)  loss_giou_pre: 0.2705 (0.3501)  loss_vfl_enc_0: 0.5322 (0.6886)  loss_bbox_enc_0: 0.2797 (0.3186)  loss_giou_enc_0: 0.3723 (0.4608)  loss_vfl_dn_0: 0.4338 (0.4544)  loss_bbox_dn_0: 0.2067 (0.2522)  loss_giou_dn_0: 0.3585 (0.4057)  loss_fgl_dn_0: 1.1204 (1.1550)  loss_ddf_dn_0: 0.3095 (0.3319)  loss_vfl_dn_1: 0.3240 (0.3563)  loss_bbox_dn_1: 0.1449 (0.1715)  loss_giou_dn_1: 0.2379 (0.2914)  loss_fgl_dn_1: 0.9618 (0.9992)  loss_ddf_dn_1: 0.0327 (0.0414)  loss_vfl_dn_2: 0.3091 (0.3409)  loss_bbox_dn_2: 0.1416 (0.1608)  loss_giou_dn_2: 0.2303 (0.2791)  loss_fgl_dn_2: 0.9563 (0.9820)  loss_ddf_dn_2: 0.0008 (0.0018)  loss_vfl_dn_3: 0.3057 (0.3392)  loss_bbox_dn_3: 0.1418 (0.1601)  loss_giou_dn_3: 0.2321 (0.2784)  loss_fgl_dn_3: 0.9566 (0.9824)  loss_ddf_dn_3: 0.0000 (0.0000)  loss_vfl_dn_pre: 0.4307 (0.4534)  loss_bbox_dn_pre: 0.2332 (0.2654)  loss_giou_dn_pre: 0.3564 (0.4084)  time: 1.1516  data: 0.1140  max mem: 5323
Epoch: [7/15] Total time: 0:10:03 (1.5403 s / it)
Averaged stats: lr: 0.000025  loss: 18.0406 (20.1973)  loss_vfl: 0.3828 (0.5282)  loss_bbox: 0.1116 (0.1665)  loss_giou: 0.2637 (0.3158)  loss_fgl: 0.9821 (1.0179)  loss_vfl_aux_0: 0.4705 (0.6088)  loss_bbox_aux_0: 0.1737 (0.1942)  loss_giou_aux_0: 0.2710 (0.3512)  loss_fgl_aux_0: 1.0241 (1.0848)  loss_ddf_aux_0: 0.0601 (0.0735)  loss_vfl_aux_1: 0.3960 (0.5624)  loss_bbox_aux_1: 0.1172 (0.1702)  loss_giou_aux_1: 0.2597 (0.3208)  loss_fgl_aux_1: 0.9870 (1.0259)  loss_ddf_aux_1: 0.0056 (0.0081)  loss_vfl_aux_2: 0.3572 (0.5360)  loss_bbox_aux_2: 0.1117 (0.1668)  loss_giou_aux_2: 0.2612 (0.3158)  loss_fgl_aux_2: 0.9818 (1.0179)  loss_ddf_aux_2: 0.0001 (0.0002)  loss_vfl_pre: 0.4612 (0.6082)  loss_bbox_pre: 0.1766 (0.1953)  loss_giou_pre: 0.2705 (0.3501)  loss_vfl_enc_0: 0.5322 (0.6886)  loss_bbox_enc_0: 0.2797 (0.3186)  loss_giou_enc_0: 0.3723 (0.4608)  loss_vfl_dn_0: 0.4338 (0.4544)  loss_bbox_dn_0: 0.2067 (0.2522)  loss_giou_dn_0: 0.3585 (0.4057)  loss_fgl_dn_0: 1.1204 (1.1550)  loss_ddf_dn_0: 0.3095 (0.3319)  loss_vfl_dn_1: 0.3240 (0.3563)  loss_bbox_dn_1: 0.1449 (0.1715)  loss_giou_dn_1: 0.2379 (0.2914)  loss_fgl_dn_1: 0.9618 (0.9992)  loss_ddf_dn_1: 0.0327 (0.0414)  loss_vfl_dn_2: 0.3091 (0.3409)  loss_bbox_dn_2: 0.1416 (0.1608)  loss_giou_dn_2: 0.2303 (0.2791)  loss_fgl_dn_2: 0.9563 (0.9820)  loss_ddf_dn_2: 0.0008 (0.0018)  loss_vfl_dn_3: 0.3057 (0.3392)  loss_bbox_dn_3: 0.1418 (0.1601)  loss_giou_dn_3: 0.2321 (0.2784)  loss_fgl_dn_3: 0.9566 (0.9824)  loss_ddf_dn_3: 0.0000 (0.0000)  loss_vfl_dn_pre: 0.4307 (0.4534)  loss_bbox_dn_pre: 0.2332 (0.2654)  loss_giou_dn_pre: 0.3564 (0.4084)
Test:  [ 0/49]  eta: 1:30:27    time: 110.7576  data: 110.4543  max mem: 5323
Test:  [10/49]  eta: 0:06:40    time: 10.2576  data: 10.0426  max mem: 5323
Test:  [20/49]  eta: 0:02:38    time: 0.2002  data: 0.0016  max mem: 5323
Test:  [30/49]  eta: 0:01:11    time: 0.2032  data: 0.0097  max mem: 5323
Test:  [40/49]  eta: 0:00:26    time: 0.2360  data: 0.0340  max mem: 5323
Test:  [48/49]  eta: 0:00:02    time: 0.2275  data: 0.0261  max mem: 5323
Test: Total time: 0:02:02 (2.5029 s / it)
Metrics: {'f1': 0.8744075829383886, 'precision': 0.8827751196172249, 'recall': 0.8661971830985915, 'iou': 0.6875073115449203, 'TPs': 369, 'FPs': 49, 'FNs': 57}
Averaged stats: 
Accumulating evaluation results...
COCOeval_opt.accumulate() finished...
DONE (t=0.08s).
IoU metric: bbox
 Average Precision  (AP) @[ IoU=0.50:0.95 | area=   all | maxDets=100 ] = 0.569
 Average Precision  (AP) @[ IoU=0.50      | area=   all | maxDets=100 ] = 0.837
 Average Precision  (AP) @[ IoU=0.75      | area=   all | maxDets=100 ] = 0.605
 Average Precision  (AP) @[ IoU=0.50:0.95 | area= small | maxDets=100 ] = 0.335
 Average Precision  (AP) @[ IoU=0.50:0.95 | area=medium | maxDets=100 ] = 0.597
 Average Precision  (AP) @[ IoU=0.50:0.95 | area= large | maxDets=100 ] = 0.551
 Average Recall     (AR) @[ IoU=0.50:0.95 | area=   all | maxDets=  1 ] = 0.506
 Average Recall     (AR) @[ IoU=0.50:0.95 | area=   all | maxDets= 10 ] = 0.693
 Average Recall     (AR) @[ IoU=0.50:0.95 | area=   all | maxDets=100 ] = 0.761
 Average Recall     (AR) @[ IoU=0.50:0.95 | area= small | maxDets=100 ] = 0.500
 Average Recall     (AR) @[ IoU=0.50:0.95 | area=medium | maxDets=100 ] = 0.734
 Average Recall     (AR) @[ IoU=0.50:0.95 | area= large | maxDets=100 ] = 0.756
 Average Recall     (AR) @[ IoU=0.50      | area=   all | maxDets=100 ] = 0.989
 Average Recall     (AR) @[ IoU=0.75      | area=   all | maxDets=100 ] = 0.842
best_map50: epoch=7, AP50=0.837217
best_stat: {'epoch': 7, 'coco_eval_bbox': 0.5690775809260242}
Epoch: [8/15]  [  0/392]  eta: 12:47:15  lr: 0.000025  loss: 19.3720 (19.3720)  loss_vfl: 0.3625 (0.3625)  loss_bbox: 0.1310 (0.1310)  loss_giou: 0.3735 (0.3735)  loss_fgl: 1.0983 (1.0983)  loss_vfl_aux_0: 0.4580 (0.4580)  loss_bbox_aux_0: 0.1315 (0.1315)  loss_giou_aux_0: 0.3127 (0.3127)  loss_fgl_aux_0: 1.1223 (1.1223)  loss_ddf_aux_0: 0.0629 (0.0629)  loss_vfl_aux_1: 0.3645 (0.3645)  loss_bbox_aux_1: 0.1162 (0.1162)  loss_giou_aux_1: 0.3493 (0.3493)  loss_fgl_aux_1: 1.0827 (1.0827)  loss_ddf_aux_1: 0.0040 (0.0040)  loss_vfl_aux_2: 0.3623 (0.3623)  loss_bbox_aux_2: 0.1310 (0.1310)  loss_giou_aux_2: 0.3740 (0.3740)  loss_fgl_aux_2: 1.0984 (1.0984)  loss_ddf_aux_2: 0.0000 (0.0000)  loss_vfl_pre: 0.4622 (0.4622)  loss_bbox_pre: 0.1378 (0.1378)  loss_giou_pre: 0.3231 (0.3231)  loss_vfl_enc_0: 0.7227 (0.7227)  loss_bbox_enc_0: 0.3391 (0.3391)  loss_giou_enc_0: 0.4548 (0.4548)  loss_vfl_dn_0: 0.4509 (0.4509)  loss_bbox_dn_0: 0.2124 (0.2124)  loss_giou_dn_0: 0.3632 (0.3632)  loss_fgl_dn_0: 1.1095 (1.1095)  loss_ddf_dn_0: 0.2982 (0.2982)  loss_vfl_dn_1: 0.3530 (0.3530)  loss_bbox_dn_1: 0.1395 (0.1395)  loss_giou_dn_1: 0.2973 (0.2973)  loss_fgl_dn_1: 1.0223 (1.0223)  loss_ddf_dn_1: 0.0314 (0.0314)  loss_vfl_dn_2: 0.3535 (0.3535)  loss_bbox_dn_2: 0.1432 (0.1432)  loss_giou_dn_2: 0.3053 (0.3053)  loss_fgl_dn_2: 1.0319 (1.0319)  loss_ddf_dn_2: 0.0005 (0.0005)  loss_vfl_dn_3: 0.3530 (0.3530)  loss_bbox_dn_3: 0.1427 (0.1427)  loss_giou_dn_3: 0.3042 (0.3042)  loss_fgl_dn_3: 1.0317 (1.0317)  loss_ddf_dn_3: 0.0000 (0.0000)  loss_vfl_dn_pre: 0.4509 (0.4509)  loss_bbox_dn_pre: 0.2306 (0.2306)  loss_giou_dn_pre: 0.3716 (0.3716)  time: 117.4380  data: 116.3184  max mem: 5323
Epoch: [8/15]  [100/392]  eta: 0:11:30  lr: 0.000025  loss: 19.2808 (20.1651)  loss_vfl: 0.4785 (0.5116)  loss_bbox: 0.1274 (0.1681)  loss_giou: 0.2852 (0.3100)  loss_fgl: 0.9917 (1.0115)  loss_vfl_aux_0: 0.5073 (0.6058)  loss_bbox_aux_0: 0.1529 (0.1981)  loss_giou_aux_0: 0.3695 (0.3442)  loss_fgl_aux_0: 1.0760 (1.0902)  loss_ddf_aux_0: 0.0787 (0.0846)  loss_vfl_aux_1: 0.5005 (0.5485)  loss_bbox_aux_1: 0.1341 (0.1705)  loss_giou_aux_1: 0.2841 (0.3146)  loss_fgl_aux_1: 1.0041 (1.0184)  loss_ddf_aux_1: 0.0082 (0.0084)  loss_vfl_aux_2: 0.4827 (0.5189)  loss_bbox_aux_2: 0.1271 (0.1679)  loss_giou_aux_2: 0.2839 (0.3100)  loss_fgl_aux_2: 0.9916 (1.0114)  loss_ddf_aux_2: 0.0001 (0.0001)  loss_vfl_pre: 0.5068 (0.6065)  loss_bbox_pre: 0.1534 (0.2052)  loss_giou_pre: 0.3940 (0.3450)  loss_vfl_enc_0: 0.6655 (0.7036)  loss_bbox_enc_0: 0.2225 (0.3294)  loss_giou_enc_0: 0.4334 (0.4531)  loss_vfl_dn_0: 0.4485 (0.4536)  loss_bbox_dn_0: 0.1849 (0.2620)  loss_giou_dn_0: 0.4036 (0.3961)  loss_fgl_dn_0: 1.1311 (1.1561)  loss_ddf_dn_0: 0.3908 (0.3635)  loss_vfl_dn_1: 0.3530 (0.3518)  loss_bbox_dn_1: 0.1205 (0.1785)  loss_giou_dn_1: 0.2872 (0.2832)  loss_fgl_dn_1: 0.9783 (0.9956)  loss_ddf_dn_1: 0.0423 (0.0435)  loss_vfl_dn_2: 0.3318 (0.3371)  loss_bbox_dn_2: 0.1108 (0.1690)  loss_giou_dn_2: 0.2721 (0.2723)  loss_fgl_dn_2: 0.9585 (0.9811)  loss_ddf_dn_2: 0.0010 (0.0012)  loss_vfl_dn_3: 0.3306 (0.3354)  loss_bbox_dn_3: 0.1115 (0.1685)  loss_giou_dn_3: 0.2726 (0.2718)  loss_fgl_dn_3: 0.9584 (0.9812)  loss_ddf_dn_3: 0.0000 (0.0000)  loss_vfl_dn_pre: 0.4468 (0.4531)  loss_bbox_dn_pre: 0.2038 (0.2754)  loss_giou_dn_pre: 0.4046 (0.3995)  time: 1.1746  data: 0.0020  max mem: 5323
Epoch: [8/15]  [200/392]  eta: 0:05:40  lr: 0.000025  loss: 19.1484 (20.0528)  loss_vfl: 0.4204 (0.5116)  loss_bbox: 0.1332 (0.1707)  loss_giou: 0.2906 (0.3087)  loss_fgl: 1.0195 (1.0063)  loss_vfl_aux_0: 0.4622 (0.5930)  loss_bbox_aux_0: 0.1469 (0.2001)  loss_giou_aux_0: 0.3016 (0.3404)  loss_fgl_aux_0: 1.0739 (1.0791)  loss_ddf_aux_0: 0.0561 (0.0815)  loss_vfl_aux_1: 0.4478 (0.5419)  loss_bbox_aux_1: 0.1339 (0.1749)  loss_giou_aux_1: 0.2994 (0.3139)  loss_fgl_aux_1: 1.0350 (1.0130)  loss_ddf_aux_1: 0.0061 (0.0084)  loss_vfl_aux_2: 0.4412 (0.5168)  loss_bbox_aux_2: 0.1346 (0.1706)  loss_giou_aux_2: 0.2910 (0.3085)  loss_fgl_aux_2: 1.0189 (1.0063)  loss_ddf_aux_2: 0.0001 (0.0001)  loss_vfl_pre: 0.4587 (0.5928)  loss_bbox_pre: 0.1479 (0.2046)  loss_giou_pre: 0.3130 (0.3406)  loss_vfl_enc_0: 0.5547 (0.6799)  loss_bbox_enc_0: 0.2268 (0.3332)  loss_giou_enc_0: 0.4275 (0.4538)  loss_vfl_dn_0: 0.4385 (0.4508)  loss_bbox_dn_0: 0.2119 (0.2627)  loss_giou_dn_0: 0.3680 (0.3938)  loss_fgl_dn_0: 1.1474 (1.1485)  loss_ddf_dn_0: 0.3275 (0.3619)  loss_vfl_dn_1: 0.3433 (0.3511)  loss_bbox_dn_1: 0.1414 (0.1800)  loss_giou_dn_1: 0.2722 (0.2846)  loss_fgl_dn_1: 0.9904 (0.9915)  loss_ddf_dn_1: 0.0360 (0.0442)  loss_vfl_dn_2: 0.3306 (0.3362)  loss_bbox_dn_2: 0.1339 (0.1697)  loss_giou_dn_2: 0.2694 (0.2735)  loss_fgl_dn_2: 0.9762 (0.9767)  loss_ddf_dn_2: 0.0010 (0.0012)  loss_vfl_dn_3: 0.3274 (0.3342)  loss_bbox_dn_3: 0.1339 (0.1689)  loss_giou_dn_3: 0.2702 (0.2728)  loss_fgl_dn_3: 0.9761 (0.9768)  loss_ddf_dn_3: 0.0000 (0.0000)  loss_vfl_dn_pre: 0.4395 (0.4502)  loss_bbox_dn_pre: 0.2213 (0.2759)  loss_giou_dn_pre: 0.3769 (0.3968)  time: 1.2160  data: 0.0734  max mem: 5323
Epoch: [8/15]  [300/392]  eta: 0:02:31  lr: 0.000025  loss: 19.6264 (20.0569)  loss_vfl: 0.4941 (0.5130)  loss_bbox: 0.1480 (0.1694)  loss_giou: 0.2826 (0.3067)  loss_fgl: 0.9800 (1.0065)  loss_vfl_aux_0: 0.5610 (0.5948)  loss_bbox_aux_0: 0.1913 (0.2016)  loss_giou_aux_0: 0.3066 (0.3401)  loss_fgl_aux_0: 1.0594 (1.0782)  loss_ddf_aux_0: 0.0646 (0.0804)  loss_vfl_aux_1: 0.5234 (0.5444)  loss_bbox_aux_1: 0.1532 (0.1744)  loss_giou_aux_1: 0.2931 (0.3125)  loss_fgl_aux_1: 0.9831 (1.0138)  loss_ddf_aux_1: 0.0073 (0.0086)  loss_vfl_aux_2: 0.4817 (0.5180)  loss_bbox_aux_2: 0.1500 (0.1694)  loss_giou_aux_2: 0.2832 (0.3066)  loss_fgl_aux_2: 0.9806 (1.0065)  loss_ddf_aux_2: 0.0002 (0.0001)  loss_vfl_pre: 0.5654 (0.5955)  loss_bbox_pre: 0.2228 (0.2075)  loss_giou_pre: 0.3231 (0.3410)  loss_vfl_enc_0: 0.6802 (0.6823)  loss_bbox_enc_0: 0.2977 (0.3354)  loss_giou_enc_0: 0.4182 (0.4537)  loss_vfl_dn_0: 0.4402 (0.4522)  loss_bbox_dn_0: 0.2362 (0.2589)  loss_giou_dn_0: 0.3967 (0.3946)  loss_fgl_dn_0: 1.1468 (1.1501)  loss_ddf_dn_0: 0.3474 (0.3590)  loss_vfl_dn_1: 0.3545 (0.3529)  loss_bbox_dn_1: 0.1509 (0.1767)  loss_giou_dn_1: 0.2931 (0.2842)  loss_fgl_dn_1: 1.0109 (0.9944)  loss_ddf_dn_1: 0.0426 (0.0437)  loss_vfl_dn_2: 0.3428 (0.3381)  loss_bbox_dn_2: 0.1422 (0.1659)  loss_giou_dn_2: 0.2859 (0.2723)  loss_fgl_dn_2: 0.9984 (0.9791)  loss_ddf_dn_2: 0.0012 (0.0013)  loss_vfl_dn_3: 0.3450 (0.3361)  loss_bbox_dn_3: 0.1427 (0.1650)  loss_giou_dn_3: 0.2836 (0.2717)  loss_fgl_dn_3: 0.9976 (0.9791)  loss_ddf_dn_3: 0.0000 (0.0000)  loss_vfl_dn_pre: 0.4419 (0.4516)  loss_bbox_dn_pre: 0.2523 (0.2720)  loss_giou_dn_pre: 0.4018 (0.3975)  time: 1.4257  data: 0.2595  max mem: 5323
Epoch: [8/15]  [391/392]  eta: 0:00:01  lr: 0.000025  loss: 18.5725 (19.9752)  loss_vfl: 0.4456 (0.5167)  loss_bbox: 0.1244 (0.1666)  loss_giou: 0.2667 (0.3047)  loss_fgl: 1.0010 (1.0072)  loss_vfl_aux_0: 0.5308 (0.5930)  loss_bbox_aux_0: 0.1521 (0.1969)  loss_giou_aux_0: 0.2995 (0.3375)  loss_fgl_aux_0: 1.0692 (1.0777)  loss_ddf_aux_0: 0.0585 (0.0769)  loss_vfl_aux_1: 0.4492 (0.5456)  loss_bbox_aux_1: 0.1374 (0.1712)  loss_giou_aux_1: 0.2745 (0.3099)  loss_fgl_aux_1: 1.0074 (1.0138)  loss_ddf_aux_1: 0.0055 (0.0081)  loss_vfl_aux_2: 0.4285 (0.5229)  loss_bbox_aux_2: 0.1290 (0.1666)  loss_giou_aux_2: 0.2653 (0.3046)  loss_fgl_aux_2: 0.9991 (1.0072)  loss_ddf_aux_2: 0.0002 (0.0001)  loss_vfl_pre: 0.5352 (0.5957)  loss_bbox_pre: 0.1515 (0.2024)  loss_giou_pre: 0.3009 (0.3381)  loss_vfl_enc_0: 0.6187 (0.6796)  loss_bbox_enc_0: 0.2336 (0.3235)  loss_giou_enc_0: 0.4035 (0.4499)  loss_vfl_dn_0: 0.4368 (0.4512)  loss_bbox_dn_0: 0.1991 (0.2554)  loss_giou_dn_0: 0.3602 (0.3927)  loss_fgl_dn_0: 1.1531 (1.1495)  loss_ddf_dn_0: 0.3032 (0.3528)  loss_vfl_dn_1: 0.3320 (0.3517)  loss_bbox_dn_1: 0.1346 (0.1744)  loss_giou_dn_1: 0.2602 (0.2823)  loss_fgl_dn_1: 0.9711 (0.9929)  loss_ddf_dn_1: 0.0412 (0.0428)  loss_vfl_dn_2: 0.3206 (0.3375)  loss_bbox_dn_2: 0.1304 (0.1639)  loss_giou_dn_2: 0.2427 (0.2709)  loss_fgl_dn_2: 0.9584 (0.9778)  loss_ddf_dn_2: 0.0016 (0.0014)  loss_vfl_dn_3: 0.3184 (0.3358)  loss_bbox_dn_3: 0.1284 (0.1631)  loss_giou_dn_3: 0.2409 (0.2703)  loss_fgl_dn_3: 0.9601 (0.9778)  loss_ddf_dn_3: 0.0000 (0.0000)  loss_vfl_dn_pre: 0.4353 (0.4507)  loss_bbox_dn_pre: 0.2222 (0.2685)  loss_giou_dn_pre: 0.3667 (0.3955)  time: 1.2376  data: 0.0764  max mem: 5323
Epoch: [8/15] Total time: 0:10:07 (1.5487 s / it)
Averaged stats: lr: 0.000025  loss: 18.5725 (19.9752)  loss_vfl: 0.4456 (0.5167)  loss_bbox: 0.1244 (0.1666)  loss_giou: 0.2667 (0.3047)  loss_fgl: 1.0010 (1.0072)  loss_vfl_aux_0: 0.5308 (0.5930)  loss_bbox_aux_0: 0.1521 (0.1969)  loss_giou_aux_0: 0.2995 (0.3375)  loss_fgl_aux_0: 1.0692 (1.0777)  loss_ddf_aux_0: 0.0585 (0.0769)  loss_vfl_aux_1: 0.4492 (0.5456)  loss_bbox_aux_1: 0.1374 (0.1712)  loss_giou_aux_1: 0.2745 (0.3099)  loss_fgl_aux_1: 1.0074 (1.0138)  loss_ddf_aux_1: 0.0055 (0.0081)  loss_vfl_aux_2: 0.4285 (0.5229)  loss_bbox_aux_2: 0.1290 (0.1666)  loss_giou_aux_2: 0.2653 (0.3046)  loss_fgl_aux_2: 0.9991 (1.0072)  loss_ddf_aux_2: 0.0002 (0.0001)  loss_vfl_pre: 0.5352 (0.5957)  loss_bbox_pre: 0.1515 (0.2024)  loss_giou_pre: 0.3009 (0.3381)  loss_vfl_enc_0: 0.6187 (0.6796)  loss_bbox_enc_0: 0.2336 (0.3235)  loss_giou_enc_0: 0.4035 (0.4499)  loss_vfl_dn_0: 0.4368 (0.4512)  loss_bbox_dn_0: 0.1991 (0.2554)  loss_giou_dn_0: 0.3602 (0.3927)  loss_fgl_dn_0: 1.1531 (1.1495)  loss_ddf_dn_0: 0.3032 (0.3528)  loss_vfl_dn_1: 0.3320 (0.3517)  loss_bbox_dn_1: 0.1346 (0.1744)  loss_giou_dn_1: 0.2602 (0.2823)  loss_fgl_dn_1: 0.9711 (0.9929)  loss_ddf_dn_1: 0.0412 (0.0428)  loss_vfl_dn_2: 0.3206 (0.3375)  loss_bbox_dn_2: 0.1304 (0.1639)  loss_giou_dn_2: 0.2427 (0.2709)  loss_fgl_dn_2: 0.9584 (0.9778)  loss_ddf_dn_2: 0.0016 (0.0014)  loss_vfl_dn_3: 0.3184 (0.3358)  loss_bbox_dn_3: 0.1284 (0.1631)  loss_giou_dn_3: 0.2409 (0.2703)  loss_fgl_dn_3: 0.9601 (0.9778)  loss_ddf_dn_3: 0.0000 (0.0000)  loss_vfl_dn_pre: 0.4353 (0.4507)  loss_bbox_dn_pre: 0.2222 (0.2685)  loss_giou_dn_pre: 0.3667 (0.3955)
Test:  [ 0/49]  eta: 1:33:26    time: 114.4206  data: 114.1318  max mem: 5323
Test:  [10/49]  eta: 0:06:52    time: 10.5849  data: 10.3778  max mem: 5323
Test:  [20/49]  eta: 0:02:43    time: 0.2107  data: 0.0023  max mem: 5323
Test:  [30/49]  eta: 0:01:14    time: 0.2186  data: 0.0025  max mem: 5323
Test:  [40/49]  eta: 0:00:27    time: 0.2332  data: 0.0228  max mem: 5323
Test:  [48/49]  eta: 0:00:02    time: 0.2320  data: 0.0223  max mem: 5323
Test: Total time: 0:02:06 (2.5838 s / it)
Metrics: {'f1': 0.8796185935637664, 'precision': 0.8934624697336562, 'recall': 0.8661971830985915, 'iou': 0.6954812473439156, 'TPs': 369, 'FPs': 44, 'FNs': 57}
Averaged stats: 
Accumulating evaluation results...
COCOeval_opt.accumulate() finished...
DONE (t=0.08s).
IoU metric: bbox
 Average Precision  (AP) @[ IoU=0.50:0.95 | area=   all | maxDets=100 ] = 0.580
 Average Precision  (AP) @[ IoU=0.50      | area=   all | maxDets=100 ] = 0.848
 Average Precision  (AP) @[ IoU=0.75      | area=   all | maxDets=100 ] = 0.648
 Average Precision  (AP) @[ IoU=0.50:0.95 | area= small | maxDets=100 ] = 0.142
 Average Precision  (AP) @[ IoU=0.50:0.95 | area=medium | maxDets=100 ] = 0.593
 Average Precision  (AP) @[ IoU=0.50:0.95 | area= large | maxDets=100 ] = 0.560
 Average Recall     (AR) @[ IoU=0.50:0.95 | area=   all | maxDets=  1 ] = 0.514
 Average Recall     (AR) @[ IoU=0.50:0.95 | area=   all | maxDets= 10 ] = 0.688
 Average Recall     (AR) @[ IoU=0.50:0.95 | area=   all | maxDets=100 ] = 0.769
 Average Recall     (AR) @[ IoU=0.50:0.95 | area= small | maxDets=100 ] = 0.333
 Average Recall     (AR) @[ IoU=0.50:0.95 | area=medium | maxDets=100 ] = 0.767
 Average Recall     (AR) @[ IoU=0.50:0.95 | area= large | maxDets=100 ] = 0.764
 Average Recall     (AR) @[ IoU=0.50      | area=   all | maxDets=100 ] = 0.990
 Average Recall     (AR) @[ IoU=0.75      | area=   all | maxDets=100 ] = 0.903
best_map50: epoch=8, AP50=0.848490
best_stat: {'epoch': 8, 'coco_eval_bbox': 0.5795208433007231}
Epoch: [9/15]  [  0/392]  eta: 12:30:28  lr: 0.000025  loss: 17.1111 (17.1111)  loss_vfl: 0.3127 (0.3127)  loss_bbox: 0.1382 (0.1382)  loss_giou: 0.2070 (0.2070)  loss_fgl: 0.9656 (0.9656)  loss_vfl_aux_0: 0.3694 (0.3694)  loss_bbox_aux_0: 0.1492 (0.1492)  loss_giou_aux_0: 0.2191 (0.2191)  loss_fgl_aux_0: 0.9762 (0.9762)  loss_ddf_aux_0: 0.0664 (0.0664)  loss_vfl_aux_1: 0.3545 (0.3545)  loss_bbox_aux_1: 0.1390 (0.1390)  loss_giou_aux_1: 0.2103 (0.2103)  loss_fgl_aux_1: 0.9749 (0.9749)  loss_ddf_aux_1: 0.0060 (0.0060)  loss_vfl_aux_2: 0.3157 (0.3157)  loss_bbox_aux_2: 0.1378 (0.1378)  loss_giou_aux_2: 0.2057 (0.2057)  loss_fgl_aux_2: 0.9665 (0.9665)  loss_ddf_aux_2: 0.0000 (0.0000)  loss_vfl_pre: 0.3662 (0.3662)  loss_bbox_pre: 0.1279 (0.1279)  loss_giou_pre: 0.2048 (0.2048)  loss_vfl_enc_0: 0.6387 (0.6387)  loss_bbox_enc_0: 0.2579 (0.2579)  loss_giou_enc_0: 0.3076 (0.3076)  loss_vfl_dn_0: 0.4292 (0.4292)  loss_bbox_dn_0: 0.2227 (0.2227)  loss_giou_dn_0: 0.3206 (0.3206)  loss_fgl_dn_0: 1.1491 (1.1491)  loss_ddf_dn_0: 0.4461 (0.4461)  loss_vfl_dn_1: 0.3252 (0.3252)  loss_bbox_dn_1: 0.1391 (0.1391)  loss_giou_dn_1: 0.2182 (0.2182)  loss_fgl_dn_1: 0.9936 (0.9936)  loss_ddf_dn_1: 0.0389 (0.0389)  loss_vfl_dn_2: 0.3008 (0.3008)  loss_bbox_dn_2: 0.1273 (0.1273)  loss_giou_dn_2: 0.2045 (0.2045)  loss_fgl_dn_2: 0.9702 (0.9702)  loss_ddf_dn_2: 0.0023 (0.0023)  loss_vfl_dn_3: 0.2964 (0.2964)  loss_bbox_dn_3: 0.1282 (0.1282)  loss_giou_dn_3: 0.2044 (0.2044)  loss_fgl_dn_3: 0.9697 (0.9697)  loss_ddf_dn_3: 0.0000 (0.0000)  loss_vfl_dn_pre: 0.4248 (0.4248)  loss_bbox_dn_pre: 0.2574 (0.2574)  loss_giou_dn_pre: 0.3252 (0.3252)  time: 114.8686  data: 113.6540  max mem: 5323
Epoch: [9/15]  [100/392]  eta: 0:11:44  lr: 0.000025  loss: 20.0743 (19.9236)  loss_vfl: 0.4922 (0.5063)  loss_bbox: 0.1519 (0.1712)  loss_giou: 0.2685 (0.2966)  loss_fgl: 1.0171 (1.0186)  loss_vfl_aux_0: 0.5869 (0.5864)  loss_bbox_aux_0: 0.1809 (0.2003)  loss_giou_aux_0: 0.2902 (0.3302)  loss_fgl_aux_0: 1.0705 (1.0883)  loss_ddf_aux_0: 0.0636 (0.0747)  loss_vfl_aux_1: 0.5137 (0.5511)  loss_bbox_aux_1: 0.1537 (0.1746)  loss_giou_aux_1: 0.2647 (0.3010)  loss_fgl_aux_1: 1.0204 (1.0258)  loss_ddf_aux_1: 0.0058 (0.0072)  loss_vfl_aux_2: 0.4834 (0.5080)  loss_bbox_aux_2: 0.1524 (0.1714)  loss_giou_aux_2: 0.2611 (0.2966)  loss_fgl_aux_2: 1.0187 (1.0186)  loss_ddf_aux_2: 0.0002 (0.0002)  loss_vfl_pre: 0.5811 (0.5924)  loss_bbox_pre: 0.1719 (0.2073)  loss_giou_pre: 0.2973 (0.3306)  loss_vfl_enc_0: 0.6387 (0.6733)  loss_bbox_enc_0: 0.2671 (0.3395)  loss_giou_enc_0: 0.4324 (0.4441)  loss_vfl_dn_0: 0.4565 (0.4520)  loss_bbox_dn_0: 0.2893 (0.2577)  loss_giou_dn_0: 0.3734 (0.3806)  loss_fgl_dn_0: 1.1335 (1.1537)  loss_ddf_dn_0: 0.3382 (0.3457)  loss_vfl_dn_1: 0.3733 (0.3508)  loss_bbox_dn_1: 0.1655 (0.1741)  loss_giou_dn_1: 0.2588 (0.2710)  loss_fgl_dn_1: 0.9826 (0.9949)  loss_ddf_dn_1: 0.0385 (0.0427)  loss_vfl_dn_2: 0.3560 (0.3330)  loss_bbox_dn_2: 0.1446 (0.1647)  loss_giou_dn_2: 0.2476 (0.2601)  loss_fgl_dn_2: 0.9534 (0.9791)  loss_ddf_dn_2: 0.0012 (0.0018)  loss_vfl_dn_3: 0.3501 (0.3323)  loss_bbox_dn_3: 0.1438 (0.1645)  loss_giou_dn_3: 0.2477 (0.2601)  loss_fgl_dn_3: 0.9528 (0.9793)  loss_ddf_dn_3: 0.0000 (0.0000)  loss_vfl_dn_pre: 0.4558 (0.4516)  loss_bbox_dn_pre: 0.2981 (0.2747)  loss_giou_dn_pre: 0.3735 (0.3846)  time: 1.4638  data: 0.3785  max mem: 5323
Epoch: [9/15]  [200/392]  eta: 0:05:53  lr: 0.000025  loss: 18.9823 (19.6943)  loss_vfl: 0.4673 (0.5007)  loss_bbox: 0.1217 (0.1619)  loss_giou: 0.2581 (0.2943)  loss_fgl: 0.9791 (1.0086)  loss_vfl_aux_0: 0.5034 (0.5785)  loss_bbox_aux_0: 0.1490 (0.1914)  loss_giou_aux_0: 0.2986 (0.3268)  loss_fgl_aux_0: 1.0501 (1.0783)  loss_ddf_aux_0: 0.0654 (0.0715)  loss_vfl_aux_1: 0.4890 (0.5313)  loss_bbox_aux_1: 0.1365 (0.1664)  loss_giou_aux_1: 0.2683 (0.2994)  loss_fgl_aux_1: 0.9885 (1.0167)  loss_ddf_aux_1: 0.0062 (0.0072)  loss_vfl_aux_2: 0.4824 (0.5004)  loss_bbox_aux_2: 0.1205 (0.1619)  loss_giou_aux_2: 0.2586 (0.2943)  loss_fgl_aux_2: 0.9783 (1.0086)  loss_ddf_aux_2: 0.0002 (0.0002)  loss_vfl_pre: 0.5059 (0.5829)  loss_bbox_pre: 0.1661 (0.1965)  loss_giou_pre: 0.3033 (0.3268)  loss_vfl_enc_0: 0.5854 (0.6704)  loss_bbox_enc_0: 0.3487 (0.3288)  loss_giou_enc_0: 0.4154 (0.4384)  loss_vfl_dn_0: 0.4338 (0.4484)  loss_bbox_dn_0: 0.2209 (0.2533)  loss_giou_dn_0: 0.3602 (0.3841)  loss_fgl_dn_0: 1.1357 (1.1514)  loss_ddf_dn_0: 0.3621 (0.3466)  loss_vfl_dn_1: 0.3337 (0.3477)  loss_bbox_dn_1: 0.1278 (0.1689)  loss_giou_dn_1: 0.2355 (0.2727)  loss_fgl_dn_1: 0.9454 (0.9895)  loss_ddf_dn_1: 0.0407 (0.0418)  loss_vfl_dn_2: 0.3140 (0.3307)  loss_bbox_dn_2: 0.1206 (0.1584)  loss_giou_dn_2: 0.2267 (0.2606)  loss_fgl_dn_2: 0.9286 (0.9723)  loss_ddf_dn_2: 0.0018 (0.0018)  loss_vfl_dn_3: 0.3140 (0.3292)  loss_bbox_dn_3: 0.1207 (0.1575)  loss_giou_dn_3: 0.2256 (0.2603)  loss_fgl_dn_3: 0.9281 (0.9725)  loss_ddf_dn_3: 0.0000 (0.0000)  loss_vfl_dn_pre: 0.4346 (0.4481)  loss_bbox_dn_pre: 0.2136 (0.2686)  loss_giou_dn_pre: 0.3633 (0.3877)  time: 1.1786  data: 0.0023  max mem: 5323
Epoch: [9/15]  [300/392]  eta: 0:02:30  lr: 0.000025  loss: 20.8266 (19.7120)  loss_vfl: 0.4722 (0.4914)  loss_bbox: 0.1453 (0.1647)  loss_giou: 0.3448 (0.3028)  loss_fgl: 0.9732 (1.0063)  loss_vfl_aux_0: 0.5103 (0.5693)  loss_bbox_aux_0: 0.1960 (0.1942)  loss_giou_aux_0: 0.3971 (0.3348)  loss_fgl_aux_0: 1.0436 (1.0755)  loss_ddf_aux_0: 0.0620 (0.0730)  loss_vfl_aux_1: 0.4897 (0.5235)  loss_bbox_aux_1: 0.1646 (0.1688)  loss_giou_aux_1: 0.3617 (0.3075)  loss_fgl_aux_1: 0.9873 (1.0135)  loss_ddf_aux_1: 0.0062 (0.0075)  loss_vfl_aux_2: 0.4199 (0.4923)  loss_bbox_aux_2: 0.1467 (0.1647)  loss_giou_aux_2: 0.3453 (0.3027)  loss_fgl_aux_2: 0.9735 (1.0063)  loss_ddf_aux_2: 0.0001 (0.0002)  loss_vfl_pre: 0.5024 (0.5732)  loss_bbox_pre: 0.1838 (0.1979)  loss_giou_pre: 0.4012 (0.3341)  loss_vfl_enc_0: 0.6499 (0.6663)  loss_bbox_enc_0: 0.3283 (0.3311)  loss_giou_enc_0: 0.4774 (0.4430)  loss_vfl_dn_0: 0.4304 (0.4477)  loss_bbox_dn_0: 0.2413 (0.2498)  loss_giou_dn_0: 0.4277 (0.3845)  loss_fgl_dn_0: 1.1276 (1.1483)  loss_ddf_dn_0: 0.3570 (0.3560)  loss_vfl_dn_1: 0.3384 (0.3473)  loss_bbox_dn_1: 0.1686 (0.1690)  loss_giou_dn_1: 0.3068 (0.2745)  loss_fgl_dn_1: 0.9640 (0.9909)  loss_ddf_dn_1: 0.0407 (0.0437)  loss_vfl_dn_2: 0.3157 (0.3316)  loss_bbox_dn_2: 0.1642 (0.1590)  loss_giou_dn_2: 0.2959 (0.2628)  loss_fgl_dn_2: 0.9507 (0.9748)  loss_ddf_dn_2: 0.0014 (0.0017)  loss_vfl_dn_3: 0.3066 (0.3304)  loss_bbox_dn_3: 0.1632 (0.1581)  loss_giou_dn_3: 0.2938 (0.2625)  loss_fgl_dn_3: 0.9505 (0.9750)  loss_ddf_dn_3: 0.0000 (0.0000)  loss_vfl_dn_pre: 0.4307 (0.4474)  loss_bbox_dn_pre: 0.2506 (0.2644)  loss_giou_dn_pre: 0.4252 (0.3877)  time: 1.1760  data: 0.0513  max mem: 5323
Epoch: [9/15]  [391/392]  eta: 0:00:01  lr: 0.000025  loss: 20.5173 (19.7865)  loss_vfl: 0.6167 (0.4925)  loss_bbox: 0.1160 (0.1648)  loss_giou: 0.3042 (0.3071)  loss_fgl: 1.0071 (1.0077)  loss_vfl_aux_0: 0.6289 (0.5695)  loss_bbox_aux_0: 0.1299 (0.1956)  loss_giou_aux_0: 0.3202 (0.3394)  loss_fgl_aux_0: 1.0968 (1.0775)  loss_ddf_aux_0: 0.0593 (0.0733)  loss_vfl_aux_1: 0.6299 (0.5252)  loss_bbox_aux_1: 0.1227 (0.1691)  loss_giou_aux_1: 0.3032 (0.3123)  loss_fgl_aux_1: 1.0031 (1.0151)  loss_ddf_aux_1: 0.0066 (0.0076)  loss_vfl_aux_2: 0.5894 (0.4961)  loss_bbox_aux_2: 0.1158 (0.1648)  loss_giou_aux_2: 0.3041 (0.3071)  loss_fgl_aux_2: 1.0068 (1.0077)  loss_ddf_aux_2: 0.0001 (0.0002)  loss_vfl_pre: 0.6265 (0.5727)  loss_bbox_pre: 0.1322 (0.1999)  loss_giou_pre: 0.3238 (0.3396)  loss_vfl_enc_0: 0.6885 (0.6634)  loss_bbox_enc_0: 0.2432 (0.3282)  loss_giou_enc_0: 0.4481 (0.4480)  loss_vfl_dn_0: 0.4553 (0.4478)  loss_bbox_dn_0: 0.2162 (0.2492)  loss_giou_dn_0: 0.4320 (0.3898)  loss_fgl_dn_0: 1.1611 (1.1484)  loss_ddf_dn_0: 0.3407 (0.3623)  loss_vfl_dn_1: 0.3552 (0.3486)  loss_bbox_dn_1: 0.1339 (0.1688)  loss_giou_dn_1: 0.3009 (0.2789)  loss_fgl_dn_1: 1.0147 (0.9913)  loss_ddf_dn_1: 0.0395 (0.0441)  loss_vfl_dn_2: 0.3442 (0.3333)  loss_bbox_dn_2: 0.1283 (0.1592)  loss_giou_dn_2: 0.2830 (0.2675)  loss_fgl_dn_2: 0.9975 (0.9751)  loss_ddf_dn_2: 0.0007 (0.0016)  loss_vfl_dn_3: 0.3389 (0.3319)  loss_bbox_dn_3: 0.1282 (0.1585)  loss_giou_dn_3: 0.2806 (0.2671)  loss_fgl_dn_3: 0.9981 (0.9753)  loss_ddf_dn_3: 0.0000 (0.0000)  loss_vfl_dn_pre: 0.4578 (0.4476)  loss_bbox_dn_pre: 0.2263 (0.2630)  loss_giou_dn_pre: 0.4336 (0.3928)  time: 1.5096  data: 0.3607  max mem: 5323
Epoch: [9/15] Total time: 0:10:16 (1.5724 s / it)
Averaged stats: lr: 0.000025  loss: 20.5173 (19.7865)  loss_vfl: 0.6167 (0.4925)  loss_bbox: 0.1160 (0.1648)  loss_giou: 0.3042 (0.3071)  loss_fgl: 1.0071 (1.0077)  loss_vfl_aux_0: 0.6289 (0.5695)  loss_bbox_aux_0: 0.1299 (0.1956)  loss_giou_aux_0: 0.3202 (0.3394)  loss_fgl_aux_0: 1.0968 (1.0775)  loss_ddf_aux_0: 0.0593 (0.0733)  loss_vfl_aux_1: 0.6299 (0.5252)  loss_bbox_aux_1: 0.1227 (0.1691)  loss_giou_aux_1: 0.3032 (0.3123)  loss_fgl_aux_1: 1.0031 (1.0151)  loss_ddf_aux_1: 0.0066 (0.0076)  loss_vfl_aux_2: 0.5894 (0.4961)  loss_bbox_aux_2: 0.1158 (0.1648)  loss_giou_aux_2: 0.3041 (0.3071)  loss_fgl_aux_2: 1.0068 (1.0077)  loss_ddf_aux_2: 0.0001 (0.0002)  loss_vfl_pre: 0.6265 (0.5727)  loss_bbox_pre: 0.1322 (0.1999)  loss_giou_pre: 0.3238 (0.3396)  loss_vfl_enc_0: 0.6885 (0.6634)  loss_bbox_enc_0: 0.2432 (0.3282)  loss_giou_enc_0: 0.4481 (0.4480)  loss_vfl_dn_0: 0.4553 (0.4478)  loss_bbox_dn_0: 0.2162 (0.2492)  loss_giou_dn_0: 0.4320 (0.3898)  loss_fgl_dn_0: 1.1611 (1.1484)  loss_ddf_dn_0: 0.3407 (0.3623)  loss_vfl_dn_1: 0.3552 (0.3486)  loss_bbox_dn_1: 0.1339 (0.1688)  loss_giou_dn_1: 0.3009 (0.2789)  loss_fgl_dn_1: 1.0147 (0.9913)  loss_ddf_dn_1: 0.0395 (0.0441)  loss_vfl_dn_2: 0.3442 (0.3333)  loss_bbox_dn_2: 0.1283 (0.1592)  loss_giou_dn_2: 0.2830 (0.2675)  loss_fgl_dn_2: 0.9975 (0.9751)  loss_ddf_dn_2: 0.0007 (0.0016)  loss_vfl_dn_3: 0.3389 (0.3319)  loss_bbox_dn_3: 0.1282 (0.1585)  loss_giou_dn_3: 0.2806 (0.2671)  loss_fgl_dn_3: 0.9981 (0.9753)  loss_ddf_dn_3: 0.0000 (0.0000)  loss_vfl_dn_pre: 0.4578 (0.4476)  loss_bbox_dn_pre: 0.2263 (0.2630)  loss_giou_dn_pre: 0.4336 (0.3928)
Test:  [ 0/49]  eta: 1:33:27    time: 114.4438  data: 114.1221  max mem: 5323
Test:  [10/49]  eta: 0:06:53    time: 10.5904  data: 10.3773  max mem: 5323
Test:  [20/49]  eta: 0:02:43    time: 0.1988  data: 0.0026  max mem: 5323
Test:  [30/49]  eta: 0:01:14    time: 0.2135  data: 0.0133  max mem: 5323
Test:  [40/49]  eta: 0:00:26    time: 0.2257  data: 0.0269  max mem: 5323
Test:  [48/49]  eta: 0:00:02    time: 0.2034  data: 0.0155  max mem: 5323
Test: Total time: 0:02:05 (2.5713 s / it)
Metrics: {'f1': 0.8995215311004785, 'precision': 0.9170731707317074, 'recall': 0.8826291079812206, 'iou': 0.7212873337061508, 'TPs': 376, 'FPs': 34, 'FNs': 50}
Averaged stats: 
Accumulating evaluation results...
COCOeval_opt.accumulate() finished...
DONE (t=0.07s).
IoU metric: bbox
 Average Precision  (AP) @[ IoU=0.50:0.95 | area=   all | maxDets=100 ] = 0.585
 Average Precision  (AP) @[ IoU=0.50      | area=   all | maxDets=100 ] = 0.862
 Average Precision  (AP) @[ IoU=0.75      | area=   all | maxDets=100 ] = 0.635
 Average Precision  (AP) @[ IoU=0.50:0.95 | area= small | maxDets=100 ] = 0.201
 Average Precision  (AP) @[ IoU=0.50:0.95 | area=medium | maxDets=100 ] = 0.653
 Average Precision  (AP) @[ IoU=0.50:0.95 | area= large | maxDets=100 ] = 0.568
 Average Recall     (AR) @[ IoU=0.50:0.95 | area=   all | maxDets=  1 ] = 0.514
 Average Recall     (AR) @[ IoU=0.50:0.95 | area=   all | maxDets= 10 ] = 0.685
 Average Recall     (AR) @[ IoU=0.50:0.95 | area=   all | maxDets=100 ] = 0.757
 Average Recall     (AR) @[ IoU=0.50:0.95 | area= small | maxDets=100 ] = 0.267
 Average Recall     (AR) @[ IoU=0.50:0.95 | area=medium | maxDets=100 ] = 0.750
 Average Recall     (AR) @[ IoU=0.50:0.95 | area= large | maxDets=100 ] = 0.752
 Average Recall     (AR) @[ IoU=0.50      | area=   all | maxDets=100 ] = 0.986
 Average Recall     (AR) @[ IoU=0.75      | area=   all | maxDets=100 ] = 0.844
best_map50: epoch=9, AP50=0.862355
best_stat: {'epoch': 9, 'coco_eval_bbox': 0.5845575084064039}
Load last_epoch
Load model.state_dict
Load criterion.state_dict
Load postprocessor.state_dict
Load ema.state_dict
Load scaler.state_dict
Load optimizer.state_dict
Load lr_scheduler.state_dict
Load lr_warmup_scheduler.state_dict
Refresh EMA at epoch 10 with decay 0.9999
Epoch: [10/15]  [  0/392]  eta: 12:30:03  lr: 0.000025  loss: 19.3985 (19.3985)  loss_vfl: 0.3372 (0.3372)  loss_bbox: 0.1983 (0.1983)  loss_giou: 0.2297 (0.2297)  loss_fgl: 0.9816 (0.9816)  loss_vfl_aux_0: 0.3784 (0.3784)  loss_bbox_aux_0: 0.3116 (0.3116)  loss_giou_aux_0: 0.2650 (0.2650)  loss_fgl_aux_0: 1.0229 (1.0229)  loss_ddf_aux_0: 0.1109 (0.1109)  loss_vfl_aux_1: 0.3359 (0.3359)  loss_bbox_aux_1: 0.1877 (0.1877)  loss_giou_aux_1: 0.2199 (0.2199)  loss_fgl_aux_1: 0.9681 (0.9681)  loss_ddf_aux_1: 0.0161 (0.0161)  loss_vfl_aux_2: 0.3582 (0.3582)  loss_bbox_aux_2: 0.1997 (0.1997)  loss_giou_aux_2: 0.2305 (0.2305)  loss_fgl_aux_2: 0.9823 (0.9823)  loss_ddf_aux_2: -0.0000 (-0.0000)  loss_vfl_pre: 0.3792 (0.3792)  loss_bbox_pre: 0.3775 (0.3775)  loss_giou_pre: 0.2886 (0.2886)  loss_vfl_enc_0: 0.7339 (0.7339)  loss_bbox_enc_0: 0.5402 (0.5402)  loss_giou_enc_0: 0.3892 (0.3892)  loss_vfl_dn_0: 0.4675 (0.4675)  loss_bbox_dn_0: 0.3669 (0.3669)  loss_giou_dn_0: 0.3305 (0.3305)  loss_fgl_dn_0: 1.1403 (1.1403)  loss_ddf_dn_0: 0.5667 (0.5667)  loss_vfl_dn_1: 0.3577 (0.3577)  loss_bbox_dn_1: 0.2318 (0.2318)  loss_giou_dn_1: 0.2462 (0.2462)  loss_fgl_dn_1: 0.9847 (0.9847)  loss_ddf_dn_1: 0.0735 (0.0735)  loss_vfl_dn_2: 0.3342 (0.3342)  loss_bbox_dn_2: 0.1718 (0.1718)  loss_giou_dn_2: 0.2211 (0.2211)  loss_fgl_dn_2: 0.9660 (0.9660)  loss_ddf_dn_2: 0.0021 (0.0021)  loss_vfl_dn_3: 0.3279 (0.3279)  loss_bbox_dn_3: 0.1726 (0.1726)  loss_giou_dn_3: 0.2222 (0.2222)  loss_fgl_dn_3: 0.9643 (0.9643)  loss_ddf_dn_3: 0.0000 (0.0000)  loss_vfl_dn_pre: 0.4658 (0.4658)  loss_bbox_dn_pre: 0.4016 (0.4016)  loss_giou_dn_pre: 0.3409 (0.3409)  time: 114.8047  data: 113.5194  max mem: 5323
Epoch: [10/15]  [100/392]  eta: 0:10:45  lr: 0.000025  loss: 17.5485 (18.5722)  loss_vfl: 0.3972 (0.4472)  loss_bbox: 0.1128 (0.1496)  loss_giou: 0.2103 (0.2633)  loss_fgl: 0.9836 (0.9942)  loss_vfl_aux_0: 0.4023 (0.5091)  loss_bbox_aux_0: 0.1324 (0.1816)  loss_giou_aux_0: 0.2349 (0.2948)  loss_fgl_aux_0: 1.0151 (1.0622)  loss_ddf_aux_0: 0.0633 (0.0746)  loss_vfl_aux_1: 0.4202 (0.4577)  loss_bbox_aux_1: 0.1076 (0.1529)  loss_giou_aux_1: 0.2071 (0.2683)  loss_fgl_aux_1: 0.9878 (1.0003)  loss_ddf_aux_1: 0.0067 (0.0079)  loss_vfl_aux_2: 0.3723 (0.4415)  loss_bbox_aux_2: 0.1125 (0.1496)  loss_giou_aux_2: 0.2134 (0.2635)  loss_fgl_aux_2: 0.9851 (0.9941)  loss_ddf_aux_2: 0.0003 (0.0002)  loss_vfl_pre: 0.4038 (0.5084)  loss_bbox_pre: 0.1397 (0.1833)  loss_giou_pre: 0.2289 (0.2938)  loss_vfl_enc_0: 0.4885 (0.6091)  loss_bbox_enc_0: 0.2629 (0.3154)  loss_giou_enc_0: 0.3301 (0.3930)  loss_vfl_dn_0: 0.4150 (0.4332)  loss_bbox_dn_0: 0.1938 (0.2441)  loss_giou_dn_0: 0.3125 (0.3483)  loss_fgl_dn_0: 1.1449 (1.1425)  loss_ddf_dn_0: 0.3358 (0.3519)  loss_vfl_dn_1: 0.3147 (0.3241)  loss_bbox_dn_1: 0.1169 (0.1495)  loss_giou_dn_1: 0.2170 (0.2408)  loss_fgl_dn_1: 0.9474 (0.9724)  loss_ddf_dn_1: 0.0369 (0.0392)  loss_vfl_dn_2: 0.3022 (0.3068)  loss_bbox_dn_2: 0.1106 (0.1374)  loss_giou_dn_2: 0.2043 (0.2292)  loss_fgl_dn_2: 0.9380 (0.9536)  loss_ddf_dn_2: 0.0013 (0.0012)  loss_vfl_dn_3: 0.3005 (0.3049)  loss_bbox_dn_3: 0.1104 (0.1366)  loss_giou_dn_3: 0.2017 (0.2287)  loss_fgl_dn_3: 0.9388 (0.9535)  loss_ddf_dn_3: 0.0000 (0.0000)  loss_vfl_dn_pre: 0.4165 (0.4332)  loss_bbox_dn_pre: 0.2174 (0.2696)  loss_giou_dn_pre: 0.3136 (0.3556)  time: 1.1293  data: 0.0025  max mem: 5323
Epoch: [10/15]  [200/392]  eta: 0:05:14  lr: 0.000025  loss: 18.1676 (18.2968)  loss_vfl: 0.3691 (0.4296)  loss_bbox: 0.1242 (0.1448)  loss_giou: 0.2354 (0.2517)  loss_fgl: 0.9812 (0.9857)  loss_vfl_aux_0: 0.4685 (0.4896)  loss_bbox_aux_0: 0.1542 (0.1753)  loss_giou_aux_0: 0.2667 (0.2820)  loss_fgl_aux_0: 1.0431 (1.0560)  loss_ddf_aux_0: 0.0720 (0.0721)  loss_vfl_aux_1: 0.4045 (0.4476)  loss_bbox_aux_1: 0.1281 (0.1480)  loss_giou_aux_1: 0.2315 (0.2558)  loss_fgl_aux_1: 0.9792 (0.9927)  loss_ddf_aux_1: 0.0051 (0.0074)  loss_vfl_aux_2: 0.3882 (0.4247)  loss_bbox_aux_2: 0.1237 (0.1449)  loss_giou_aux_2: 0.2358 (0.2518)  loss_fgl_aux_2: 0.9817 (0.9857)  loss_ddf_aux_2: -0.0000 (0.0001)  loss_vfl_pre: 0.4524 (0.4888)  loss_bbox_pre: 0.1511 (0.1795)  loss_giou_pre: 0.2797 (0.2820)  loss_vfl_enc_0: 0.5830 (0.5916)  loss_bbox_enc_0: 0.3332 (0.3232)  loss_giou_enc_0: 0.4016 (0.3877)  loss_vfl_dn_0: 0.4365 (0.4313)  loss_bbox_dn_0: 0.2277 (0.2451)  loss_giou_dn_0: 0.3169 (0.3385)  loss_fgl_dn_0: 1.1373 (1.1398)  loss_ddf_dn_0: 0.3396 (0.3475)  loss_vfl_dn_1: 0.3232 (0.3204)  loss_bbox_dn_1: 0.1425 (0.1527)  loss_giou_dn_1: 0.2195 (0.2354)  loss_fgl_dn_1: 0.9497 (0.9675)  loss_ddf_dn_1: 0.0312 (0.0394)  loss_vfl_dn_2: 0.3135 (0.3040)  loss_bbox_dn_2: 0.1353 (0.1409)  loss_giou_dn_2: 0.2115 (0.2241)  loss_fgl_dn_2: 0.9298 (0.9490)  loss_ddf_dn_2: 0.0005 (0.0012)  loss_vfl_dn_3: 0.3054 (0.3021)  loss_bbox_dn_3: 0.1351 (0.1402)  loss_giou_dn_3: 0.2118 (0.2236)  loss_fgl_dn_3: 0.9295 (0.9489)  loss_ddf_dn_3: 0.0000 (0.0000)  loss_vfl_dn_pre: 0.4373 (0.4308)  loss_bbox_dn_pre: 0.2769 (0.2705)  loss_giou_dn_pre: 0.3211 (0.3455)  time: 1.0178  data: 0.0021  max mem: 5323
Epoch: [10/15]  [300/392]  eta: 0:02:14  lr: 0.000025  loss: 16.8392 (18.1790)  loss_vfl: 0.3652 (0.4194)  loss_bbox: 0.1214 (0.1444)  loss_giou: 0.2307 (0.2501)  loss_fgl: 0.9450 (0.9816)  loss_vfl_aux_0: 0.4146 (0.4746)  loss_bbox_aux_0: 0.1400 (0.1750)  loss_giou_aux_0: 0.2505 (0.2787)  loss_fgl_aux_0: 1.0116 (1.0520)  loss_ddf_aux_0: 0.0813 (0.0732)  loss_vfl_aux_1: 0.4004 (0.4365)  loss_bbox_aux_1: 0.1240 (0.1485)  loss_giou_aux_1: 0.2286 (0.2546)  loss_fgl_aux_1: 0.9455 (0.9893)  loss_ddf_aux_1: 0.0068 (0.0073)  loss_vfl_aux_2: 0.3704 (0.4162)  loss_bbox_aux_2: 0.1213 (0.1444)  loss_giou_aux_2: 0.2305 (0.2501)  loss_fgl_aux_2: 0.9446 (0.9816)  loss_ddf_aux_2: 0.0001 (0.0001)  loss_vfl_pre: 0.4148 (0.4751)  loss_bbox_pre: 0.1368 (0.1806)  loss_giou_pre: 0.2660 (0.2790)  loss_vfl_enc_0: 0.5493 (0.5786)  loss_bbox_enc_0: 0.3771 (0.3287)  loss_giou_enc_0: 0.3861 (0.3903)  loss_vfl_dn_0: 0.4199 (0.4295)  loss_bbox_dn_0: 0.2359 (0.2456)  loss_giou_dn_0: 0.3172 (0.3354)  loss_fgl_dn_0: 1.1351 (1.1399)  loss_ddf_dn_0: 0.3907 (0.3521)  loss_vfl_dn_1: 0.3027 (0.3181)  loss_bbox_dn_1: 0.1377 (0.1527)  loss_giou_dn_1: 0.2011 (0.2324)  loss_fgl_dn_1: 0.9343 (0.9638)  loss_ddf_dn_1: 0.0554 (0.0413)  loss_vfl_dn_2: 0.2908 (0.3022)  loss_bbox_dn_2: 0.1294 (0.1407)  loss_giou_dn_2: 0.1945 (0.2213)  loss_fgl_dn_2: 0.9073 (0.9448)  loss_ddf_dn_2: 0.0013 (0.0012)  loss_vfl_dn_3: 0.2849 (0.2997)  loss_bbox_dn_3: 0.1287 (0.1401)  loss_giou_dn_3: 0.1936 (0.2208)  loss_fgl_dn_3: 0.9072 (0.9448)  loss_ddf_dn_3: 0.0000 (0.0000)  loss_vfl_dn_pre: 0.4204 (0.4289)  loss_bbox_dn_pre: 0.2548 (0.2712)  loss_giou_dn_pre: 0.3300 (0.3423)  time: 1.0327  data: 0.0019  max mem: 5323
Epoch: [10/15]  [391/392]  eta: 0:00:01  lr: 0.000025  loss: 17.0090 (18.1746)  loss_vfl: 0.3335 (0.4187)  loss_bbox: 0.1149 (0.1427)  loss_giou: 0.2176 (0.2511)  loss_fgl: 0.9381 (0.9817)  loss_vfl_aux_0: 0.3823 (0.4780)  loss_bbox_aux_0: 0.1478 (0.1733)  loss_giou_aux_0: 0.2424 (0.2803)  loss_fgl_aux_0: 1.0208 (1.0526)  loss_ddf_aux_0: 0.0694 (0.0746)  loss_vfl_aux_1: 0.3533 (0.4382)  loss_bbox_aux_1: 0.1241 (0.1465)  loss_giou_aux_1: 0.2121 (0.2552)  loss_fgl_aux_1: 0.9437 (0.9888)  loss_ddf_aux_1: 0.0053 (0.0074)  loss_vfl_aux_2: 0.3423 (0.4172)  loss_bbox_aux_2: 0.1145 (0.1428)  loss_giou_aux_2: 0.2164 (0.2511)  loss_fgl_aux_2: 0.9380 (0.9817)  loss_ddf_aux_2: 0.0001 (0.0002)  loss_vfl_pre: 0.3796 (0.4782)  loss_bbox_pre: 0.1439 (0.1774)  loss_giou_pre: 0.2333 (0.2802)  loss_vfl_enc_0: 0.5103 (0.5763)  loss_bbox_enc_0: 0.2842 (0.3296)  loss_giou_enc_0: 0.3632 (0.3929)  loss_vfl_dn_0: 0.4058 (0.4285)  loss_bbox_dn_0: 0.2234 (0.2421)  loss_giou_dn_0: 0.2995 (0.3357)  loss_fgl_dn_0: 1.1261 (1.1396)  loss_ddf_dn_0: 0.2885 (0.3543)  loss_vfl_dn_1: 0.2991 (0.3179)  loss_bbox_dn_1: 0.1312 (0.1492)  loss_giou_dn_1: 0.2135 (0.2319)  loss_fgl_dn_1: 0.9474 (0.9648)  loss_ddf_dn_1: 0.0334 (0.0427)  loss_vfl_dn_2: 0.2861 (0.3025)  loss_bbox_dn_2: 0.1209 (0.1376)  loss_giou_dn_2: 0.2078 (0.2210)  loss_fgl_dn_2: 0.9326 (0.9463)  loss_ddf_dn_2: 0.0008 (0.0012)  loss_vfl_dn_3: 0.2849 (0.3002)  loss_bbox_dn_3: 0.1203 (0.1370)  loss_giou_dn_3: 0.2096 (0.2206)  loss_fgl_dn_3: 0.9315 (0.9463)  loss_ddf_dn_3: 0.0000 (0.0000)  loss_vfl_dn_pre: 0.4045 (0.4280)  loss_bbox_dn_pre: 0.2406 (0.2679)  loss_giou_dn_pre: 0.3128 (0.3427)  time: 1.1191  data: 0.0023  max mem: 5323
Epoch: [10/15] Total time: 0:09:00 (1.3783 s / it)
Averaged stats: lr: 0.000025  loss: 17.0090 (18.1746)  loss_vfl: 0.3335 (0.4187)  loss_bbox: 0.1149 (0.1427)  loss_giou: 0.2176 (0.2511)  loss_fgl: 0.9381 (0.9817)  loss_vfl_aux_0: 0.3823 (0.4780)  loss_bbox_aux_0: 0.1478 (0.1733)  loss_giou_aux_0: 0.2424 (0.2803)  loss_fgl_aux_0: 1.0208 (1.0526)  loss_ddf_aux_0: 0.0694 (0.0746)  loss_vfl_aux_1: 0.3533 (0.4382)  loss_bbox_aux_1: 0.1241 (0.1465)  loss_giou_aux_1: 0.2121 (0.2552)  loss_fgl_aux_1: 0.9437 (0.9888)  loss_ddf_aux_1: 0.0053 (0.0074)  loss_vfl_aux_2: 0.3423 (0.4172)  loss_bbox_aux_2: 0.1145 (0.1428)  loss_giou_aux_2: 0.2164 (0.2511)  loss_fgl_aux_2: 0.9380 (0.9817)  loss_ddf_aux_2: 0.0001 (0.0002)  loss_vfl_pre: 0.3796 (0.4782)  loss_bbox_pre: 0.1439 (0.1774)  loss_giou_pre: 0.2333 (0.2802)  loss_vfl_enc_0: 0.5103 (0.5763)  loss_bbox_enc_0: 0.2842 (0.3296)  loss_giou_enc_0: 0.3632 (0.3929)  loss_vfl_dn_0: 0.4058 (0.4285)  loss_bbox_dn_0: 0.2234 (0.2421)  loss_giou_dn_0: 0.2995 (0.3357)  loss_fgl_dn_0: 1.1261 (1.1396)  loss_ddf_dn_0: 0.2885 (0.3543)  loss_vfl_dn_1: 0.2991 (0.3179)  loss_bbox_dn_1: 0.1312 (0.1492)  loss_giou_dn_1: 0.2135 (0.2319)  loss_fgl_dn_1: 0.9474 (0.9648)  loss_ddf_dn_1: 0.0334 (0.0427)  loss_vfl_dn_2: 0.2861 (0.3025)  loss_bbox_dn_2: 0.1209 (0.1376)  loss_giou_dn_2: 0.2078 (0.2210)  loss_fgl_dn_2: 0.9326 (0.9463)  loss_ddf_dn_2: 0.0008 (0.0012)  loss_vfl_dn_3: 0.2849 (0.3002)  loss_bbox_dn_3: 0.1203 (0.1370)  loss_giou_dn_3: 0.2096 (0.2206)  loss_fgl_dn_3: 0.9315 (0.9463)  loss_ddf_dn_3: 0.0000 (0.0000)  loss_vfl_dn_pre: 0.4045 (0.4280)  loss_bbox_dn_pre: 0.2406 (0.2679)  loss_giou_dn_pre: 0.3128 (0.3427)
Test:  [ 0/49]  eta: 1:34:26    time: 115.6347  data: 115.2534  max mem: 5323
Test:  [10/49]  eta: 0:06:57    time: 10.7032  data: 10.4796  max mem: 5323
Test:  [20/49]  eta: 0:02:45    time: 0.2103  data: 0.0024  max mem: 5323
Test:  [30/49]  eta: 0:01:14    time: 0.2130  data: 0.0035  max mem: 5323
Test:  [40/49]  eta: 0:00:27    time: 0.2300  data: 0.0221  max mem: 5323
Test:  [48/49]  eta: 0:00:02    time: 0.2271  data: 0.0208  max mem: 5323
Test: Total time: 0:02:07 (2.6084 s / it)
Metrics: {'f1': 0.8962264150943395, 'precision': 0.9004739336492891, 'recall': 0.892018779342723, 'iou': 0.7210837328790599, 'TPs': 380, 'FPs': 42, 'FNs': 46}
Averaged stats: 
Accumulating evaluation results...
COCOeval_opt.accumulate() finished...
DONE (t=0.08s).
IoU metric: bbox
 Average Precision  (AP) @[ IoU=0.50:0.95 | area=   all | maxDets=100 ] = 0.601
 Average Precision  (AP) @[ IoU=0.50      | area=   all | maxDets=100 ] = 0.870
 Average Precision  (AP) @[ IoU=0.75      | area=   all | maxDets=100 ] = 0.654
 Average Precision  (AP) @[ IoU=0.50:0.95 | area= small | maxDets=100 ] = 0.074
 Average Precision  (AP) @[ IoU=0.50:0.95 | area=medium | maxDets=100 ] = 0.656
 Average Precision  (AP) @[ IoU=0.50:0.95 | area= large | maxDets=100 ] = 0.585
 Average Recall     (AR) @[ IoU=0.50:0.95 | area=   all | maxDets=  1 ] = 0.531
 Average Recall     (AR) @[ IoU=0.50:0.95 | area=   all | maxDets= 10 ] = 0.707
 Average Recall     (AR) @[ IoU=0.50:0.95 | area=   all | maxDets=100 ] = 0.766
 Average Recall     (AR) @[ IoU=0.50:0.95 | area= small | maxDets=100 ] = 0.367
 Average Recall     (AR) @[ IoU=0.50:0.95 | area=medium | maxDets=100 ] = 0.789
 Average Recall     (AR) @[ IoU=0.50:0.95 | area= large | maxDets=100 ] = 0.758
 Average Recall     (AR) @[ IoU=0.50      | area=   all | maxDets=100 ] = 0.990
 Average Recall     (AR) @[ IoU=0.75      | area=   all | maxDets=100 ] = 0.867
best_map50: epoch=10, AP50=0.869511
best_stat: {'epoch': 10, 'coco_eval_bbox': 0.6007196041135247}
Epoch: [11/15]  [  0/392]  eta: 12:34:28  lr: 0.000025  loss: 18.7142 (18.7142)  loss_vfl: 0.3564 (0.3564)  loss_bbox: 0.2051 (0.2051)  loss_giou: 0.2477 (0.2477)  loss_fgl: 0.9879 (0.9879)  loss_vfl_aux_0: 0.4241 (0.4241)  loss_bbox_aux_0: 0.2475 (0.2475)  loss_giou_aux_0: 0.2844 (0.2844)  loss_fgl_aux_0: 1.0362 (1.0362)  loss_ddf_aux_0: 0.0718 (0.0718)  loss_vfl_aux_1: 0.3809 (0.3809)  loss_bbox_aux_1: 0.1968 (0.1968)  loss_giou_aux_1: 0.2531 (0.2531)  loss_fgl_aux_1: 0.9560 (0.9560)  loss_ddf_aux_1: 0.0067 (0.0067)  loss_vfl_aux_2: 0.3562 (0.3562)  loss_bbox_aux_2: 0.2051 (0.2051)  loss_giou_aux_2: 0.2477 (0.2477)  loss_fgl_aux_2: 0.9883 (0.9883)  loss_ddf_aux_2: -0.0001 (-0.0001)  loss_vfl_pre: 0.4172 (0.4172)  loss_bbox_pre: 0.2433 (0.2433)  loss_giou_pre: 0.2829 (0.2829)  loss_vfl_enc_0: 0.6348 (0.6348)  loss_bbox_enc_0: 0.3050 (0.3050)  loss_giou_enc_0: 0.3908 (0.3908)  loss_vfl_dn_0: 0.4412 (0.4412)  loss_bbox_dn_0: 0.2932 (0.2932)  loss_giou_dn_0: 0.4002 (0.4002)  loss_fgl_dn_0: 1.1704 (1.1704)  loss_ddf_dn_0: 0.4001 (0.4001)  loss_vfl_dn_1: 0.3101 (0.3101)  loss_bbox_dn_1: 0.1900 (0.1900)  loss_giou_dn_1: 0.2462 (0.2462)  loss_fgl_dn_1: 0.9737 (0.9737)  loss_ddf_dn_1: 0.0400 (0.0400)  loss_vfl_dn_2: 0.2981 (0.2981)  loss_bbox_dn_2: 0.1791 (0.1791)  loss_giou_dn_2: 0.2306 (0.2306)  loss_fgl_dn_2: 0.9617 (0.9617)  loss_ddf_dn_2: 0.0012 (0.0012)  loss_vfl_dn_3: 0.3042 (0.3042)  loss_bbox_dn_3: 0.1781 (0.1781)  loss_giou_dn_3: 0.2301 (0.2301)  loss_fgl_dn_3: 0.9651 (0.9651)  loss_ddf_dn_3: 0.0000 (0.0000)  loss_vfl_dn_pre: 0.4373 (0.4373)  loss_bbox_dn_pre: 0.3307 (0.3307)  loss_giou_dn_pre: 0.4068 (0.4068)  time: 115.4813  data: 114.3647  max mem: 5323
Epoch: [11/15]  [100/392]  eta: 0:10:40  lr: 0.000025  loss: 17.5093 (17.4387)  loss_vfl: 0.3701 (0.3918)  loss_bbox: 0.1157 (0.1243)  loss_giou: 0.2233 (0.2344)  loss_fgl: 1.0129 (0.9676)  loss_vfl_aux_0: 0.4319 (0.4506)  loss_bbox_aux_0: 0.1335 (0.1500)  loss_giou_aux_0: 0.2336 (0.2610)  loss_fgl_aux_0: 1.0441 (1.0316)  loss_ddf_aux_0: 0.0688 (0.0675)  loss_vfl_aux_1: 0.4238 (0.4154)  loss_bbox_aux_1: 0.1165 (0.1272)  loss_giou_aux_1: 0.2268 (0.2386)  loss_fgl_aux_1: 1.0137 (0.9744)  loss_ddf_aux_1: 0.0060 (0.0065)  loss_vfl_aux_2: 0.4094 (0.3995)  loss_bbox_aux_2: 0.1147 (0.1241)  loss_giou_aux_2: 0.2233 (0.2345)  loss_fgl_aux_2: 1.0137 (0.9671)  loss_ddf_aux_2: 0.0001 (0.0002)  loss_vfl_pre: 0.4309 (0.4489)  loss_bbox_pre: 0.1323 (0.1516)  loss_giou_pre: 0.2304 (0.2604)  loss_vfl_enc_0: 0.5376 (0.5612)  loss_bbox_enc_0: 0.2710 (0.2977)  loss_giou_enc_0: 0.3431 (0.3777)  loss_vfl_dn_0: 0.4165 (0.4211)  loss_bbox_dn_0: 0.1920 (0.2164)  loss_giou_dn_0: 0.3161 (0.3246)  loss_fgl_dn_0: 1.1309 (1.1248)  loss_ddf_dn_0: 0.3435 (0.3256)  loss_vfl_dn_1: 0.3062 (0.3082)  loss_bbox_dn_1: 0.1211 (0.1299)  loss_giou_dn_1: 0.2099 (0.2225)  loss_fgl_dn_1: 0.9667 (0.9465)  loss_ddf_dn_1: 0.0389 (0.0363)  loss_vfl_dn_2: 0.2942 (0.2947)  loss_bbox_dn_2: 0.1185 (0.1223)  loss_giou_dn_2: 0.2036 (0.2144)  loss_fgl_dn_2: 0.9717 (0.9317)  loss_ddf_dn_2: 0.0012 (0.0011)  loss_vfl_dn_3: 0.2930 (0.2928)  loss_bbox_dn_3: 0.1183 (0.1215)  loss_giou_dn_3: 0.2036 (0.2138)  loss_fgl_dn_3: 0.9714 (0.9319)  loss_ddf_dn_3: 0.0000 (0.0000)  loss_vfl_dn_pre: 0.4155 (0.4209)  loss_bbox_dn_pre: 0.2303 (0.2419)  loss_giou_dn_pre: 0.3205 (0.3317)  time: 1.1034  data: 0.0021  max mem: 5323
Epoch: [11/15]  [200/392]  eta: 0:05:19  lr: 0.000025  loss: 17.5159 (17.4243)  loss_vfl: 0.4077 (0.3879)  loss_bbox: 0.1264 (0.1271)  loss_giou: 0.2190 (0.2334)  loss_fgl: 0.9471 (0.9639)  loss_vfl_aux_0: 0.4763 (0.4519)  loss_bbox_aux_0: 0.1552 (0.1536)  loss_giou_aux_0: 0.2386 (0.2618)  loss_fgl_aux_0: 1.0307 (1.0325)  loss_ddf_aux_0: 0.0607 (0.0678)  loss_vfl_aux_1: 0.4202 (0.4113)  loss_bbox_aux_1: 0.1260 (0.1305)  loss_giou_aux_1: 0.2127 (0.2374)  loss_fgl_aux_1: 0.9530 (0.9700)  loss_ddf_aux_1: 0.0070 (0.0066)  loss_vfl_aux_2: 0.4038 (0.3935)  loss_bbox_aux_2: 0.1261 (0.1270)  loss_giou_aux_2: 0.2188 (0.2334)  loss_fgl_aux_2: 0.9465 (0.9636)  loss_ddf_aux_2: 0.0001 (0.0002)  loss_vfl_pre: 0.4724 (0.4505)  loss_bbox_pre: 0.1582 (0.1546)  loss_giou_pre: 0.2420 (0.2605)  loss_vfl_enc_0: 0.5425 (0.5504)  loss_bbox_enc_0: 0.3303 (0.2926)  loss_giou_enc_0: 0.3645 (0.3714)  loss_vfl_dn_0: 0.4211 (0.4195)  loss_bbox_dn_0: 0.2361 (0.2193)  loss_giou_dn_0: 0.3360 (0.3243)  loss_fgl_dn_0: 1.1379 (1.1265)  loss_ddf_dn_0: 0.3463 (0.3343)  loss_vfl_dn_1: 0.3069 (0.3082)  loss_bbox_dn_1: 0.1411 (0.1331)  loss_giou_dn_1: 0.2251 (0.2222)  loss_fgl_dn_1: 0.9270 (0.9460)  loss_ddf_dn_1: 0.0383 (0.0388)  loss_vfl_dn_2: 0.2983 (0.2940)  loss_bbox_dn_2: 0.1287 (0.1244)  loss_giou_dn_2: 0.2150 (0.2129)  loss_fgl_dn_2: 0.9216 (0.9303)  loss_ddf_dn_2: 0.0008 (0.0013)  loss_vfl_dn_3: 0.2935 (0.2919)  loss_bbox_dn_3: 0.1284 (0.1238)  loss_giou_dn_3: 0.2116 (0.2125)  loss_fgl_dn_3: 0.9210 (0.9305)  loss_ddf_dn_3: 0.0000 (0.0000)  loss_vfl_dn_pre: 0.4189 (0.4193)  loss_bbox_dn_pre: 0.2553 (0.2458)  loss_giou_dn_pre: 0.3405 (0.3317)  time: 1.1405  data: 0.0019  max mem: 5323
Epoch: [11/15]  [300/392]  eta: 0:02:14  lr: 0.000025  loss: 17.3873 (17.4597)  loss_vfl: 0.3225 (0.3869)  loss_bbox: 0.1169 (0.1309)  loss_giou: 0.2293 (0.2330)  loss_fgl: 0.9878 (0.9640)  loss_vfl_aux_0: 0.3647 (0.4513)  loss_bbox_aux_0: 0.1332 (0.1572)  loss_giou_aux_0: 0.2661 (0.2596)  loss_fgl_aux_0: 1.0397 (1.0299)  loss_ddf_aux_0: 0.0490 (0.0677)  loss_vfl_aux_1: 0.3296 (0.4109)  loss_bbox_aux_1: 0.1208 (0.1339)  loss_giou_aux_1: 0.2413 (0.2367)  loss_fgl_aux_1: 1.0054 (0.9706)  loss_ddf_aux_1: 0.0052 (0.0068)  loss_vfl_aux_2: 0.3228 (0.3930)  loss_bbox_aux_2: 0.1160 (0.1308)  loss_giou_aux_2: 0.2283 (0.2329)  loss_fgl_aux_2: 0.9878 (0.9638)  loss_ddf_aux_2: 0.0001 (0.0002)  loss_vfl_pre: 0.3672 (0.4513)  loss_bbox_pre: 0.1263 (0.1583)  loss_giou_pre: 0.2600 (0.2585)  loss_vfl_enc_0: 0.4358 (0.5443)  loss_bbox_enc_0: 0.2386 (0.2981)  loss_giou_enc_0: 0.3352 (0.3694)  loss_vfl_dn_0: 0.4243 (0.4196)  loss_bbox_dn_0: 0.1929 (0.2261)  loss_giou_dn_0: 0.3288 (0.3229)  loss_fgl_dn_0: 1.1254 (1.1267)  loss_ddf_dn_0: 0.2966 (0.3397)  loss_vfl_dn_1: 0.3193 (0.3079)  loss_bbox_dn_1: 0.1104 (0.1382)  loss_giou_dn_1: 0.2278 (0.2217)  loss_fgl_dn_1: 0.9316 (0.9452)  loss_ddf_dn_1: 0.0275 (0.0397)  loss_vfl_dn_2: 0.3047 (0.2940)  loss_bbox_dn_2: 0.1025 (0.1289)  loss_giou_dn_2: 0.2196 (0.2127)  loss_fgl_dn_2: 0.9074 (0.9292)  loss_ddf_dn_2: 0.0009 (0.0012)  loss_vfl_dn_3: 0.3010 (0.2919)  loss_bbox_dn_3: 0.1024 (0.1283)  loss_giou_dn_3: 0.2204 (0.2123)  loss_fgl_dn_3: 0.9070 (0.9293)  loss_ddf_dn_3: 0.0000 (0.0000)  loss_vfl_dn_pre: 0.4275 (0.4195)  loss_bbox_dn_pre: 0.2249 (0.2539)  loss_giou_dn_pre: 0.3444 (0.3309)  time: 1.0556  data: 0.0021  max mem: 5323
Epoch: [11/15]  [391/392]  eta: 0:00:01  lr: 0.000025  loss: 16.2122 (17.3222)  loss_vfl: 0.2991 (0.3846)  loss_bbox: 0.1126 (0.1282)  loss_giou: 0.1939 (0.2284)  loss_fgl: 0.9476 (0.9596)  loss_vfl_aux_0: 0.3875 (0.4468)  loss_bbox_aux_0: 0.1279 (0.1546)  loss_giou_aux_0: 0.2032 (0.2547)  loss_fgl_aux_0: 1.0020 (1.0260)  loss_ddf_aux_0: 0.0516 (0.0674)  loss_vfl_aux_1: 0.3296 (0.4064)  loss_bbox_aux_1: 0.1165 (0.1316)  loss_giou_aux_1: 0.2010 (0.2321)  loss_fgl_aux_1: 0.9506 (0.9673)  loss_ddf_aux_1: 0.0068 (0.0069)  loss_vfl_aux_2: 0.3027 (0.3882)  loss_bbox_aux_2: 0.1128 (0.1282)  loss_giou_aux_2: 0.1943 (0.2284)  loss_fgl_aux_2: 0.9475 (0.9595)  loss_ddf_aux_2: 0.0000 (0.0001)  loss_vfl_pre: 0.3906 (0.4464)  loss_bbox_pre: 0.1328 (0.1558)  loss_giou_pre: 0.2084 (0.2538)  loss_vfl_enc_0: 0.4717 (0.5408)  loss_bbox_enc_0: 0.2568 (0.2937)  loss_giou_enc_0: 0.3124 (0.3644)  loss_vfl_dn_0: 0.4153 (0.4183)  loss_bbox_dn_0: 0.2182 (0.2234)  loss_giou_dn_0: 0.2847 (0.3177)  loss_fgl_dn_0: 1.1150 (1.1256)  loss_ddf_dn_0: 0.3498 (0.3399)  loss_vfl_dn_1: 0.2942 (0.3057)  loss_bbox_dn_1: 0.1277 (0.1366)  loss_giou_dn_1: 0.1889 (0.2174)  loss_fgl_dn_1: 0.9223 (0.9430)  loss_ddf_dn_1: 0.0431 (0.0403)  loss_vfl_dn_2: 0.2783 (0.2916)  loss_bbox_dn_2: 0.1198 (0.1271)  loss_giou_dn_2: 0.1824 (0.2083)  loss_fgl_dn_2: 0.9088 (0.9263)  loss_ddf_dn_2: 0.0013 (0.0012)  loss_vfl_dn_3: 0.2747 (0.2898)  loss_bbox_dn_3: 0.1193 (0.1266)  loss_giou_dn_3: 0.1818 (0.2080)  loss_fgl_dn_3: 0.9094 (0.9264)  loss_ddf_dn_3: 0.0000 (0.0000)  loss_vfl_dn_pre: 0.4141 (0.4180)  loss_bbox_dn_pre: 0.2473 (0.2512)  loss_giou_dn_pre: 0.3000 (0.3257)  time: 1.0855  data: 0.0019  max mem: 5323
Epoch: [11/15] Total time: 0:08:59 (1.3774 s / it)
Averaged stats: lr: 0.000025  loss: 16.2122 (17.3222)  loss_vfl: 0.2991 (0.3846)  loss_bbox: 0.1126 (0.1282)  loss_giou: 0.1939 (0.2284)  loss_fgl: 0.9476 (0.9596)  loss_vfl_aux_0: 0.3875 (0.4468)  loss_bbox_aux_0: 0.1279 (0.1546)  loss_giou_aux_0: 0.2032 (0.2547)  loss_fgl_aux_0: 1.0020 (1.0260)  loss_ddf_aux_0: 0.0516 (0.0674)  loss_vfl_aux_1: 0.3296 (0.4064)  loss_bbox_aux_1: 0.1165 (0.1316)  loss_giou_aux_1: 0.2010 (0.2321)  loss_fgl_aux_1: 0.9506 (0.9673)  loss_ddf_aux_1: 0.0068 (0.0069)  loss_vfl_aux_2: 0.3027 (0.3882)  loss_bbox_aux_2: 0.1128 (0.1282)  loss_giou_aux_2: 0.1943 (0.2284)  loss_fgl_aux_2: 0.9475 (0.9595)  loss_ddf_aux_2: 0.0000 (0.0001)  loss_vfl_pre: 0.3906 (0.4464)  loss_bbox_pre: 0.1328 (0.1558)  loss_giou_pre: 0.2084 (0.2538)  loss_vfl_enc_0: 0.4717 (0.5408)  loss_bbox_enc_0: 0.2568 (0.2937)  loss_giou_enc_0: 0.3124 (0.3644)  loss_vfl_dn_0: 0.4153 (0.4183)  loss_bbox_dn_0: 0.2182 (0.2234)  loss_giou_dn_0: 0.2847 (0.3177)  loss_fgl_dn_0: 1.1150 (1.1256)  loss_ddf_dn_0: 0.3498 (0.3399)  loss_vfl_dn_1: 0.2942 (0.3057)  loss_bbox_dn_1: 0.1277 (0.1366)  loss_giou_dn_1: 0.1889 (0.2174)  loss_fgl_dn_1: 0.9223 (0.9430)  loss_ddf_dn_1: 0.0431 (0.0403)  loss_vfl_dn_2: 0.2783 (0.2916)  loss_bbox_dn_2: 0.1198 (0.1271)  loss_giou_dn_2: 0.1824 (0.2083)  loss_fgl_dn_2: 0.9088 (0.9263)  loss_ddf_dn_2: 0.0013 (0.0012)  loss_vfl_dn_3: 0.2747 (0.2898)  loss_bbox_dn_3: 0.1193 (0.1266)  loss_giou_dn_3: 0.1818 (0.2080)  loss_fgl_dn_3: 0.9094 (0.9264)  loss_ddf_dn_3: 0.0000 (0.0000)  loss_vfl_dn_pre: 0.4141 (0.4180)  loss_bbox_dn_pre: 0.2473 (0.2512)  loss_giou_dn_pre: 0.3000 (0.3257)
Test:  [ 0/49]  eta: 1:37:31    time: 119.4282  data: 119.0451  max mem: 5323
Test:  [10/49]  eta: 0:07:10    time: 11.0303  data: 10.8242  max mem: 5323
Test:  [20/49]  eta: 0:02:50    time: 0.2029  data: 0.0023  max mem: 5323
Test:  [30/49]  eta: 0:01:17    time: 0.2276  data: 0.0069  max mem: 5323
Test:  [40/49]  eta: 0:00:28    time: 0.2361  data: 0.0237  max mem: 5323
Test:  [48/49]  eta: 0:00:02    time: 0.2242  data: 0.0188  max mem: 5323
Test: Total time: 0:02:11 (2.6795 s / it)
Metrics: {'f1': 0.9090909090909091, 'precision': 0.9027777777777778, 'recall': 0.9154929577464789, 'iou': 0.7372040782983487, 'TPs': 390, 'FPs': 42, 'FNs': 36}
Averaged stats: 
Accumulating evaluation results...
COCOeval_opt.accumulate() finished...
DONE (t=0.08s).
IoU metric: bbox
 Average Precision  (AP) @[ IoU=0.50:0.95 | area=   all | maxDets=100 ] = 0.606
 Average Precision  (AP) @[ IoU=0.50      | area=   all | maxDets=100 ] = 0.881
 Average Precision  (AP) @[ IoU=0.75      | area=   all | maxDets=100 ] = 0.689
 Average Precision  (AP) @[ IoU=0.50:0.95 | area= small | maxDets=100 ] = 0.136
 Average Precision  (AP) @[ IoU=0.50:0.95 | area=medium | maxDets=100 ] = 0.675
 Average Precision  (AP) @[ IoU=0.50:0.95 | area= large | maxDets=100 ] = 0.588
 Average Recall     (AR) @[ IoU=0.50:0.95 | area=   all | maxDets=  1 ] = 0.532
 Average Recall     (AR) @[ IoU=0.50:0.95 | area=   all | maxDets= 10 ] = 0.707
 Average Recall     (AR) @[ IoU=0.50:0.95 | area=   all | maxDets=100 ] = 0.776
 Average Recall     (AR) @[ IoU=0.50:0.95 | area= small | maxDets=100 ] = 0.367
 Average Recall     (AR) @[ IoU=0.50:0.95 | area=medium | maxDets=100 ] = 0.772
 Average Recall     (AR) @[ IoU=0.50:0.95 | area= large | maxDets=100 ] = 0.771
 Average Recall     (AR) @[ IoU=0.50      | area=   all | maxDets=100 ] = 0.981
 Average Recall     (AR) @[ IoU=0.75      | area=   all | maxDets=100 ] = 0.878
best_map50: epoch=11, AP50=0.881161
best_stat: {'epoch': 11, 'coco_eval_bbox': 0.6056070619101076}
Epoch: [12/15]  [  0/392]  eta: 12:44:48  lr: 0.000025  loss: 18.6986 (18.6986)  loss_vfl: 0.4287 (0.4287)  loss_bbox: 0.0984 (0.0984)  loss_giou: 0.2616 (0.2616)  loss_fgl: 1.1080 (1.1080)  loss_vfl_aux_0: 0.5210 (0.5210)  loss_bbox_aux_0: 0.1188 (0.1188)  loss_giou_aux_0: 0.2695 (0.2695)  loss_fgl_aux_0: 1.1127 (1.1127)  loss_ddf_aux_0: 0.0377 (0.0377)  loss_vfl_aux_1: 0.4861 (0.4861)  loss_bbox_aux_1: 0.0929 (0.0929)  loss_giou_aux_1: 0.2533 (0.2533)  loss_fgl_aux_1: 1.0994 (1.0994)  loss_ddf_aux_1: 0.0065 (0.0065)  loss_vfl_aux_2: 0.4480 (0.4480)  loss_bbox_aux_2: 0.0985 (0.0985)  loss_giou_aux_2: 0.2622 (0.2622)  loss_fgl_aux_2: 1.1079 (1.1079)  loss_ddf_aux_2: 0.0000 (0.0000)  loss_vfl_pre: 0.5176 (0.5176)  loss_bbox_pre: 0.1201 (0.1201)  loss_giou_pre: 0.2698 (0.2698)  loss_vfl_enc_0: 0.6494 (0.6494)  loss_bbox_enc_0: 0.2409 (0.2409)  loss_giou_enc_0: 0.3760 (0.3760)  loss_vfl_dn_0: 0.4441 (0.4441)  loss_bbox_dn_0: 0.1453 (0.1453)  loss_giou_dn_0: 0.3334 (0.3334)  loss_fgl_dn_0: 1.1659 (1.1659)  loss_ddf_dn_0: 0.2570 (0.2570)  loss_vfl_dn_1: 0.3572 (0.3572)  loss_bbox_dn_1: 0.0994 (0.0994)  loss_giou_dn_1: 0.2526 (0.2526)  loss_fgl_dn_1: 1.0947 (1.0947)  loss_ddf_dn_1: 0.0281 (0.0281)  loss_vfl_dn_2: 0.3450 (0.3450)  loss_bbox_dn_2: 0.0988 (0.0988)  loss_giou_dn_2: 0.2507 (0.2507)  loss_fgl_dn_2: 1.0982 (1.0982)  loss_ddf_dn_2: 0.0017 (0.0017)  loss_vfl_dn_3: 0.3389 (0.3389)  loss_bbox_dn_3: 0.0978 (0.0978)  loss_giou_dn_3: 0.2462 (0.2462)  loss_fgl_dn_3: 1.0999 (1.0999)  loss_ddf_dn_3: 0.0000 (0.0000)  loss_vfl_dn_pre: 0.4441 (0.4441)  loss_bbox_dn_pre: 0.1754 (0.1754)  loss_giou_dn_pre: 0.3390 (0.3390)  time: 117.0616  data: 115.9241  max mem: 5323
Epoch: [12/15]  [100/392]  eta: 0:11:04  lr: 0.000025  loss: 17.7554 (16.9639)  loss_vfl: 0.3228 (0.3703)  loss_bbox: 0.1260 (0.1277)  loss_giou: 0.1931 (0.2230)  loss_fgl: 0.9450 (0.9600)  loss_vfl_aux_0: 0.4346 (0.4197)  loss_bbox_aux_0: 0.1383 (0.1488)  loss_giou_aux_0: 0.2179 (0.2449)  loss_fgl_aux_0: 1.0000 (1.0221)  loss_ddf_aux_0: 0.0652 (0.0648)  loss_vfl_aux_1: 0.3706 (0.3885)  loss_bbox_aux_1: 0.1261 (0.1279)  loss_giou_aux_1: 0.2016 (0.2243)  loss_fgl_aux_1: 0.9568 (0.9627)  loss_ddf_aux_1: 0.0063 (0.0066)  loss_vfl_aux_2: 0.3276 (0.3725)  loss_bbox_aux_2: 0.1259 (0.1277)  loss_giou_aux_2: 0.1950 (0.2230)  loss_fgl_aux_2: 0.9450 (0.9599)  loss_ddf_aux_2: 0.0001 (0.0001)  loss_vfl_pre: 0.4373 (0.4218)  loss_bbox_pre: 0.1431 (0.1521)  loss_giou_pre: 0.2222 (0.2435)  loss_vfl_enc_0: 0.5259 (0.5108)  loss_bbox_enc_0: 0.2291 (0.2827)  loss_giou_enc_0: 0.3159 (0.3436)  loss_vfl_dn_0: 0.4209 (0.4120)  loss_bbox_dn_0: 0.2179 (0.2085)  loss_giou_dn_0: 0.3019 (0.3026)  loss_fgl_dn_0: 1.1413 (1.1187)  loss_ddf_dn_0: 0.3846 (0.3542)  loss_vfl_dn_1: 0.3000 (0.3004)  loss_bbox_dn_1: 0.1213 (0.1286)  loss_giou_dn_1: 0.1911 (0.2086)  loss_fgl_dn_1: 0.9159 (0.9374)  loss_ddf_dn_1: 0.0464 (0.0447)  loss_vfl_dn_2: 0.2808 (0.2879)  loss_bbox_dn_2: 0.1142 (0.1212)  loss_giou_dn_2: 0.1767 (0.2003)  loss_fgl_dn_2: 0.9233 (0.9222)  loss_ddf_dn_2: 0.0019 (0.0014)  loss_vfl_dn_3: 0.2805 (0.2867)  loss_bbox_dn_3: 0.1128 (0.1208)  loss_giou_dn_3: 0.1776 (0.2001)  loss_fgl_dn_3: 0.9225 (0.9224)  loss_ddf_dn_3: 0.0000 (0.0000)  loss_vfl_dn_pre: 0.4199 (0.4113)  loss_bbox_dn_pre: 0.2412 (0.2345)  loss_giou_dn_pre: 0.3041 (0.3100)  time: 1.2761  data: 0.0027  max mem: 5323
Epoch: [12/15]  [200/392]  eta: 0:05:22  lr: 0.000025  loss: 16.3919 (17.0624)  loss_vfl: 0.3127 (0.3842)  loss_bbox: 0.0981 (0.1302)  loss_giou: 0.1940 (0.2236)  loss_fgl: 0.9091 (0.9517)  loss_vfl_aux_0: 0.3740 (0.4365)  loss_bbox_aux_0: 0.1271 (0.1518)  loss_giou_aux_0: 0.2025 (0.2468)  loss_fgl_aux_0: 0.9779 (1.0159)  loss_ddf_aux_0: 0.0567 (0.0691)  loss_vfl_aux_1: 0.3352 (0.4042)  loss_bbox_aux_1: 0.1030 (0.1318)  loss_giou_aux_1: 0.1970 (0.2256)  loss_fgl_aux_1: 0.9190 (0.9569)  loss_ddf_aux_1: 0.0051 (0.0067)  loss_vfl_aux_2: 0.3293 (0.3839)  loss_bbox_aux_2: 0.0984 (0.1303)  loss_giou_aux_2: 0.1939 (0.2237)  loss_fgl_aux_2: 0.9089 (0.9517)  loss_ddf_aux_2: 0.0001 (0.0001)  loss_vfl_pre: 0.3743 (0.4349)  loss_bbox_pre: 0.1271 (0.1543)  loss_giou_pre: 0.2033 (0.2460)  loss_vfl_enc_0: 0.4487 (0.5201)  loss_bbox_enc_0: 0.2411 (0.2879)  loss_giou_enc_0: 0.3299 (0.3491)  loss_vfl_dn_0: 0.3992 (0.4115)  loss_bbox_dn_0: 0.1702 (0.2177)  loss_giou_dn_0: 0.2826 (0.3073)  loss_fgl_dn_0: 1.0992 (1.1206)  loss_ddf_dn_0: 0.2830 (0.3500)  loss_vfl_dn_1: 0.2917 (0.3002)  loss_bbox_dn_1: 0.1066 (0.1332)  loss_giou_dn_1: 0.1892 (0.2085)  loss_fgl_dn_1: 0.9172 (0.9316)  loss_ddf_dn_1: 0.0311 (0.0435)  loss_vfl_dn_2: 0.2622 (0.2857)  loss_bbox_dn_2: 0.1011 (0.1247)  loss_giou_dn_2: 0.1811 (0.1998)  loss_fgl_dn_2: 0.9056 (0.9152)  loss_ddf_dn_2: 0.0008 (0.0013)  loss_vfl_dn_3: 0.2617 (0.2842)  loss_bbox_dn_3: 0.0990 (0.1242)  loss_giou_dn_3: 0.1810 (0.1995)  loss_fgl_dn_3: 0.9052 (0.9153)  loss_ddf_dn_3: 0.0000 (0.0000)  loss_vfl_dn_pre: 0.3992 (0.4108)  loss_bbox_dn_pre: 0.2054 (0.2453)  loss_giou_dn_pre: 0.2941 (0.3152)  time: 1.0265  data: 0.0021  max mem: 5323
Epoch: [12/15]  [300/392]  eta: 0:02:15  lr: 0.000025  loss: 15.8069 (16.9378)  loss_vfl: 0.3140 (0.3798)  loss_bbox: 0.0901 (0.1284)  loss_giou: 0.1770 (0.2234)  loss_fgl: 0.9097 (0.9496)  loss_vfl_aux_0: 0.3635 (0.4341)  loss_bbox_aux_0: 0.1299 (0.1505)  loss_giou_aux_0: 0.1978 (0.2464)  loss_fgl_aux_0: 0.9691 (1.0123)  loss_ddf_aux_0: 0.0560 (0.0661)  loss_vfl_aux_1: 0.3213 (0.4019)  loss_bbox_aux_1: 0.0927 (0.1305)  loss_giou_aux_1: 0.1863 (0.2257)  loss_fgl_aux_1: 0.9206 (0.9555)  loss_ddf_aux_1: 0.0053 (0.0065)  loss_vfl_aux_2: 0.3140 (0.3820)  loss_bbox_aux_2: 0.0901 (0.1285)  loss_giou_aux_2: 0.1758 (0.2235)  loss_fgl_aux_2: 0.9097 (0.9496)  loss_ddf_aux_2: 0.0002 (0.0001)  loss_vfl_pre: 0.3579 (0.4328)  loss_bbox_pre: 0.1342 (0.1521)  loss_giou_pre: 0.1951 (0.2455)  loss_vfl_enc_0: 0.4832 (0.5152)  loss_bbox_enc_0: 0.2384 (0.2777)  loss_giou_enc_0: 0.3102 (0.3452)  loss_vfl_dn_0: 0.4094 (0.4097)  loss_bbox_dn_0: 0.1895 (0.2125)  loss_giou_dn_0: 0.2883 (0.3040)  loss_fgl_dn_0: 1.1108 (1.1171)  loss_ddf_dn_0: 0.2916 (0.3341)  loss_vfl_dn_1: 0.2861 (0.2974)  loss_bbox_dn_1: 0.1048 (0.1301)  loss_giou_dn_1: 0.1917 (0.2062)  loss_fgl_dn_1: 0.9150 (0.9295)  loss_ddf_dn_1: 0.0471 (0.0423)  loss_vfl_dn_2: 0.2739 (0.2836)  loss_bbox_dn_2: 0.0960 (0.1215)  loss_giou_dn_2: 0.1805 (0.1975)  loss_fgl_dn_2: 0.8966 (0.9128)  loss_ddf_dn_2: 0.0018 (0.0015)  loss_vfl_dn_3: 0.2683 (0.2820)  loss_bbox_dn_3: 0.0963 (0.1210)  loss_giou_dn_3: 0.1791 (0.1972)  loss_fgl_dn_3: 0.8949 (0.9129)  loss_ddf_dn_3: 0.0000 (0.0000)  loss_vfl_dn_pre: 0.4109 (0.4093)  loss_bbox_dn_pre: 0.2163 (0.2405)  loss_giou_dn_pre: 0.2977 (0.3121)  time: 1.0696  data: 0.0021  max mem: 5323
Epoch: [12/15]  [391/392]  eta: 0:00:01  lr: 0.000025  loss: 15.9962 (16.8848)  loss_vfl: 0.3113 (0.3756)  loss_bbox: 0.0953 (0.1252)  loss_giou: 0.2004 (0.2219)  loss_fgl: 0.9636 (0.9494)  loss_vfl_aux_0: 0.4043 (0.4332)  loss_bbox_aux_0: 0.1292 (0.1475)  loss_giou_aux_0: 0.2197 (0.2451)  loss_fgl_aux_0: 1.0287 (1.0120)  loss_ddf_aux_0: 0.0624 (0.0657)  loss_vfl_aux_1: 0.3547 (0.3985)  loss_bbox_aux_1: 0.1014 (0.1276)  loss_giou_aux_1: 0.1986 (0.2245)  loss_fgl_aux_1: 0.9553 (0.9551)  loss_ddf_aux_1: 0.0047 (0.0066)  loss_vfl_aux_2: 0.3169 (0.3772)  loss_bbox_aux_2: 0.0953 (0.1253)  loss_giou_aux_2: 0.2003 (0.2220)  loss_fgl_aux_2: 0.9637 (0.9493)  loss_ddf_aux_2: 0.0002 (0.0001)  loss_vfl_pre: 0.4011 (0.4321)  loss_bbox_pre: 0.1261 (0.1495)  loss_giou_pre: 0.2182 (0.2444)  loss_vfl_enc_0: 0.5029 (0.5175)  loss_bbox_enc_0: 0.2312 (0.2777)  loss_giou_enc_0: 0.3143 (0.3452)  loss_vfl_dn_0: 0.3992 (0.4094)  loss_bbox_dn_0: 0.1717 (0.2097)  loss_giou_dn_0: 0.2773 (0.3035)  loss_fgl_dn_0: 1.0983 (1.1165)  loss_ddf_dn_0: 0.2584 (0.3330)  loss_vfl_dn_1: 0.2920 (0.2969)  loss_bbox_dn_1: 0.1146 (0.1277)  loss_giou_dn_1: 0.1946 (0.2054)  loss_fgl_dn_1: 0.9388 (0.9294)  loss_ddf_dn_1: 0.0306 (0.0433)  loss_vfl_dn_2: 0.2861 (0.2831)  loss_bbox_dn_2: 0.1036 (0.1193)  loss_giou_dn_2: 0.1881 (0.1969)  loss_fgl_dn_2: 0.9199 (0.9131)  loss_ddf_dn_2: 0.0008 (0.0015)  loss_vfl_dn_3: 0.2874 (0.2815)  loss_bbox_dn_3: 0.1030 (0.1187)  loss_giou_dn_3: 0.1881 (0.1966)  loss_fgl_dn_3: 0.9215 (0.9132)  loss_ddf_dn_3: 0.0000 (0.0000)  loss_vfl_dn_pre: 0.3999 (0.4090)  loss_bbox_dn_pre: 0.2060 (0.2373)  loss_giou_dn_pre: 0.2793 (0.3114)  time: 1.0795  data: 0.0021  max mem: 5323
Epoch: [12/15] Total time: 0:09:04 (1.3898 s / it)
Averaged stats: lr: 0.000025  loss: 15.9962 (16.8848)  loss_vfl: 0.3113 (0.3756)  loss_bbox: 0.0953 (0.1252)  loss_giou: 0.2004 (0.2219)  loss_fgl: 0.9636 (0.9494)  loss_vfl_aux_0: 0.4043 (0.4332)  loss_bbox_aux_0: 0.1292 (0.1475)  loss_giou_aux_0: 0.2197 (0.2451)  loss_fgl_aux_0: 1.0287 (1.0120)  loss_ddf_aux_0: 0.0624 (0.0657)  loss_vfl_aux_1: 0.3547 (0.3985)  loss_bbox_aux_1: 0.1014 (0.1276)  loss_giou_aux_1: 0.1986 (0.2245)  loss_fgl_aux_1: 0.9553 (0.9551)  loss_ddf_aux_1: 0.0047 (0.0066)  loss_vfl_aux_2: 0.3169 (0.3772)  loss_bbox_aux_2: 0.0953 (0.1253)  loss_giou_aux_2: 0.2003 (0.2220)  loss_fgl_aux_2: 0.9637 (0.9493)  loss_ddf_aux_2: 0.0002 (0.0001)  loss_vfl_pre: 0.4011 (0.4321)  loss_bbox_pre: 0.1261 (0.1495)  loss_giou_pre: 0.2182 (0.2444)  loss_vfl_enc_0: 0.5029 (0.5175)  loss_bbox_enc_0: 0.2312 (0.2777)  loss_giou_enc_0: 0.3143 (0.3452)  loss_vfl_dn_0: 0.3992 (0.4094)  loss_bbox_dn_0: 0.1717 (0.2097)  loss_giou_dn_0: 0.2773 (0.3035)  loss_fgl_dn_0: 1.0983 (1.1165)  loss_ddf_dn_0: 0.2584 (0.3330)  loss_vfl_dn_1: 0.2920 (0.2969)  loss_bbox_dn_1: 0.1146 (0.1277)  loss_giou_dn_1: 0.1946 (0.2054)  loss_fgl_dn_1: 0.9388 (0.9294)  loss_ddf_dn_1: 0.0306 (0.0433)  loss_vfl_dn_2: 0.2861 (0.2831)  loss_bbox_dn_2: 0.1036 (0.1193)  loss_giou_dn_2: 0.1881 (0.1969)  loss_fgl_dn_2: 0.9199 (0.9131)  loss_ddf_dn_2: 0.0008 (0.0015)  loss_vfl_dn_3: 0.2874 (0.2815)  loss_bbox_dn_3: 0.1030 (0.1187)  loss_giou_dn_3: 0.1881 (0.1966)  loss_fgl_dn_3: 0.9215 (0.9132)  loss_ddf_dn_3: 0.0000 (0.0000)  loss_vfl_dn_pre: 0.3999 (0.4090)  loss_bbox_dn_pre: 0.2060 (0.2373)  loss_giou_dn_pre: 0.2793 (0.3114)
Test:  [ 0/49]  eta: 1:33:59    time: 115.0817  data: 114.7609  max mem: 5323
Test:  [10/49]  eta: 0:06:54    time: 10.6406  data: 10.4355  max mem: 5323
Test:  [20/49]  eta: 0:02:44    time: 0.2055  data: 0.0026  max mem: 5323
Test:  [30/49]  eta: 0:01:14    time: 0.2111  data: 0.0026  max mem: 5323
Test:  [40/49]  eta: 0:00:27    time: 0.2231  data: 0.0211  max mem: 5323
Test:  [48/49]  eta: 0:00:02    time: 0.2258  data: 0.0206  max mem: 5323
Test: Total time: 0:02:06 (2.5916 s / it)
Metrics: {'f1': 0.8992974238875878, 'precision': 0.897196261682243, 'recall': 0.9014084507042254, 'iou': 0.7247085833803136, 'TPs': 384, 'FPs': 44, 'FNs': 42}
Averaged stats: 
Accumulating evaluation results...
COCOeval_opt.accumulate() finished...
DONE (t=0.08s).
IoU metric: bbox
 Average Precision  (AP) @[ IoU=0.50:0.95 | area=   all | maxDets=100 ] = 0.616
 Average Precision  (AP) @[ IoU=0.50      | area=   all | maxDets=100 ] = 0.889
 Average Precision  (AP) @[ IoU=0.75      | area=   all | maxDets=100 ] = 0.676
 Average Precision  (AP) @[ IoU=0.50:0.95 | area= small | maxDets=100 ] = 0.218
 Average Precision  (AP) @[ IoU=0.50:0.95 | area=medium | maxDets=100 ] = 0.687
 Average Precision  (AP) @[ IoU=0.50:0.95 | area= large | maxDets=100 ] = 0.598
 Average Recall     (AR) @[ IoU=0.50:0.95 | area=   all | maxDets=  1 ] = 0.528
 Average Recall     (AR) @[ IoU=0.50:0.95 | area=   all | maxDets= 10 ] = 0.713
 Average Recall     (AR) @[ IoU=0.50:0.95 | area=   all | maxDets=100 ] = 0.798
 Average Recall     (AR) @[ IoU=0.50:0.95 | area= small | maxDets=100 ] = 0.333
 Average Recall     (AR) @[ IoU=0.50:0.95 | area=medium | maxDets=100 ] = 0.808
 Average Recall     (AR) @[ IoU=0.50:0.95 | area= large | maxDets=100 ] = 0.790
 Average Recall     (AR) @[ IoU=0.50      | area=   all | maxDets=100 ] = 0.992
 Average Recall     (AR) @[ IoU=0.75      | area=   all | maxDets=100 ] = 0.866
best_map50: epoch=12, AP50=0.888784
best_stat: {'epoch': 12, 'coco_eval_bbox': 0.6155838594349752}
Epoch: [13/15]  [  0/392]  eta: 12:29:13  lr: 0.000025  loss: 14.1165 (14.1165)  loss_vfl: 0.3442 (0.3442)  loss_bbox: 0.0696 (0.0696)  loss_giou: 0.1378 (0.1378)  loss_fgl: 0.8256 (0.8256)  loss_vfl_aux_0: 0.3384 (0.3384)  loss_bbox_aux_0: 0.0762 (0.0762)  loss_giou_aux_0: 0.1764 (0.1764)  loss_fgl_aux_0: 0.9091 (0.9091)  loss_ddf_aux_0: 0.0744 (0.0744)  loss_vfl_aux_1: 0.3074 (0.3074)  loss_bbox_aux_1: 0.0813 (0.0813)  loss_giou_aux_1: 0.1540 (0.1540)  loss_fgl_aux_1: 0.8558 (0.8558)  loss_ddf_aux_1: 0.0054 (0.0054)  loss_vfl_aux_2: 0.3516 (0.3516)  loss_bbox_aux_2: 0.0700 (0.0700)  loss_giou_aux_2: 0.1380 (0.1380)  loss_fgl_aux_2: 0.8256 (0.8256)  loss_ddf_aux_2: -0.0002 (-0.0002)  loss_vfl_pre: 0.3367 (0.3367)  loss_bbox_pre: 0.0793 (0.0793)  loss_giou_pre: 0.1791 (0.1791)  loss_vfl_enc_0: 0.5229 (0.5229)  loss_bbox_enc_0: 0.1918 (0.1918)  loss_giou_enc_0: 0.3499 (0.3499)  loss_vfl_dn_0: 0.3918 (0.3918)  loss_bbox_dn_0: 0.1912 (0.1912)  loss_giou_dn_0: 0.2496 (0.2496)  loss_fgl_dn_0: 1.0851 (1.0851)  loss_ddf_dn_0: 0.3350 (0.3350)  loss_vfl_dn_1: 0.2161 (0.2161)  loss_bbox_dn_1: 0.0781 (0.0781)  loss_giou_dn_1: 0.1276 (0.1276)  loss_fgl_dn_1: 0.7998 (0.7998)  loss_ddf_dn_1: 0.0258 (0.0258)  loss_vfl_dn_2: 0.2052 (0.2052)  loss_bbox_dn_2: 0.0671 (0.0671)  loss_giou_dn_2: 0.1195 (0.1195)  loss_fgl_dn_2: 0.7661 (0.7661)  loss_ddf_dn_2: 0.0004 (0.0004)  loss_vfl_dn_3: 0.2039 (0.2039)  loss_bbox_dn_3: 0.0675 (0.0675)  loss_giou_dn_3: 0.1195 (0.1195)  loss_fgl_dn_3: 0.7658 (0.7658)  loss_ddf_dn_3: 0.0000 (0.0000)  loss_vfl_dn_pre: 0.3933 (0.3933)  loss_bbox_dn_pre: 0.2428 (0.2428)  loss_giou_dn_pre: 0.2653 (0.2653)  time: 114.6770  data: 113.4810  max mem: 5323
Epoch: [13/15]  [100/392]  eta: 0:10:27  lr: 0.000025  loss: 15.5743 (16.0554)  loss_vfl: 0.3081 (0.3514)  loss_bbox: 0.0897 (0.1045)  loss_giou: 0.1756 (0.1875)  loss_fgl: 0.9021 (0.9109)  loss_vfl_aux_0: 0.3608 (0.4192)  loss_bbox_aux_0: 0.1104 (0.1333)  loss_giou_aux_0: 0.2125 (0.2170)  loss_fgl_aux_0: 0.9910 (0.9914)  loss_ddf_aux_0: 0.0705 (0.0756)  loss_vfl_aux_1: 0.3184 (0.3785)  loss_bbox_aux_1: 0.0984 (0.1094)  loss_giou_aux_1: 0.1853 (0.1922)  loss_fgl_aux_1: 0.9060 (0.9224)  loss_ddf_aux_1: 0.0061 (0.0082)  loss_vfl_aux_2: 0.3000 (0.3622)  loss_bbox_aux_2: 0.0897 (0.1047)  loss_giou_aux_2: 0.1757 (0.1877)  loss_fgl_aux_2: 0.9016 (0.9113)  loss_ddf_aux_2: 0.0001 (0.0003)  loss_vfl_pre: 0.3645 (0.4191)  loss_bbox_pre: 0.1102 (0.1329)  loss_giou_pre: 0.2217 (0.2152)  loss_vfl_enc_0: 0.4614 (0.5050)  loss_bbox_enc_0: 0.2156 (0.2579)  loss_giou_enc_0: 0.2888 (0.3135)  loss_vfl_dn_0: 0.3979 (0.4007)  loss_bbox_dn_0: 0.1721 (0.1952)  loss_giou_dn_0: 0.2795 (0.2821)  loss_fgl_dn_0: 1.1099 (1.1114)  loss_ddf_dn_0: 0.3227 (0.3506)  loss_vfl_dn_1: 0.2822 (0.2807)  loss_bbox_dn_1: 0.0980 (0.1137)  loss_giou_dn_1: 0.1696 (0.1856)  loss_fgl_dn_1: 0.8822 (0.9042)  loss_ddf_dn_1: 0.0406 (0.0430)  loss_vfl_dn_2: 0.2593 (0.2670)  loss_bbox_dn_2: 0.0882 (0.1051)  loss_giou_dn_2: 0.1569 (0.1762)  loss_fgl_dn_2: 0.8720 (0.8842)  loss_ddf_dn_2: 0.0011 (0.0013)  loss_vfl_dn_3: 0.2612 (0.2649)  loss_bbox_dn_3: 0.0875 (0.1049)  loss_giou_dn_3: 0.1568 (0.1759)  loss_fgl_dn_3: 0.8715 (0.8841)  loss_ddf_dn_3: 0.0000 (0.0000)  loss_vfl_dn_pre: 0.4011 (0.4006)  loss_bbox_dn_pre: 0.1937 (0.2227)  loss_giou_dn_pre: 0.2877 (0.2904)  time: 1.0019  data: 0.0017  max mem: 5323
Epoch: [13/15]  [200/392]  eta: 0:05:06  lr: 0.000025  loss: 15.0047 (16.4274)  loss_vfl: 0.3066 (0.3556)  loss_bbox: 0.1039 (0.1160)  loss_giou: 0.1570 (0.2030)  loss_fgl: 0.8765 (0.9293)  loss_vfl_aux_0: 0.3687 (0.4192)  loss_bbox_aux_0: 0.1165 (0.1430)  loss_giou_aux_0: 0.1935 (0.2297)  loss_fgl_aux_0: 0.9326 (1.0029)  loss_ddf_aux_0: 0.0555 (0.0713)  loss_vfl_aux_1: 0.3525 (0.3830)  loss_bbox_aux_1: 0.1045 (0.1204)  loss_giou_aux_1: 0.1670 (0.2076)  loss_fgl_aux_1: 0.8796 (0.9386)  loss_ddf_aux_1: 0.0062 (0.0079)  loss_vfl_aux_2: 0.3037 (0.3682)  loss_bbox_aux_2: 0.1037 (0.1162)  loss_giou_aux_2: 0.1571 (0.2031)  loss_fgl_aux_2: 0.8763 (0.9295)  loss_ddf_aux_2: 0.0001 (0.0002)  loss_vfl_pre: 0.3684 (0.4181)  loss_bbox_pre: 0.1155 (0.1429)  loss_giou_pre: 0.1848 (0.2284)  loss_vfl_enc_0: 0.4614 (0.5065)  loss_bbox_enc_0: 0.2359 (0.2652)  loss_giou_enc_0: 0.3174 (0.3273)  loss_vfl_dn_0: 0.3950 (0.4036)  loss_bbox_dn_0: 0.1718 (0.2056)  loss_giou_dn_0: 0.2582 (0.2928)  loss_fgl_dn_0: 1.0799 (1.1131)  loss_ddf_dn_0: 0.2802 (0.3362)  loss_vfl_dn_1: 0.2686 (0.2876)  loss_bbox_dn_1: 0.1078 (0.1223)  loss_giou_dn_1: 0.1555 (0.1962)  loss_fgl_dn_1: 0.8902 (0.9148)  loss_ddf_dn_1: 0.0314 (0.0452)  loss_vfl_dn_2: 0.2549 (0.2739)  loss_bbox_dn_2: 0.1029 (0.1134)  loss_giou_dn_2: 0.1504 (0.1870)  loss_fgl_dn_2: 0.8616 (0.8963)  loss_ddf_dn_2: 0.0010 (0.0015)  loss_vfl_dn_3: 0.2539 (0.2715)  loss_bbox_dn_3: 0.1018 (0.1130)  loss_giou_dn_3: 0.1493 (0.1866)  loss_fgl_dn_3: 0.8623 (0.8963)  loss_ddf_dn_3: 0.0000 (0.0000)  loss_vfl_dn_pre: 0.3899 (0.4038)  loss_bbox_dn_pre: 0.2039 (0.2326)  loss_giou_dn_pre: 0.2687 (0.3007)  time: 1.1018  data: 0.0019  max mem: 5323
Epoch: [13/15]  [300/392]  eta: 0:02:09  lr: 0.000025  loss: 16.1872 (16.3825)  loss_vfl: 0.3481 (0.3537)  loss_bbox: 0.1094 (0.1162)  loss_giou: 0.1835 (0.2047)  loss_fgl: 0.8918 (0.9282)  loss_vfl_aux_0: 0.4226 (0.4179)  loss_bbox_aux_0: 0.1253 (0.1409)  loss_giou_aux_0: 0.2011 (0.2306)  loss_fgl_aux_0: 0.9721 (0.9971)  loss_ddf_aux_0: 0.0682 (0.0688)  loss_vfl_aux_1: 0.3877 (0.3810)  loss_bbox_aux_1: 0.1096 (0.1197)  loss_giou_aux_1: 0.1836 (0.2085)  loss_fgl_aux_1: 0.9033 (0.9364)  loss_ddf_aux_1: 0.0065 (0.0075)  loss_vfl_aux_2: 0.3616 (0.3648)  loss_bbox_aux_2: 0.1094 (0.1163)  loss_giou_aux_2: 0.1836 (0.2047)  loss_fgl_aux_2: 0.8919 (0.9284)  loss_ddf_aux_2: 0.0000 (0.0002)  loss_vfl_pre: 0.4231 (0.4163)  loss_bbox_pre: 0.1307 (0.1415)  loss_giou_pre: 0.2031 (0.2295)  loss_vfl_enc_0: 0.4746 (0.4991)  loss_bbox_enc_0: 0.2327 (0.2612)  loss_giou_enc_0: 0.3085 (0.3264)  loss_vfl_dn_0: 0.3987 (0.4030)  loss_bbox_dn_0: 0.1961 (0.2055)  loss_giou_dn_0: 0.2897 (0.2920)  loss_fgl_dn_0: 1.0906 (1.1100)  loss_ddf_dn_0: 0.3444 (0.3319)  loss_vfl_dn_1: 0.2830 (0.2875)  loss_bbox_dn_1: 0.1112 (0.1230)  loss_giou_dn_1: 0.1867 (0.1956)  loss_fgl_dn_1: 0.9146 (0.9134)  loss_ddf_dn_1: 0.0429 (0.0431)  loss_vfl_dn_2: 0.2668 (0.2745)  loss_bbox_dn_2: 0.1079 (0.1142)  loss_giou_dn_2: 0.1738 (0.1868)  loss_fgl_dn_2: 0.8918 (0.8958)  loss_ddf_dn_2: 0.0012 (0.0014)  loss_vfl_dn_3: 0.2649 (0.2723)  loss_bbox_dn_3: 0.1053 (0.1139)  loss_giou_dn_3: 0.1731 (0.1864)  loss_fgl_dn_3: 0.8909 (0.8958)  loss_ddf_dn_3: 0.0000 (0.0000)  loss_vfl_dn_pre: 0.3999 (0.4033)  loss_bbox_dn_pre: 0.2206 (0.2333)  loss_giou_dn_pre: 0.2981 (0.3001)  time: 1.0143  data: 0.0018  max mem: 5323
Epoch: [13/15]  [391/392]  eta: 0:00:01  lr: 0.000025  loss: 15.9546 (16.3918)  loss_vfl: 0.3447 (0.3573)  loss_bbox: 0.0972 (0.1156)  loss_giou: 0.1846 (0.2059)  loss_fgl: 0.9001 (0.9307)  loss_vfl_aux_0: 0.3818 (0.4162)  loss_bbox_aux_0: 0.1179 (0.1393)  loss_giou_aux_0: 0.2034 (0.2306)  loss_fgl_aux_0: 0.9776 (0.9981)  loss_ddf_aux_0: 0.0641 (0.0691)  loss_vfl_aux_1: 0.3508 (0.3811)  loss_bbox_aux_1: 0.1031 (0.1189)  loss_giou_aux_1: 0.1924 (0.2094)  loss_fgl_aux_1: 0.9258 (0.9383)  loss_ddf_aux_1: 0.0069 (0.0075)  loss_vfl_aux_2: 0.3552 (0.3664)  loss_bbox_aux_2: 0.0972 (0.1156)  loss_giou_aux_2: 0.1825 (0.2059)  loss_fgl_aux_2: 0.9001 (0.9308)  loss_ddf_aux_2: 0.0000 (0.0002)  loss_vfl_pre: 0.3767 (0.4146)  loss_bbox_pre: 0.1173 (0.1399)  loss_giou_pre: 0.2044 (0.2297)  loss_vfl_enc_0: 0.5225 (0.4991)  loss_bbox_enc_0: 0.2363 (0.2593)  loss_giou_enc_0: 0.3431 (0.3291)  loss_vfl_dn_0: 0.3882 (0.4031)  loss_bbox_dn_0: 0.1683 (0.2024)  loss_giou_dn_0: 0.2725 (0.2916)  loss_fgl_dn_0: 1.0904 (1.1102)  loss_ddf_dn_0: 0.3127 (0.3358)  loss_vfl_dn_1: 0.2812 (0.2877)  loss_bbox_dn_1: 0.0998 (0.1217)  loss_giou_dn_1: 0.1826 (0.1955)  loss_fgl_dn_1: 0.8975 (0.9154)  loss_ddf_dn_1: 0.0350 (0.0433)  loss_vfl_dn_2: 0.2722 (0.2747)  loss_bbox_dn_2: 0.0963 (0.1131)  loss_giou_dn_2: 0.1651 (0.1868)  loss_fgl_dn_2: 0.8858 (0.8977)  loss_ddf_dn_2: 0.0006 (0.0014)  loss_vfl_dn_3: 0.2656 (0.2726)  loss_bbox_dn_3: 0.0966 (0.1128)  loss_giou_dn_3: 0.1652 (0.1865)  loss_fgl_dn_3: 0.8857 (0.8978)  loss_ddf_dn_3: 0.0000 (0.0000)  loss_vfl_dn_pre: 0.3894 (0.4033)  loss_bbox_dn_pre: 0.1991 (0.2303)  loss_giou_dn_pre: 0.2776 (0.2997)  time: 0.9903  data: 0.0018  max mem: 5323
Epoch: [13/15] Total time: 0:08:42 (1.3322 s / it)
Averaged stats: lr: 0.000025  loss: 15.9546 (16.3918)  loss_vfl: 0.3447 (0.3573)  loss_bbox: 0.0972 (0.1156)  loss_giou: 0.1846 (0.2059)  loss_fgl: 0.9001 (0.9307)  loss_vfl_aux_0: 0.3818 (0.4162)  loss_bbox_aux_0: 0.1179 (0.1393)  loss_giou_aux_0: 0.2034 (0.2306)  loss_fgl_aux_0: 0.9776 (0.9981)  loss_ddf_aux_0: 0.0641 (0.0691)  loss_vfl_aux_1: 0.3508 (0.3811)  loss_bbox_aux_1: 0.1031 (0.1189)  loss_giou_aux_1: 0.1924 (0.2094)  loss_fgl_aux_1: 0.9258 (0.9383)  loss_ddf_aux_1: 0.0069 (0.0075)  loss_vfl_aux_2: 0.3552 (0.3664)  loss_bbox_aux_2: 0.0972 (0.1156)  loss_giou_aux_2: 0.1825 (0.2059)  loss_fgl_aux_2: 0.9001 (0.9308)  loss_ddf_aux_2: 0.0000 (0.0002)  loss_vfl_pre: 0.3767 (0.4146)  loss_bbox_pre: 0.1173 (0.1399)  loss_giou_pre: 0.2044 (0.2297)  loss_vfl_enc_0: 0.5225 (0.4991)  loss_bbox_enc_0: 0.2363 (0.2593)  loss_giou_enc_0: 0.3431 (0.3291)  loss_vfl_dn_0: 0.3882 (0.4031)  loss_bbox_dn_0: 0.1683 (0.2024)  loss_giou_dn_0: 0.2725 (0.2916)  loss_fgl_dn_0: 1.0904 (1.1102)  loss_ddf_dn_0: 0.3127 (0.3358)  loss_vfl_dn_1: 0.2812 (0.2877)  loss_bbox_dn_1: 0.0998 (0.1217)  loss_giou_dn_1: 0.1826 (0.1955)  loss_fgl_dn_1: 0.8975 (0.9154)  loss_ddf_dn_1: 0.0350 (0.0433)  loss_vfl_dn_2: 0.2722 (0.2747)  loss_bbox_dn_2: 0.0963 (0.1131)  loss_giou_dn_2: 0.1651 (0.1868)  loss_fgl_dn_2: 0.8858 (0.8977)  loss_ddf_dn_2: 0.0006 (0.0014)  loss_vfl_dn_3: 0.2656 (0.2726)  loss_bbox_dn_3: 0.0966 (0.1128)  loss_giou_dn_3: 0.1652 (0.1865)  loss_fgl_dn_3: 0.8857 (0.8978)  loss_ddf_dn_3: 0.0000 (0.0000)  loss_vfl_dn_pre: 0.3894 (0.4033)  loss_bbox_dn_pre: 0.1991 (0.2303)  loss_giou_dn_pre: 0.2776 (0.2997)
Test:  [ 0/49]  eta: 1:30:53    time: 111.3033  data: 111.0148  max mem: 5323
Test:  [10/49]  eta: 0:06:41    time: 10.2949  data: 10.0944  max mem: 5323
Test:  [20/49]  eta: 0:02:39    time: 0.1956  data: 0.0023  max mem: 5323
Test:  [30/49]  eta: 0:01:11    time: 0.2106  data: 0.0128  max mem: 5323
Test:  [40/49]  eta: 0:00:26    time: 0.2340  data: 0.0253  max mem: 5323
Test:  [48/49]  eta: 0:00:02    time: 0.2205  data: 0.0146  max mem: 5323
Test: Total time: 0:02:03 (2.5105 s / it)
Metrics: {'f1': 0.903755868544601, 'precision': 0.903755868544601, 'recall': 0.903755868544601, 'iou': 0.7301226956430799, 'TPs': 385, 'FPs': 41, 'FNs': 41}
Averaged stats: 
Accumulating evaluation results...
COCOeval_opt.accumulate() finished...
DONE (t=0.08s).
IoU metric: bbox
 Average Precision  (AP) @[ IoU=0.50:0.95 | area=   all | maxDets=100 ] = 0.606
 Average Precision  (AP) @[ IoU=0.50      | area=   all | maxDets=100 ] = 0.878
 Average Precision  (AP) @[ IoU=0.75      | area=   all | maxDets=100 ] = 0.665
 Average Precision  (AP) @[ IoU=0.50:0.95 | area= small | maxDets=100 ] = 0.169
 Average Precision  (AP) @[ IoU=0.50:0.95 | area=medium | maxDets=100 ] = 0.675
 Average Precision  (AP) @[ IoU=0.50:0.95 | area= large | maxDets=100 ] = 0.590
 Average Recall     (AR) @[ IoU=0.50:0.95 | area=   all | maxDets=  1 ] = 0.525
 Average Recall     (AR) @[ IoU=0.50:0.95 | area=   all | maxDets= 10 ] = 0.708
 Average Recall     (AR) @[ IoU=0.50:0.95 | area=   all | maxDets=100 ] = 0.789
 Average Recall     (AR) @[ IoU=0.50:0.95 | area= small | maxDets=100 ] = 0.233
 Average Recall     (AR) @[ IoU=0.50:0.95 | area=medium | maxDets=100 ] = 0.783
 Average Recall     (AR) @[ IoU=0.50:0.95 | area= large | maxDets=100 ] = 0.785
 Average Recall     (AR) @[ IoU=0.50      | area=   all | maxDets=100 ] = 0.993
 Average Recall     (AR) @[ IoU=0.75      | area=   all | maxDets=100 ] = 0.897
best_stat: {'epoch': 12, 'coco_eval_bbox': 0.6155838594349752}
Load last_epoch
Load model.state_dict
Load criterion.state_dict
Load postprocessor.state_dict
Load ema.state_dict
Load scaler.state_dict
Load optimizer.state_dict
Load lr_scheduler.state_dict
Load lr_warmup_scheduler.state_dict
Refresh EMA at epoch 13 with decay 0.9998
Epoch: [14/15]  [  0/392]  eta: 12:10:48  lr: 0.000025  loss: 15.6236 (15.6236)  loss_vfl: 0.3135 (0.3135)  loss_bbox: 0.0912 (0.0912)  loss_giou: 0.1621 (0.1621)  loss_fgl: 0.9676 (0.9676)  loss_vfl_aux_0: 0.3247 (0.3247)  loss_bbox_aux_0: 0.1220 (0.1220)  loss_giou_aux_0: 0.1730 (0.1730)  loss_fgl_aux_0: 1.0297 (1.0297)  loss_ddf_aux_0: 0.0676 (0.0676)  loss_vfl_aux_1: 0.3335 (0.3335)  loss_bbox_aux_1: 0.0985 (0.0985)  loss_giou_aux_1: 0.1748 (0.1748)  loss_fgl_aux_1: 0.9763 (0.9763)  loss_ddf_aux_1: 0.0070 (0.0070)  loss_vfl_aux_2: 0.3101 (0.3101)  loss_bbox_aux_2: 0.0915 (0.0915)  loss_giou_aux_2: 0.1617 (0.1617)  loss_fgl_aux_2: 0.9675 (0.9675)  loss_ddf_aux_2: 0.0000 (0.0000)  loss_vfl_pre: 0.3267 (0.3267)  loss_bbox_pre: 0.1165 (0.1165)  loss_giou_pre: 0.1814 (0.1814)  loss_vfl_enc_0: 0.4365 (0.4365)  loss_bbox_enc_0: 0.3931 (0.3931)  loss_giou_enc_0: 0.3133 (0.3133)  loss_vfl_dn_0: 0.3984 (0.3984)  loss_bbox_dn_0: 0.1859 (0.1859)  loss_giou_dn_0: 0.2582 (0.2582)  loss_fgl_dn_0: 1.0928 (1.0928)  loss_ddf_dn_0: 0.3890 (0.3890)  loss_vfl_dn_1: 0.2830 (0.2830)  loss_bbox_dn_1: 0.0981 (0.0981)  loss_giou_dn_1: 0.1652 (0.1652)  loss_fgl_dn_1: 0.8979 (0.8979)  loss_ddf_dn_1: 0.0393 (0.0393)  loss_vfl_dn_2: 0.2705 (0.2705)  loss_bbox_dn_2: 0.0872 (0.0872)  loss_giou_dn_2: 0.1567 (0.1567)  loss_fgl_dn_2: 0.8750 (0.8750)  loss_ddf_dn_2: 0.0004 (0.0004)  loss_vfl_dn_3: 0.2664 (0.2664)  loss_bbox_dn_3: 0.0870 (0.0870)  loss_giou_dn_3: 0.1568 (0.1568)  loss_fgl_dn_3: 0.8751 (0.8751)  loss_ddf_dn_3: 0.0000 (0.0000)  loss_vfl_dn_pre: 0.3984 (0.3984)  loss_bbox_dn_pre: 0.2301 (0.2301)  loss_giou_dn_pre: 0.2725 (0.2725)  time: 111.8572  data: 110.5696  max mem: 5323
Epoch: [14/15]  [100/392]  eta: 0:10:26  lr: 0.000025  loss: 19.5798 (18.9579)  loss_vfl: 0.4463 (0.4480)  loss_bbox: 0.1617 (0.1602)  loss_giou: 0.2639 (0.2513)  loss_fgl: 0.9629 (0.9891)  loss_vfl_aux_0: 0.5210 (0.5362)  loss_bbox_aux_0: 0.1948 (0.1951)  loss_giou_aux_0: 0.3127 (0.2847)  loss_fgl_aux_0: 1.0403 (1.0703)  loss_ddf_aux_0: 0.0743 (0.0809)  loss_vfl_aux_1: 0.4636 (0.4742)  loss_bbox_aux_1: 0.1720 (0.1643)  loss_giou_aux_1: 0.2760 (0.2561)  loss_fgl_aux_1: 0.9682 (0.9987)  loss_ddf_aux_1: 0.0081 (0.0078)  loss_vfl_aux_2: 0.5010 (0.4540)  loss_bbox_aux_2: 0.1642 (0.1606)  loss_giou_aux_2: 0.2636 (0.2516)  loss_fgl_aux_2: 0.9626 (0.9890)  loss_ddf_aux_2: 0.0002 (0.0001)  loss_vfl_pre: 0.5190 (0.5342)  loss_bbox_pre: 0.1970 (0.1942)  loss_giou_pre: 0.3098 (0.2833)  loss_vfl_enc_0: 0.6440 (0.6296)  loss_bbox_enc_0: 0.3367 (0.3527)  loss_giou_enc_0: 0.4304 (0.4001)  loss_vfl_dn_0: 0.4556 (0.4419)  loss_bbox_dn_0: 0.2550 (0.2695)  loss_giou_dn_0: 0.3752 (0.3509)  loss_fgl_dn_0: 1.1359 (1.1476)  loss_ddf_dn_0: 0.3958 (0.3829)  loss_vfl_dn_1: 0.3401 (0.3304)  loss_bbox_dn_1: 0.1715 (0.1736)  loss_giou_dn_1: 0.2481 (0.2412)  loss_fgl_dn_1: 0.9497 (0.9791)  loss_ddf_dn_1: 0.0517 (0.0455)  loss_vfl_dn_2: 0.3352 (0.3163)  loss_bbox_dn_2: 0.1612 (0.1616)  loss_giou_dn_2: 0.2485 (0.2302)  loss_fgl_dn_2: 0.9308 (0.9603)  loss_ddf_dn_2: 0.0017 (0.0015)  loss_vfl_dn_3: 0.3308 (0.3130)  loss_bbox_dn_3: 0.1608 (0.1609)  loss_giou_dn_3: 0.2492 (0.2295)  loss_fgl_dn_3: 0.9301 (0.9604)  loss_ddf_dn_3: 0.0000 (0.0000)  loss_vfl_dn_pre: 0.4568 (0.4408)  loss_bbox_dn_pre: 0.3056 (0.2960)  loss_giou_dn_pre: 0.3856 (0.3585)  time: 1.0828  data: 0.0025  max mem: 5323
Epoch: [14/15]  [200/392]  eta: 0:05:02  lr: 0.000025  loss: 19.4855 (18.5976)  loss_vfl: 0.4680 (0.4351)  loss_bbox: 0.1687 (0.1527)  loss_giou: 0.2299 (0.2524)  loss_fgl: 0.9869 (0.9859)  loss_vfl_aux_0: 0.4993 (0.5130)  loss_bbox_aux_0: 0.2042 (0.1830)  loss_giou_aux_0: 0.2850 (0.2828)  loss_fgl_aux_0: 1.0756 (1.0582)  loss_ddf_aux_0: 0.0677 (0.0753)  loss_vfl_aux_1: 0.4561 (0.4632)  loss_bbox_aux_1: 0.1679 (0.1559)  loss_giou_aux_1: 0.2249 (0.2557)  loss_fgl_aux_1: 0.9943 (0.9935)  loss_ddf_aux_1: 0.0053 (0.0078)  loss_vfl_aux_2: 0.4683 (0.4446)  loss_bbox_aux_2: 0.1678 (0.1529)  loss_giou_aux_2: 0.2288 (0.2524)  loss_fgl_aux_2: 0.9865 (0.9859)  loss_ddf_aux_2: 0.0002 (0.0002)  loss_vfl_pre: 0.4910 (0.5115)  loss_bbox_pre: 0.2063 (0.1831)  loss_giou_pre: 0.2854 (0.2817)  loss_vfl_enc_0: 0.5845 (0.6016)  loss_bbox_enc_0: 0.3094 (0.3304)  loss_giou_enc_0: 0.3558 (0.3951)  loss_vfl_dn_0: 0.4299 (0.4346)  loss_bbox_dn_0: 0.2769 (0.2538)  loss_giou_dn_0: 0.3366 (0.3446)  loss_fgl_dn_0: 1.1343 (1.1453)  loss_ddf_dn_0: 0.3892 (0.3687)  loss_vfl_dn_1: 0.3281 (0.3248)  loss_bbox_dn_1: 0.1874 (0.1623)  loss_giou_dn_1: 0.2500 (0.2389)  loss_fgl_dn_1: 0.9813 (0.9737)  loss_ddf_dn_1: 0.0489 (0.0451)  loss_vfl_dn_2: 0.3015 (0.3103)  loss_bbox_dn_2: 0.1755 (0.1508)  loss_giou_dn_2: 0.2245 (0.2281)  loss_fgl_dn_2: 0.9590 (0.9549)  loss_ddf_dn_2: 0.0016 (0.0015)  loss_vfl_dn_3: 0.2976 (0.3071)  loss_bbox_dn_3: 0.1810 (0.1500)  loss_giou_dn_3: 0.2299 (0.2276)  loss_fgl_dn_3: 0.9586 (0.9550)  loss_ddf_dn_3: 0.0000 (0.0000)  loss_vfl_dn_pre: 0.4287 (0.4343)  loss_bbox_dn_pre: 0.3055 (0.2806)  loss_giou_dn_pre: 0.3521 (0.3520)  time: 1.0391  data: 0.0021  max mem: 5323
Epoch: [14/15]  [300/392]  eta: 0:02:08  lr: 0.000025  loss: 17.9285 (18.3863)  loss_vfl: 0.3958 (0.4236)  loss_bbox: 0.1076 (0.1481)  loss_giou: 0.2445 (0.2524)  loss_fgl: 1.0210 (0.9841)  loss_vfl_aux_0: 0.4158 (0.4964)  loss_bbox_aux_0: 0.1322 (0.1779)  loss_giou_aux_0: 0.2541 (0.2820)  loss_fgl_aux_0: 1.0382 (1.0530)  loss_ddf_aux_0: 0.0521 (0.0737)  loss_vfl_aux_1: 0.4141 (0.4517)  loss_bbox_aux_1: 0.1182 (0.1517)  loss_giou_aux_1: 0.2567 (0.2561)  loss_fgl_aux_1: 1.0211 (0.9919)  loss_ddf_aux_1: 0.0060 (0.0077)  loss_vfl_aux_2: 0.3989 (0.4320)  loss_bbox_aux_2: 0.1073 (0.1483)  loss_giou_aux_2: 0.2445 (0.2524)  loss_fgl_aux_2: 1.0207 (0.9841)  loss_ddf_aux_2: 0.0001 (0.0002)  loss_vfl_pre: 0.4148 (0.4955)  loss_bbox_pre: 0.1370 (0.1789)  loss_giou_pre: 0.2572 (0.2811)  loss_vfl_enc_0: 0.5708 (0.5870)  loss_bbox_enc_0: 0.2466 (0.3172)  loss_giou_enc_0: 0.3516 (0.3890)  loss_vfl_dn_0: 0.4431 (0.4316)  loss_bbox_dn_0: 0.1874 (0.2474)  loss_giou_dn_0: 0.3354 (0.3423)  loss_fgl_dn_0: 1.1223 (1.1436)  loss_ddf_dn_0: 0.2730 (0.3581)  loss_vfl_dn_1: 0.3352 (0.3215)  loss_bbox_dn_1: 0.1204 (0.1557)  loss_giou_dn_1: 0.2309 (0.2376)  loss_fgl_dn_1: 0.9991 (0.9718)  loss_ddf_dn_1: 0.0329 (0.0453)  loss_vfl_dn_2: 0.3203 (0.3068)  loss_bbox_dn_2: 0.1169 (0.1444)  loss_giou_dn_2: 0.2352 (0.2270)  loss_fgl_dn_2: 0.9935 (0.9530)  loss_ddf_dn_2: 0.0013 (0.0016)  loss_vfl_dn_3: 0.3223 (0.3038)  loss_bbox_dn_3: 0.1169 (0.1436)  loss_giou_dn_3: 0.2366 (0.2265)  loss_fgl_dn_3: 0.9931 (0.9530)  loss_ddf_dn_3: 0.0000 (0.0000)  loss_vfl_dn_pre: 0.4473 (0.4315)  loss_bbox_dn_pre: 0.2098 (0.2743)  loss_giou_dn_pre: 0.3386 (0.3497)  time: 1.0033  data: 0.0023  max mem: 5323
Epoch: [14/15]  [391/392]  eta: 0:00:01  lr: 0.000025  loss: 18.3849 (18.2685)  loss_vfl: 0.3733 (0.4184)  loss_bbox: 0.1354 (0.1457)  loss_giou: 0.2705 (0.2497)  loss_fgl: 0.9727 (0.9805)  loss_vfl_aux_0: 0.4915 (0.4937)  loss_bbox_aux_0: 0.1589 (0.1753)  loss_giou_aux_0: 0.2873 (0.2785)  loss_fgl_aux_0: 1.0679 (1.0518)  loss_ddf_aux_0: 0.0692 (0.0743)  loss_vfl_aux_1: 0.4192 (0.4460)  loss_bbox_aux_1: 0.1355 (0.1492)  loss_giou_aux_1: 0.2718 (0.2533)  loss_fgl_aux_1: 1.0204 (0.9887)  loss_ddf_aux_1: 0.0063 (0.0077)  loss_vfl_aux_2: 0.3955 (0.4258)  loss_bbox_aux_2: 0.1352 (0.1459)  loss_giou_aux_2: 0.2668 (0.2498)  loss_fgl_aux_2: 0.9739 (0.9804)  loss_ddf_aux_2: 0.0001 (0.0002)  loss_vfl_pre: 0.4890 (0.4926)  loss_bbox_pre: 0.1611 (0.1764)  loss_giou_pre: 0.2817 (0.2777)  loss_vfl_enc_0: 0.5122 (0.5788)  loss_bbox_enc_0: 0.3024 (0.3121)  loss_giou_enc_0: 0.4059 (0.3847)  loss_vfl_dn_0: 0.4238 (0.4297)  loss_bbox_dn_0: 0.2108 (0.2442)  loss_giou_dn_0: 0.3381 (0.3396)  loss_fgl_dn_0: 1.1406 (1.1434)  loss_ddf_dn_0: 0.3754 (0.3656)  loss_vfl_dn_1: 0.3196 (0.3196)  loss_bbox_dn_1: 0.1327 (0.1530)  loss_giou_dn_1: 0.2413 (0.2353)  loss_fgl_dn_1: 0.9825 (0.9682)  loss_ddf_dn_1: 0.0531 (0.0459)  loss_vfl_dn_2: 0.3040 (0.3045)  loss_bbox_dn_2: 0.1207 (0.1419)  loss_giou_dn_2: 0.2345 (0.2249)  loss_fgl_dn_2: 0.9622 (0.9494)  loss_ddf_dn_2: 0.0010 (0.0016)  loss_vfl_dn_3: 0.3022 (0.3019)  loss_bbox_dn_3: 0.1206 (0.1411)  loss_giou_dn_3: 0.2349 (0.2244)  loss_fgl_dn_3: 0.9608 (0.9494)  loss_ddf_dn_3: 0.0000 (0.0000)  loss_vfl_dn_pre: 0.4268 (0.4296)  loss_bbox_dn_pre: 0.2665 (0.2712)  loss_giou_dn_pre: 0.3383 (0.3471)  time: 0.9988  data: 0.0021  max mem: 5323
Epoch: [14/15] Total time: 0:08:35 (1.3154 s / it)
Averaged stats: lr: 0.000025  loss: 18.3849 (18.2685)  loss_vfl: 0.3733 (0.4184)  loss_bbox: 0.1354 (0.1457)  loss_giou: 0.2705 (0.2497)  loss_fgl: 0.9727 (0.9805)  loss_vfl_aux_0: 0.4915 (0.4937)  loss_bbox_aux_0: 0.1589 (0.1753)  loss_giou_aux_0: 0.2873 (0.2785)  loss_fgl_aux_0: 1.0679 (1.0518)  loss_ddf_aux_0: 0.0692 (0.0743)  loss_vfl_aux_1: 0.4192 (0.4460)  loss_bbox_aux_1: 0.1355 (0.1492)  loss_giou_aux_1: 0.2718 (0.2533)  loss_fgl_aux_1: 1.0204 (0.9887)  loss_ddf_aux_1: 0.0063 (0.0077)  loss_vfl_aux_2: 0.3955 (0.4258)  loss_bbox_aux_2: 0.1352 (0.1459)  loss_giou_aux_2: 0.2668 (0.2498)  loss_fgl_aux_2: 0.9739 (0.9804)  loss_ddf_aux_2: 0.0001 (0.0002)  loss_vfl_pre: 0.4890 (0.4926)  loss_bbox_pre: 0.1611 (0.1764)  loss_giou_pre: 0.2817 (0.2777)  loss_vfl_enc_0: 0.5122 (0.5788)  loss_bbox_enc_0: 0.3024 (0.3121)  loss_giou_enc_0: 0.4059 (0.3847)  loss_vfl_dn_0: 0.4238 (0.4297)  loss_bbox_dn_0: 0.2108 (0.2442)  loss_giou_dn_0: 0.3381 (0.3396)  loss_fgl_dn_0: 1.1406 (1.1434)  loss_ddf_dn_0: 0.3754 (0.3656)  loss_vfl_dn_1: 0.3196 (0.3196)  loss_bbox_dn_1: 0.1327 (0.1530)  loss_giou_dn_1: 0.2413 (0.2353)  loss_fgl_dn_1: 0.9825 (0.9682)  loss_ddf_dn_1: 0.0531 (0.0459)  loss_vfl_dn_2: 0.3040 (0.3045)  loss_bbox_dn_2: 0.1207 (0.1419)  loss_giou_dn_2: 0.2345 (0.2249)  loss_fgl_dn_2: 0.9622 (0.9494)  loss_ddf_dn_2: 0.0010 (0.0016)  loss_vfl_dn_3: 0.3022 (0.3019)  loss_bbox_dn_3: 0.1206 (0.1411)  loss_giou_dn_3: 0.2349 (0.2244)  loss_fgl_dn_3: 0.9608 (0.9494)  loss_ddf_dn_3: 0.0000 (0.0000)  loss_vfl_dn_pre: 0.4268 (0.4296)  loss_bbox_dn_pre: 0.2665 (0.2712)  loss_giou_dn_pre: 0.3383 (0.3471)
Test:  [ 0/49]  eta: 1:30:15    time: 110.5301  data: 110.0790  max mem: 5323
Test:  [10/49]  eta: 0:06:38    time: 10.2210  data: 10.0093  max mem: 5323
Test:  [20/49]  eta: 0:02:37    time: 0.1908  data: 0.0022  max mem: 5323
Test:  [30/49]  eta: 0:01:11    time: 0.2021  data: 0.0021  max mem: 5323
Test:  [40/49]  eta: 0:00:26    time: 0.2205  data: 0.0173  max mem: 5323
Test:  [48/49]  eta: 0:00:02    time: 0.2096  data: 0.0170  max mem: 5323
Test: Total time: 0:02:01 (2.4863 s / it)
Metrics: {'f1': 0.8881036513545347, 'precision': 0.8912529550827423, 'recall': 0.8849765258215962, 'iou': 0.7106739898859444, 'TPs': 377, 'FPs': 46, 'FNs': 49}
Averaged stats: 
Accumulating evaluation results...
COCOeval_opt.accumulate() finished...
DONE (t=0.08s).
IoU metric: bbox
 Average Precision  (AP) @[ IoU=0.50:0.95 | area=   all | maxDets=100 ] = 0.590
 Average Precision  (AP) @[ IoU=0.50      | area=   all | maxDets=100 ] = 0.843
 Average Precision  (AP) @[ IoU=0.75      | area=   all | maxDets=100 ] = 0.664
 Average Precision  (AP) @[ IoU=0.50:0.95 | area= small | maxDets=100 ] = 0.172
 Average Precision  (AP) @[ IoU=0.50:0.95 | area=medium | maxDets=100 ] = 0.641
 Average Precision  (AP) @[ IoU=0.50:0.95 | area= large | maxDets=100 ] = 0.573
 Average Recall     (AR) @[ IoU=0.50:0.95 | area=   all | maxDets=  1 ] = 0.517
 Average Recall     (AR) @[ IoU=0.50:0.95 | area=   all | maxDets= 10 ] = 0.708
 Average Recall     (AR) @[ IoU=0.50:0.95 | area=   all | maxDets=100 ] = 0.774
 Average Recall     (AR) @[ IoU=0.50:0.95 | area= small | maxDets=100 ] = 0.500
 Average Recall     (AR) @[ IoU=0.50:0.95 | area=medium | maxDets=100 ] = 0.804
 Average Recall     (AR) @[ IoU=0.50:0.95 | area= large | maxDets=100 ] = 0.768
 Average Recall     (AR) @[ IoU=0.50      | area=   all | maxDets=100 ] = 0.999
 Average Recall     (AR) @[ IoU=0.75      | area=   all | maxDets=100 ] = 0.886
best_stat: {'epoch': 12, 'coco_eval_bbox': 0.6155838594349752}
Training time 3:02:11
