
[2026-08-01T11:03:46.373621+00:00] COMMAND: C:\Users\Lenovo\anaconda3\envs\insulator-defect\python.exe train.py -c E:\School\insulator-defect-detection\runs\third_party\D-FINE\configs\dfine\custom\dfine_hgnetv2_l_dataset_labels_coco.yml -t E:\School\insulator-defect-detection\runs\third_party\D-FINE\weights\dfine_l_coco.pth --use-amp --seed 20260731
Not init distributed mode.
cfg: 
{'_collate_fn': None,
 '_criterion': None,
 '_ema': None,
 '_evaluator': None,
 '_lr_scheduler': None,
 '_lr_warmup_scheduler': None,
 '_model': None,
 '_optimizer': None,
 '_postprocessor': None,
 '_scaler': None,
 '_train_batch_size': None,
 '_train_dataloader': None,
 '_train_dataset': None,
 '_train_shuffle': None,
 '_val_batch_size': None,
 '_val_dataloader': None,
 '_val_dataset': None,
 '_val_shuffle': None,
 '_writer': None,
 'batch_size': None,
 'checkpoint_freq': 12,
 'clip_max_norm': 0.1,
 'device': '',
 'ema_decay': 0.9999,
 'ema_warmups': 2000,
 'epochs': 15,
 'find_unused_parameters': False,
 'last_epoch': -1,
 'num_workers': 0,
 'output_dir': 'E:/School/insulator-defect-detection/runs/dfine/dfine_l_img960',
 'print_freq': 100,
 'resume': None,
 'seed': 20260731,
 'summary_dir': None,
 'sync_bn': True,
 'task': 'detection',
 'tuning': 'E:\\School\\insulator-defect-detection\\runs\\third_party\\D-FINE\\weights\\dfine_l_coco.pth',
 'use_amp': True,
 'use_ema': True,
 'yaml_cfg': {'DFINE': {'backbone': 'HGNetv2',
                        'decoder': 'DFINETransformer',
                        'encoder': 'HybridEncoder'},
              'DFINECriterion': {'alpha': 0.75,
                                 'gamma': 2.0,
                                 'losses': ['vfl', 'boxes', 'local'],
                                 'matcher': {'alpha': 0.25,
                                             'gamma': 2.0,
                                             'type': 'HungarianMatcher',
                                             'weight_dict': {'cost_bbox': 5,
                                                             'cost_class': 2,
                                                             'cost_giou': 2}},
                                 'reg_max': 32,
                                 'weight_dict': {'loss_bbox': 5,
                                                 'loss_ddf': 1.5,
                                                 'loss_fgl': 0.15,
                                                 'loss_giou': 2,
                                                 'loss_vfl': 1}},
              'DFINEPostProcessor': {'num_top_queries': 300},
              'DFINETransformer': {'box_noise_scale': 1.0,
                                   'cross_attn_method': 'default',
                                   'eval_idx': -1,
                                   'feat_channels': [256, 256, 256],
                                   'feat_strides': [8, 16, 32],
                                   'hidden_dim': 256,
                                   'label_noise_ratio': 0.5,
                                   'layer_scale': 1,
                                   'num_denoising': 100,
                                   'num_layers': 6,
                                   'num_levels': 3,
                                   'num_points': [3, 6, 3],
                                   'num_queries': 300,
                                   'query_select_method': 'default',
                                   'reg_max': 32,
                                   'reg_scale': 4},
              'HGNetv2': {'freeze_at': 0,
                          'freeze_norm': True,
                          'freeze_stem_only': True,
                          'local_model_dir': 'weight/hgnetv2/',
                          'name': 'B4',
                          'pretrained': False,
                          'return_idx': [1, 2, 3]},
              'HybridEncoder': {'act': 'silu',
                                'depth_mult': 1,
                                'dim_feedforward': 1024,
                                'dropout': 0.0,
                                'enc_act': 'gelu',
                                'expansion': 1.0,
                                'feat_strides': [8, 16, 32],
                                'hidden_dim': 256,
                                'in_channels': [512, 1024, 2048],
                                'nhead': 8,
                                'num_encoder_layers': 1,
                                'use_encoder_idx': [2]},
              '__include__': ['../../dataset/insulator_detection.yml',
                              '../../runtime.yml',
                              '../include/dataloader.yml',
                              '../include/optimizer.yml',
                              '../include/dfine_hgnetv2.yml'],
              'checkpoint_freq': 12,
              'clip_max_norm': 0.1,
              'config': 'E:\\School\\insulator-defect-detection\\runs\\third_party\\D-FINE\\configs\\dfine\\custom\\dfine_hgnetv2_l_dataset_labels_coco.yml',
              'criterion': 'DFINECriterion',
              'ema': {'decay': 0.9999,
                      'start': 0,
                      'type': 'ModelEMA',
                      'warmups': 1000},
              'epochs': 15,
              'eval_spatial_size': [960, 960],
              'evaluator': {'iou_types': ['bbox'], 'type': 'CocoEvaluator'},
              'exp_name': 'baseline',
              'find_unused_parameters': False,
              'lr_scheduler': {'gamma': 0.1,
                               'milestones': [500],
                               'type': 'MultiStepLR'},
              'lr_warmup_scheduler': {'type': 'LinearWarmup',
                                      'warmup_duration': 500},
              'model': 'DFINE',
              'num_classes': 4,
              'optimizer': {'betas': [0.9, 0.999],
                            'lr': 0.00025,
                            'params': [{'lr': 1.25e-05,
                                        'params': '^(?=.*backbone)(?!.*norm|bn).*$'},
                                       {'params': '^(?=.*(?:encoder|decoder))(?=.*(?:norm|bn)).*$',
                                        'weight_decay': 0.0}],
                            'type': 'AdamW',
                            'weight_decay': 0.000125},
              'output_dir': 'E:/School/insulator-defect-detection/runs/dfine/dfine_l_img960',
              'postprocessor': 'DFINEPostProcessor',
              'print_freq': 100,
              'print_method': 'builtin',
              'print_rank': 0,
              'project_name': 'D-FINE',
              'remap_mscoco_category': False,
              'scaler': {'enabled': True, 'type': 'GradScaler'},
              'seed': 20260731,
              'sync_bn': True,
              'task': 'detection',
              'test_only': False,
              'train_dataloader': {'collate_fn': {'base_size': 960,
                                                  'base_size_repeat': None,
                                                  'ema_restart_decay': 0.9999,
                                                  'stop_epoch': 10,
                                                  'type': 'BatchImageCollateFunction'},
                                   'dataset': {'ann_file': 'E:/School/insulator-defect-detection/datasets/dataset_labels_coco/annotations/instances_train.json',
                                               'img_folder': 'E:/School/insulator-defect-detection/datasets/dataset_labels_coco/images/train',
                                               'return_masks': False,
                                               'transforms': {'ops': [{'p': 0.5,
                                                                       'type': 'RandomPhotometricDistort'},
                                                                      {'fill': 0,
                                                                       'type': 'RandomZoomOut'},
                                                                      {'p': 0.8,
                                                                       'type': 'RandomIoUCrop'},
                                                                      {'min_size': 1,
                                                                       'type': 'SanitizeBoundingBoxes'},
                                                                      {'type': 'RandomHorizontalFlip'E:\School\insulator-defect-detection\runs\third_party\D-FINE\src\core\workspace.py:178: FutureWarning: `torch.cuda.amp.GradScaler(args...)` is deprecated. Please use `torch.amp.GradScaler('cuda', args...)` instead.
  return module(**module_kwargs)
E:\School\insulator-defect-detection\runs\third_party\D-FINE\src\solver\det_engine.py:125: UserWarning: Converting a tensor with requires_grad=True to a scalar may lead to unexpected behavior.
Consider using tensor.detach() first. (Triggered internally at C:\actions-runner\_work\pytorch\pytorch\torch\csrc\autograd\generated\python_variable_methods.cpp:823.)
  if not math.isfinite(loss_value):
},
                                                                      {'size': [960,
                                                                                960],
                                                                       'type': 'Resize'},
                                                                      {'min_size': 1,
                                                                       'type': 'SanitizeBoundingBoxes'},
                                                                      {'dtype': 'float32',
                                                                       'scale': True,
                                                                       'type': 'ConvertPILImage'},
                                                                      {'fmt': 'cxcywh',
                                                                       'normalize': True,
                                                                       'type': 'ConvertBoxes'}],
                                                              'policy': {'epoch': 10,
                                                                         'name': 'stop_epoch',
                                                                         'ops': ['RandomPhotometricDistort',
                                                                                 'RandomZoomOut',
                                                                                 'RandomIoUCrop']},
                                                              'type': 'Compose'},
                                               'type': 'CocoDetection'},
                                   'drop_last': True,
                                   'num_workers': 4,
                                   'shuffle': True,
                                   'total_batch_size': 4,
                                   'type': 'DataLoader'},
              'tuning': 'E:\\School\\insulator-defect-detection\\runs\\third_party\\D-FINE\\weights\\dfine_l_coco.pth',
              'use_amp': True,
              'use_ema': True,
              'use_focal_loss': True,
              'use_wandb': False,
              'val_dataloader': {'collate_fn': {'type': 'BatchImageCollateFunction'},
                                 'dataset': {'ann_file': 'E:/School/insulator-defect-detection/datasets/dataset_labels_coco/annotations/instances_val.json',
                                             'img_folder': 'E:/School/insulator-defect-detection/datasets/dataset_labels_coco/images/val',
                                             'return_masks': False,
                                             'transforms': {'ops': [{'size': [960,
                                                                              960],
                                                                     'type': 'Resize'},
                                                                    {'dtype': 'float32',
                                                                     'scale': True,
                                                                     'type': 'ConvertPILImage'}],
                                                            'type': 'Compose'},
                                             'type': 'CocoDetection'},
                                 'drop_last': False,
                                 'num_workers': 4,
                                 'shuffle': False,
                                 'total_batch_size': 4,
                                 'type': 'DataLoader'}}}
Tuning checkpoint from E:\School\insulator-defect-detection\runs\third_party\D-FINE\weights\dfine_l_coco.pth
Load model.state_dict, {'missed': ['decoder.denoising_class_embed.weight'], 'unmatched': ['decoder.anchors', 'decoder.valid_mask', 'decoder.enc_score_head.weight', 'decoder.enc_score_head.bias', 'decoder.dec_score_head.0.weight', 'decoder.dec_score_head.0.bias', 'decoder.dec_score_head.1.weight', 'decoder.dec_score_head.1.bias', 'decoder.dec_score_head.2.weight', 'decoder.dec_score_head.2.bias', 'decoder.dec_score_head.3.weight', 'decoder.dec_score_head.3.bias', 'decoder.dec_score_head.4.weight', 'decoder.dec_score_head.4.bias', 'decoder.dec_score_head.5.weight', 'decoder.dec_score_head.5.bias']}
Initial lr: [1.25e-05, 0.00025, 0.00025]
building train_dataloader with batch_size=4...
building val_dataloader with batch_size=4...

------------------------------------- Calculate Flops Results -------------------------------------
Notations:
number of parameters (Params), number of multiply-accumulate operations(MACs),
number of floating-point operations (FLOPs), floating-point operations per second (FLOPS),
fwd FLOPs (model forward propagation FLOPs), bwd FLOPs (model backward propagation FLOPs),
default model backpropagation takes 2.00 times as much computation as forward propagation.

Total Training Params:                                                  30.64 M 
fwd MACs:                                                               98.5783 GMACs
fwd FLOPs:                                                              197.439 GFLOPS
fwd+bwd MACs:                                                           295.735 GMACs
fwd+bwd FLOPs:                                                          592.317 GFLOPS
---------------------------------------------------------------------------------------------------
{'Model FLOPs:197.439 GFLOPS   MACs:98.5783 GMACs   Params:30665675'}
------------------------------------------Start training-------------------------------------------
Epoch: [0/15]  [  0/392]  eta: 15:03:00  lr: 0.000000  loss: 74.7712 (74.7712)  loss_vfl: 0.8979 (0.8979)  loss_bbox: 1.4597 (1.4597)  loss_giou: 1.5166 (1.5166)  loss_fgl: 1.2246 (1.2246)  loss_vfl_aux_0: 0.8809 (0.8809)  loss_bbox_aux_0: 1.7585 (1.7585)  loss_giou_aux_0: 1.5406 (1.5406)  loss_fgl_aux_0: 1.1528 (1.1528)  loss_ddf_aux_0: 0.1499 (0.1499)  loss_vfl_aux_1: 0.7490 (0.7490)  loss_bbox_aux_1: 1.5887 (1.5887)  loss_giou_aux_1: 1.5424 (1.5424)  loss_fgl_aux_1: 1.1581 (1.1581)  loss_ddf_aux_1: 0.0262 (0.0262)  loss_vfl_aux_2: 0.8628 (0.8628)  loss_bbox_aux_2: 1.5430 (1.5430)  loss_giou_aux_2: 1.5218 (1.5218)  loss_fgl_aux_2: 1.2165 (1.2165)  loss_ddf_aux_2: 0.0028 (0.0028)  loss_vfl_aux_3: 0.9541 (0.9541)  loss_bbox_aux_3: 1.4637 (1.4637)  loss_giou_aux_3: 1.5191 (1.5191)  loss_fgl_aux_3: 1.2239 (1.2239)  loss_ddf_aux_3: 0.0001 (0.0001)  loss_vfl_aux_4: 0.8511 (0.8511)  loss_bbox_aux_4: 1.4594 (1.4594)  loss_giou_aux_4: 1.5166 (1.5166)  loss_fgl_aux_4: 1.2246 (1.2246)  loss_ddf_aux_4: 0.0000 (0.0000)  loss_vfl_pre: 0.6045 (0.6045)  loss_bbox_pre: 2.5876 (2.5876)  loss_giou_pre: 1.6981 (1.6981)  loss_vfl_enc_0: 0.4077 (0.4077)  loss_bbox_enc_0: 2.8148 (2.8148)  loss_giou_enc_0: 1.9089 (1.9089)  loss_vfl_dn_0: 0.9033 (0.9033)  loss_bbox_dn_0: 1.6408 (1.6408)  loss_giou_dn_0: 1.3376 (1.3376)  loss_fgl_dn_0: 1.2477 (1.2477)  loss_ddf_dn_0: 0.2429 (0.2429)  loss_vfl_dn_1: 0.8989 (0.8989)  loss_bbox_dn_1: 1.5146 (1.5146)  loss_giou_dn_1: 1.2736 (1.2736)  loss_fgl_dn_1: 1.1667 (1.1667)  loss_ddf_dn_1: 0.0488 (0.0488)  loss_vfl_dn_2: 0.9287 (0.9287)  loss_bbox_dn_2: 1.4851 (1.4851)  loss_giou_dn_2: 1.2416 (1.2416)  loss_fgl_dn_2: 1.1755 (1.1755)  loss_ddf_dn_2: 0.0112 (0.0112)  loss_vfl_dn_3: 1.1660 (1.1660)  loss_bbox_dn_3: 1.4434 (1.4434)  loss_giou_dn_3: 1.2212 (1.2212)  loss_fgl_dn_3: 1.1756 (1.1756)  loss_ddf_dn_3: 0.0013 (0.0013)  loss_vfl_dn_4: 1.0820 (1.0820)  loss_bbox_dn_4: 1.4376 (1.4376)  loss_giou_dn_4: 1.2194 (1.2194)  loss_fgl_dn_4: 1.1746 (1.1746)  loss_ddf_dn_4: 0.0000 (0.0000)  loss_vfl_dn_5: 1.0244 (1.0244)  loss_bbox_dn_5: 1.4374 (1.4374)  loss_giou_dn_5: 1.2193 (1.2193)  loss_fgl_dn_5: 1.1746 (1.1746)  loss_ddf_dn_5: 0.0000 (0.0000)  loss_vfl_dn_pre: 0.9194 (0.9194)  loss_bbox_dn_pre: 1.6030 (1.6030)  loss_giou_dn_pre: 1.3279 (1.3279)  time: 138.2158  data: 123.7384  max mem: 6186
Epoch: [0/15]  [100/392]  eta: 0:13:01  lr: 0.000003  loss: 65.7031 (68.6187)  loss_vfl: 1.1631 (1.1309)  loss_bbox: 1.0408 (1.2172)  loss_giou: 1.2361 (1.4215)  loss_fgl: 0.8360 (1.0013)  loss_vfl_aux_0: 1.1201 (1.0680)  loss_bbox_aux_0: 1.3855 (1.4131)  loss_giou_aux_0: 1.4112 (1.5410)  loss_fgl_aux_0: 0.7542 (0.9335)  loss_ddf_aux_0: 0.1602 (0.1423)  loss_vfl_aux_1: 1.2432 (1.0474)  loss_bbox_aux_1: 1.1737 (1.2756)  loss_giou_aux_1: 1.3139 (1.4671)  loss_fgl_aux_1: 0.7949 (0.9739)  loss_ddf_aux_1: 0.0452 (0.0298)  loss_vfl_aux_2: 1.1699 (1.0865)  loss_bbox_aux_2: 1.0838 (1.2358)  loss_giou_aux_2: 1.2500 (1.4338)  loss_fgl_aux_2: 0.8230 (0.9902)  loss_ddf_aux_2: 0.0060 (0.0033)  loss_vfl_aux_3: 1.4814 (1.2875)  loss_bbox_aux_3: 1.0411 (1.2178)  loss_giou_aux_3: 1.2379 (1.4217)  loss_fgl_aux_3: 0.8356 (1.0008)  loss_ddf_aux_3: 0.0001 (0.0001)  loss_vfl_aux_4: 1.3945 (1.1628)  loss_bbox_aux_4: 1.0408 (1.2171)  loss_giou_aux_4: 1.2361 (1.4215)  loss_fgl_aux_4: 0.8359 (1.0013)  loss_ddf_aux_4: 0.0000 (0.0000)  loss_vfl_pre: 1.1260 (1.0346)  loss_bbox_pre: 1.4784 (1.6818)  loss_giou_pre: 1.4698 (1.5933)  loss_vfl_enc_0: 0.7490 (0.6982)  loss_bbox_enc_0: 1.7775 (1.9528)  loss_giou_enc_0: 1.6267 (1.7621)  loss_vfl_dn_0: 1.4053 (1.2600)  loss_bbox_dn_0: 0.9722 (1.1387)  loss_giou_dn_0: 1.0772 (1.1632)  loss_fgl_dn_0: 1.0049 (1.0901)  loss_ddf_dn_0: 0.2061 (0.1830)  loss_vfl_dn_1: 1.4492 (1.2840)  loss_bbox_dn_1: 0.7876 (1.0204)  loss_giou_dn_1: 0.8997 (1.0481)  loss_fgl_dn_1: 0.9828 (1.0609)  loss_ddf_dn_1: 0.0541 (0.0433)  loss_vfl_dn_2: 1.4717 (1.2951)  loss_bbox_dn_2: 0.7653 (0.9802)  loss_giou_dn_2: 0.8352 (1.0118)  loss_fgl_dn_2: 0.9841 (1.0628)  loss_ddf_dn_2: 0.0128 (0.0093)  loss_vfl_dn_3: 1.7646 (1.5828)  loss_bbox_dn_3: 0.7480 (0.9616)  loss_giou_dn_3: 0.8186 (0.9963)  loss_fgl_dn_3: 0.9846 (1.0674)  loss_ddf_dn_3: 0.0012 (0.0009)  loss_vfl_dn_4: 1.7402 (1.5142)  loss_bbox_dn_4: 0.7416 (0.9599)  loss_giou_dn_4: 0.8168 (0.9938)  loss_fgl_dn_4: 0.9872 (1.0687)  loss_ddf_dn_4: 0.0000 (0.0000)  loss_vfl_dn_5: 1.4941 (1.3770)  loss_bbox_dn_5: 0.7419 (0.9599)  loss_giou_dn_5: 0.8162 (0.9938)  loss_fgl_dn_5: 0.9871 (1.0687)  loss_ddf_dn_5: 0.0000 (0.0000)  loss_vfl_dn_pre: 1.4121 (1.2727)  loss_bbox_dn_pre: 0.9865 (1.1296)  loss_giou_dn_pre: 1.0618 (1.1551)  time: 1.2886  data: 0.0019  max mem: 6437
Epoch: [0/15]  [200/392]  eta: 0:06:20  lr: 0.000005  loss: 51.3741 (62.2558)  loss_vfl: 0.6953 (1.0197)  loss_bbox: 0.7207 (0.9963)  loss_giou: 1.1381 (1.2266)  loss_fgl: 0.7090 (0.8769)  loss_vfl_aux_0: 1.1064 (1.1735)  loss_bbox_aux_0: 1.1624 (1.3156)  loss_giou_aux_0: 1.4042 (1.4591)  loss_fgl_aux_0: 0.7572 (0.8464)  loss_ddf_aux_0: 0.6498 (0.3358)  loss_vfl_aux_1: 0.8623 (1.0607)  loss_bbox_aux_1: 0.8253 (1.1082)  loss_giou_aux_1: 1.1472 (1.3028)  loss_fgl_aux_1: 0.7220 (0.8699)  loss_ddf_aux_1: 0.1619 (0.0994)  loss_vfl_aux_2: 0.9131 (1.0739)  loss_bbox_aux_2: 0.7561 (1.0285)  loss_giou_aux_2: 1.1303 (1.2485)  loss_fgl_aux_2: 0.6986 (0.8682)  loss_ddf_aux_2: 0.0217 (0.0175)  loss_vfl_aux_3: 0.7954 (1.1915)  loss_bbox_aux_3: 0.7164 (0.9997)  loss_giou_aux_3: 1.1350 (1.2295)  loss_fgl_aux_3: 0.7089 (0.8762)  loss_ddf_aux_3: 0.0012 (0.0011)  loss_vfl_aux_4: 0.7188 (1.1090)  loss_bbox_aux_4: 0.7206 (0.9962)  loss_giou_aux_4: 1.1380 (1.2266)  loss_fgl_aux_4: 0.7090 (0.8769)  loss_ddf_aux_4: 0.0000 (0.0000)  loss_vfl_pre: 1.1338 (1.1520)  loss_bbox_pre: 1.1601 (1.4720)  loss_giou_pre: 1.4088 (1.4946)  loss_vfl_enc_0: 0.3848 (0.6292)  loss_bbox_enc_0: 2.0950 (1.8871)  loss_giou_enc_0: 1.9167 (1.7956)  loss_vfl_dn_0: 1.5039 (1.4882)  loss_bbox_dn_0: 0.5643 (0.8932)  loss_giou_dn_0: 0.8135 (1.0052)  loss_fgl_dn_0: 1.0718 (1.0811)  loss_ddf_dn_0: 0.7199 (0.4081)  loss_vfl_dn_1: 0.7642 (1.2437)  loss_bbox_dn_1: 0.3846 (0.7448)  loss_giou_dn_1: 0.6062 (0.8544)  loss_fgl_dn_1: 0.9921 (1.0363)  loss_ddf_dn_1: 0.1675 (0.0997)  loss_vfl_dn_2: 0.7295 (1.1702)  loss_bbox_dn_2: 0.3628 (0.7047)  loss_giou_dn_2: 0.5716 (0.8188)  loss_fgl_dn_2: 0.9551 (1.0271)  loss_ddf_dn_2: 0.0331 (0.0212)  loss_vfl_dn_3: 0.7544 (1.3642)  loss_bbox_dn_3: 0.3585 (0.6897)  loss_giou_dn_3: 0.5572 (0.8065)  loss_fgl_dn_3: 0.9556 (1.0297)  loss_ddf_dn_3: 0.0041 (0.0021)  loss_vfl_dn_4: 0.6704 (1.3142)  loss_bbox_dn_4: 0.3582 (0.6876)  loss_giou_dn_4: 0.5573 (0.8046)  loss_fgl_dn_4: 0.9565 (1.0305)  loss_ddf_dn_4: 0.0001 (0.0001)  loss_vfl_dn_5: 0.6123 (1.1498)  loss_bbox_dn_5: 0.3583 (0.6876)  loss_giou_dn_5: 0.5574 (0.8046)  loss_fgl_dn_5: 0.9565 (1.0305)  loss_ddf_dn_5: 0.0000 (0.0000)  loss_vfl_dn_pre: 1.5205 (1.4997)  loss_bbox_dn_pre: 0.5759 (0.8917)  loss_giou_dn_pre: 0.8011 (1.0011)  time: 1.2518  data: 0.0023  max mem: 6437
Epoch: [0/15]  [300/392]  eta: 0:02:41  lr: 0.000008  loss: 44.7737 (57.2016)  loss_vfl: 0.6567 (0.9306)  loss_bbox: 0.4196 (0.8586)  loss_giou: 0.8134 (1.1040)  loss_fgl: 0.7838 (0.8540)  loss_vfl_aux_0: 1.1270 (1.1782)  loss_bbox_aux_0: 0.6691 (1.1845)  loss_giou_aux_0: 1.0231 (1.3541)  loss_fgl_aux_0: 0.8998 (0.8529)  loss_ddf_aux_0: 0.5318 (0.4130)  loss_vfl_aux_1: 1.0557 (1.0755)  loss_bbox_aux_1: 0.5028 (0.9683)  loss_giou_aux_1: 0.7939 (1.1777)  loss_fgl_aux_1: 0.8245 (0.8563)  loss_ddf_aux_1: 0.1220 (0.1141)  loss_vfl_aux_2: 0.9785 (1.0499)  loss_bbox_aux_2: 0.4305 (0.8878)  loss_giou_aux_2: 0.8013 (1.1224)  loss_fgl_aux_2: 0.7920 (0.8466)  loss_ddf_aux_2: 0.0133 (0.0180)  loss_vfl_aux_3: 0.7183 (1.0678)  loss_bbox_aux_3: 0.4187 (0.8610)  loss_giou_aux_3: 0.8139 (1.1062)  loss_fgl_aux_3: 0.7854 (0.8534)  loss_ddf_aux_3: 0.0003 (0.0010)  loss_vfl_aux_4: 0.7056 (0.9964)  loss_bbox_aux_4: 0.4195 (0.8585)  loss_giou_aux_4: 0.8134 (1.1040)  loss_fgl_aux_4: 0.7836 (0.8540)  loss_ddf_aux_4: 0.0001 (0.0000)  loss_vfl_pre: 1.1113 (1.1669)  loss_bbox_pre: 0.7393 (1.2970)  loss_giou_pre: 1.0287 (1.3722)  loss_vfl_enc_0: 0.6387 (0.6150)  loss_bbox_enc_0: 1.8066 (1.9145)  loss_giou_enc_0: 1.6973 (1.7851)  loss_vfl_dn_0: 0.7417 (1.3325)  loss_bbox_dn_0: 0.5198 (0.7631)  loss_giou_dn_0: 0.6873 (0.9039)  loss_fgl_dn_0: 1.1017 (1.0895)  loss_ddf_dn_0: 0.7881 (0.5455)  loss_vfl_dn_1: 0.6558 (1.0520)  loss_bbox_dn_1: 0.3402 (0.6148)  loss_giou_dn_1: 0.5026 (0.7479)  loss_fgl_dn_1: 1.0136 (1.0282)  loss_ddf_dn_1: 0.1739 (0.1272)  loss_vfl_dn_2: 0.6030 (0.9828)  loss_bbox_dn_2: 0.3082 (0.5781)  loss_giou_dn_2: 0.4788 (0.7143)  loss_fgl_dn_2: 0.9895 (1.0147)  loss_ddf_dn_2: 0.0314 (0.0257)  loss_vfl_dn_3: 0.5308 (1.1084)  loss_bbox_dn_3: 0.3132 (0.5663)  loss_giou_dn_3: 0.4796 (0.7041)  loss_fgl_dn_3: 0.9862 (1.0168)  loss_ddf_dn_3: 0.0019 (0.0024)  loss_vfl_dn_4: 0.5127 (1.0593)  loss_bbox_dn_4: 0.3136 (0.5646)  loss_giou_dn_4: 0.4778 (0.7027)  loss_fgl_dn_4: 0.9861 (1.0174)  loss_ddf_dn_4: 0.0001 (0.0001)  loss_vfl_dn_5: 0.5127 (0.9450)  loss_bbox_dn_5: 0.3136 (0.5646)  loss_giou_dn_5: 0.4778 (0.7027)  loss_fgl_dn_5: 0.9861 (1.0174)  loss_ddf_dn_5: 0.0000 (0.0000)  loss_vfl_dn_pre: 0.7471 (1.3448)  loss_bbox_dn_pre: 0.5254 (0.7643)  loss_giou_dn_pre: 0.6880 (0.9011)  time: 1.2629  data: 0.0020  max mem: 6437
Epoch: [0/15]  [391/392]  eta: 0:00:01  lr: 0.000010  loss: 40.9507 (53.8006)  loss_vfl: 0.6577 (0.8802)  loss_bbox: 0.4121 (0.7703)  loss_giou: 0.7527 (1.0376)  loss_fgl: 0.8244 (0.8472)  loss_vfl_aux_0: 1.0557 (1.1378)  loss_bbox_aux_0: 0.6419 (1.0816)  loss_giou_aux_0: 1.1311 (1.3005)  loss_fgl_aux_0: 0.8269 (0.8535)  loss_ddf_aux_0: 0.4924 (0.4240)  loss_vfl_aux_1: 0.9297 (1.0581)  loss_bbox_aux_1: 0.5084 (0.8751)  loss_giou_aux_1: 0.8665 (1.1178)  loss_fgl_aux_1: 0.7687 (0.8482)  loss_ddf_aux_1: 0.1439 (0.1173)  loss_vfl_aux_2: 0.8799 (1.0125)  loss_bbox_aux_2: 0.4645 (0.7981)  loss_giou_aux_2: 0.7924 (1.0581)  loss_fgl_aux_2: 0.7954 (0.8390)  loss_ddf_aux_2: 0.0215 (0.0183)  loss_vfl_aux_3: 0.7119 (0.9946)  loss_bbox_aux_3: 0.4254 (0.7727)  loss_giou_aux_3: 0.7826 (1.0402)  loss_fgl_aux_3: 0.8215 (0.8463)  loss_ddf_aux_3: 0.0015 (0.0010)  loss_vfl_aux_4: 0.6528 (0.9337)  loss_bbox_aux_4: 0.4121 (0.7703)  loss_giou_aux_4: 0.7527 (1.0376)  loss_fgl_aux_4: 0.8242 (0.8471)  loss_ddf_aux_4: 0.0000 (0.0000)  loss_vfl_pre: 1.0107 (1.1268)  loss_bbox_pre: 0.6432 (1.1717)  loss_giou_pre: 1.0903 (1.3126)  loss_vfl_enc_0: 0.5430 (0.6074)  loss_bbox_enc_0: 1.5392 (1.8711)  loss_giou_enc_0: 1.7867 (1.7772)  loss_vfl_dn_0: 0.5752 (1.1659)  loss_bbox_dn_0: 0.3422 (0.6821)  loss_giou_dn_0: 0.5842 (0.8408)  loss_fgl_dn_0: 1.1375 (1.0982)  loss_ddf_dn_0: 0.6131 (0.5717)  loss_vfl_dn_1: 0.4966 (0.9314)  loss_bbox_dn_1: 0.2108 (0.5393)  loss_giou_dn_1: 0.4465 (0.6865)  loss_fgl_dn_1: 0.9923 (1.0268)  loss_ddf_dn_1: 0.1279 (0.1298)  loss_vfl_dn_2: 0.4790 (0.8703)  loss_bbox_dn_2: 0.1763 (0.5058)  loss_giou_dn_2: 0.4030 (0.6548)  loss_fgl_dn_2: 0.9740 (1.0119)  loss_ddf_dn_2: 0.0260 (0.0260)  loss_vfl_dn_3: 0.4458 (0.9598)  loss_bbox_dn_3: 0.1724 (0.4958)  loss_giou_dn_3: 0.4020 (0.6459)  loss_fgl_dn_3: 0.9770 (1.0136)  loss_ddf_dn_3: 0.0029 (0.0023)  loss_vfl_dn_4: 0.4475 (0.9184)  loss_bbox_dn_4: 0.1748 (0.4944)  loss_giou_dn_4: 0.4047 (0.6447)  loss_fgl_dn_4: 0.9782 (1.0143)  loss_ddf_dn_4: 0.0001 (0.0001)  loss_vfl_dn_5: 0.4478 (0.8303)  loss_bbox_dn_5: 0.1748 (0.4944)  loss_giou_dn_5: 0.4047 (0.6447)  loss_fgl_dn_5: 0.9782 (1.0143)  loss_ddf_dn_5: 0.0000 (0.0000)  loss_vfl_dn_pre: 0.5811 (1.1767)  loss_bbox_dn_pre: 0.3539 (0.6853)  loss_giou_dn_pre: 0.5866 (0.8387)  time: 1.2829  data: 0.0019  max mem: 6437
Epoch: [0/15] Total time: 0:10:48 (1.6532 s / it)
Averaged stats: lr: 0.000010  loss: 40.9507 (53.8006)  loss_vfl: 0.6577 (0.8802)  loss_bbox: 0.4121 (0.7703)  loss_giou: 0.7527 (1.0376)  loss_fgl: 0.8244 (0.8472)  loss_vfl_aux_0: 1.0557 (1.1378)  loss_bbox_aux_0: 0.6419 (1.0816)  loss_giou_aux_0: 1.1311 (1.3005)  loss_fgl_aux_0: 0.8269 (0.8535)  loss_ddf_aux_0: 0.4924 (0.4240)  loss_vfl_aux_1: 0.9297 (1.0581)  loss_bbox_aux_1: 0.5084 (0.8751)  loss_giou_aux_1: 0.8665 (1.1178)  loss_fgl_aux_1: 0.7687 (0.8482)  loss_ddf_aux_1: 0.1439 (0.1173)  loss_vfl_aux_2: 0.8799 (1.0125)  loss_bbox_aux_2: 0.4645 (0.7981)  loss_giou_aux_2: 0.7924 (1.0581)  loss_fgl_aux_2: 0.7954 (0.8390)  loss_ddf_aux_2: 0.0215 (0.0183)  loss_vfl_aux_3: 0.7119 (0.9946)  loss_bbox_aux_3: 0.4254 (0.7727)  loss_giou_aux_3: 0.7826 (1.0402)  loss_fgl_aux_3: 0.8215 (0.8463)  loss_ddf_aux_3: 0.0015 (0.0010)  loss_vfl_aux_4: 0.6528 (0.9337)  loss_bbox_aux_4: 0.4121 (0.7703)  loss_giou_aux_4: 0.7527 (1.0376)  loss_fgl_aux_4: 0.8242 (0.8471)  loss_ddf_aux_4: 0.0000 (0.0000)  loss_vfl_pre: 1.0107 (1.1268)  loss_bbox_pre: 0.6432 (1.1717)  loss_giou_pre: 1.0903 (1.3126)  loss_vfl_enc_0: 0.5430 (0.6074)  loss_bbox_enc_0: 1.5392 (1.8711)  loss_giou_enc_0: 1.7867 (1.7772)  loss_vfl_dn_0: 0.5752 (1.1659)  loss_bbox_dn_0: 0.3422 (0.6821)  loss_giou_dn_0: 0.5842 (0.8408)  loss_fgl_dn_0: 1.1375 (1.0982)  loss_ddf_dn_0: 0.6131 (0.5717)  loss_vfl_dn_1: 0.4966 (0.9314)  loss_bbox_dn_1: 0.2108 (0.5393)  loss_giou_dn_1: 0.4465 (0.6865)  loss_fgl_dn_1: 0.9923 (1.0268)  loss_ddf_dn_1: 0.1279 (0.1298)  loss_vfl_dn_2: 0.4790 (0.8703)  loss_bbox_dn_2: 0.1763 (0.5058)  loss_giou_dn_2: 0.4030 (0.6548)  loss_fgl_dn_2: 0.9740 (1.0119)  loss_ddf_dn_2: 0.0260 (0.0260)  loss_vfl_dn_3: 0.4458 (0.9598)  loss_bbox_dn_3: 0.1724 (0.4958)  loss_giou_dn_3: 0.4020 (0.6459)  loss_fgl_dn_3: 0.9770 (1.0136)  loss_ddf_dn_3: 0.0029 (0.0023)  loss_vfl_dn_4: 0.4475 (0.9184)  loss_bbox_dn_4: 0.1748 (0.4944)  loss_giou_dn_4: 0.4047 (0.6447)  loss_fgl_dn_4: 0.9782 (1.0143)  loss_ddf_dn_4: 0.0001 (0.0001)  loss_vfl_dn_5: 0.4478 (0.8303)  loss_bbox_dn_5: 0.1748 (0.4944)  loss_giou_dn_5: 0.4047 (0.6447)  loss_fgl_dn_5: 0.9782 (1.0143)  loss_ddf_dn_5: 0.0000 (0.0000)  loss_vfl_dn_pre: 0.5811 (1.1767)  loss_bbox_dn_pre: 0.3539 (0.6853)  loss_giou_dn_pre: 0.5866 (0.8387)
Test:  [ 0/49]  eta: 1:33:34    time: 114.5778  data: 112.7224  max mem: 6437
Test:  [10/49]  eta: 0:06:55    time: 10.6538  data: 10.2495  max mem: 6437
Test:  [20/49]  eta: 0:02:45    time: 0.2793  data: 0.0027  max mem: 6437
Test:  [30/49]  eta: 0:01:15    time: 0.2920  data: 0.0028  max mem: 6437
Test:  [40/49]  eta: 0:00:27    time: 0.2782  data: 0.0029  max mem: 6437
Test:  [48/49]  eta: 0:00:02    time: 0.2639  data: 0.0027  max mem: 6437
Test: Total time: 0:02:09 (2.6382 s / it)
Metrics: {'f1': 0.640746500777605, 'precision': 0.9493087557603687, 'recall': 0.4835680751173709, 'iou': 0.4280232146075443, 'TPs': 206, 'FPs': 11, 'FNs': 220}
Averaged stats: 
Accumulating evaluation results...
COCOeval_opt.accumulate() finished...
DONE (t=0.10s).
IoU metric: bbox
 Average Precision  (AP) @[ IoU=0.50:0.95 | area=   all | maxDets=100 ] = 0.248
 Average Precision  (AP) @[ IoU=0.50      | area=   all | maxDets=100 ] = 0.338
 Average Precision  (AP) @[ IoU=0.75      | area=   all | maxDets=100 ] = 0.278
 Average Precision  (AP) @[ IoU=0.50:0.95 | area= small | maxDets=100 ] = 0.000
 Average Precision  (AP) @[ IoU=0.50:0.95 | area=medium | maxDets=100 ] = 0.085
 Average Precision  (AP) @[ IoU=0.50:0.95 | area= large | maxDets=100 ] = 0.247
 Average Recall     (AR) @[ IoU=0.50:0.95 | area=   all | maxDets=  1 ] = 0.243
 Average Recall     (AR) @[ IoU=0.50:0.95 | area=   all | maxDets= 10 ] = 0.420
 Average Recall     (AR) @[ IoU=0.50:0.95 | area=   all | maxDets=100 ] = 0.498
 Average Recall     (AR) @[ IoU=0.50:0.95 | area= small | maxDets=100 ] = 0.000
 Average Recall     (AR) @[ IoU=0.50:0.95 | area=medium | maxDets=100 ] = 0.277
 Average Recall     (AR) @[ IoU=0.50:0.95 | area= large | maxDets=100 ] = 0.505
 Average Recall     (AR) @[ IoU=0.50      | area=   all | maxDets=100 ] = 0.779
 Average Recall     (AR) @[ IoU=0.75      | area=   all | maxDets=100 ] = 0.510
best_map50: epoch=0, AP50=0.337982
best_stat: {'epoch': 0, 'coco_eval_bbox': 0.24752138226481674}
Epoch: [1/15]  [  0/392]  eta: 17:34:06  lr: 0.000010  loss: 39.9637 (39.9637)  loss_vfl: 0.7207 (0.7207)  loss_bbox: 0.1468 (0.1468)  loss_giou: 0.6558 (0.6558)  loss_fgl: 0.9106 (0.9106)  loss_vfl_aux_0: 1.2041 (1.2041)  loss_bbox_aux_0: 0.4415 (0.4415)  loss_giou_aux_0: 1.3184 (1.3184)  loss_fgl_aux_0: 0.7906 (0.7906)  loss_ddf_aux_0: 0.4905 (0.4905)  loss_vfl_aux_1: 0.8535 (0.8535)  loss_bbox_aux_1: 0.3155 (0.3155)  loss_giou_aux_1: 1.0328 (1.0328)  loss_fgl_aux_1: 0.7858 (0.7858)  loss_ddf_aux_1: 0.1421 (0.1421)  loss_vfl_aux_2: 1.0967 (1.0967)  loss_bbox_aux_2: 0.2198 (0.2198)  loss_giou_aux_2: 0.7838 (0.7838)  loss_fgl_aux_2: 0.8443 (0.8443)  loss_ddf_aux_2: 0.0329 (0.0329)  loss_vfl_aux_3: 0.8628 (0.8628)  loss_bbox_aux_3: 0.1501 (0.1501)  loss_giou_aux_3: 0.6774 (0.6774)  loss_fgl_aux_3: 0.9037 (0.9037)  loss_ddf_aux_3: 0.0032 (0.0032)  loss_vfl_aux_4: 0.7632 (0.7632)  loss_bbox_aux_4: 0.1468 (0.1468)  loss_giou_aux_4: 0.6561 (0.6561)  loss_fgl_aux_4: 0.9106 (0.9106)  loss_ddf_aux_4: 0.0000 (0.0000)  loss_vfl_pre: 1.2979 (1.2979)  loss_bbox_pre: 0.4398 (0.4398)  loss_giou_pre: 1.2439 (1.2439)  loss_vfl_enc_0: 0.7974 (0.7974)  loss_bbox_enc_0: 1.3551 (1.3551)  loss_giou_enc_0: 1.8728 (1.8728)  loss_vfl_dn_0: 0.6689 (0.6689)  loss_bbox_dn_0: 0.2048 (0.2048)  loss_giou_dn_0: 0.5828 (0.5828)  loss_fgl_dn_0: 1.1262 (1.1262)  loss_ddf_dn_0: 0.5841 (0.5841)  loss_vfl_dn_1: 0.5708 (0.5708)  loss_bbox_dn_1: 0.1348 (0.1348)  loss_giou_dn_1: 0.3861 (0.3861)  loss_fgl_dn_1: 1.0078 (1.0078)  loss_ddf_dn_1: 0.1187 (0.1187)  loss_vfl_dn_2: 0.6284 (0.6284)  loss_bbox_dn_2: 0.1296 (0.1296)  loss_giou_dn_2: 0.3718 (0.3718)  loss_fgl_dn_2: 1.0084 (1.0084)  loss_ddf_dn_2: 0.0215 (0.0215)  loss_vfl_dn_3: 0.5415 (0.5415)  loss_bbox_dn_3: 0.1288 (0.1288)  loss_giou_dn_3: 0.3723 (0.3723)  loss_fgl_dn_3: 1.0082 (1.0082)  loss_ddf_dn_3: 0.0013 (0.0013)  loss_vfl_dn_4: 0.5127 (0.5127)  loss_bbox_dn_4: 0.1295 (0.1295)  loss_giou_dn_4: 0.3714 (0.3714)  loss_fgl_dn_4: 1.0082 (1.0082)  loss_ddf_dn_4: -0.0000 (-0.0000)  loss_vfl_dn_5: 0.5142 (0.5142)  loss_bbox_dn_5: 0.1295 (0.1295)  loss_giou_dn_5: 0.3714 (0.3714)  loss_fgl_dn_5: 1.0083 (1.0083)  loss_ddf_dn_5: 0.0000 (0.0000)  loss_vfl_dn_pre: 0.6719 (0.6719)  loss_bbox_dn_pre: 0.2034 (0.2034)  loss_giou_dn_pre: 0.5796 (0.5796)  time: 161.3432  data: 159.3384  max mem: 6437
Epoch: [1/15]  [100/392]  eta: 0:18:12  lr: 0.000012  loss: 39.4346 (40.1550)  loss_vfl: 0.6323 (0.7102)  loss_bbox: 0.3477 (0.3893)  loss_giou: 0.6795 (0.6958)  loss_fgl: 0.8329 (0.8419)  loss_vfl_aux_0: 0.9243 (1.0342)  loss_bbox_aux_0: 0.5293 (0.6469)  loss_giou_aux_0: 0.9966 (1.0298)  loss_fgl_aux_0: 0.8927 (0.8941)  loss_ddf_aux_0: 0.4469 (0.4964)  loss_vfl_aux_1: 0.8687 (0.9719)  loss_bbox_aux_1: 0.3688 (0.4593)  loss_giou_aux_1: 0.7872 (0.7945)  loss_fgl_aux_1: 0.8486 (0.8452)  loss_ddf_aux_1: 0.1114 (0.1192)  loss_vfl_aux_2: 0.8540 (0.8671)  loss_bbox_aux_2: 0.3687 (0.4048)  loss_giou_aux_2: 0.6641 (0.7272)  loss_fgl_aux_2: 0.8344 (0.8311)  loss_ddf_aux_2: 0.0153 (0.0205)  loss_vfl_aux_3: 0.7158 (0.7450)  loss_bbox_aux_3: 0.3556 (0.3905)  loss_giou_aux_3: 0.6658 (0.7034)  loss_fgl_aux_3: 0.8291 (0.8384)  loss_ddf_aux_3: 0.0011 (0.0021)  loss_vfl_aux_4: 0.6572 (0.7023)  loss_bbox_aux_4: 0.3475 (0.3893)  loss_giou_aux_4: 0.6794 (0.6958)  loss_fgl_aux_4: 0.8329 (0.8419)  loss_ddf_aux_4: 0.0000 (0.0000)  loss_vfl_pre: 0.9116 (1.0167)  loss_bbox_pre: 0.5256 (0.6634)  loss_giou_pre: 0.9837 (1.0140)  loss_vfl_enc_0: 0.5410 (0.6346)  loss_bbox_enc_0: 1.4771 (1.6238)  loss_giou_enc_0: 1.6734 (1.6855)  loss_vfl_dn_0: 0.5571 (0.5828)  loss_bbox_dn_0: 0.3350 (0.3584)  loss_giou_dn_0: 0.5753 (0.5649)  loss_fgl_dn_0: 1.1625 (1.1636)  loss_ddf_dn_0: 0.5844 (0.6516)  loss_vfl_dn_1: 0.5269 (0.5229)  loss_bbox_dn_1: 0.2180 (0.2363)  loss_giou_dn_1: 0.4247 (0.4113)  loss_fgl_dn_1: 1.0369 (1.0264)  loss_ddf_dn_1: 0.1244 (0.1275)  loss_vfl_dn_2: 0.4785 (0.4887)  loss_bbox_dn_2: 0.2019 (0.2169)  loss_giou_dn_2: 0.3908 (0.3881)  loss_fgl_dn_2: 1.0297 (1.0040)  loss_ddf_dn_2: 0.0216 (0.0257)  loss_vfl_dn_3: 0.4573 (0.4528)  loss_bbox_dn_3: 0.1945 (0.2147)  loss_giou_dn_3: 0.3906 (0.3863)  loss_fgl_dn_3: 1.0294 (1.0041)  loss_ddf_dn_3: 0.0013 (0.0024)  loss_vfl_dn_4: 0.4304 (0.4391)  loss_bbox_dn_4: 0.1937 (0.2144)  loss_giou_dn_4: 0.3895 (0.3858)  loss_fgl_dn_4: 1.0296 (1.0046)  loss_ddf_dn_4: 0.0001 (0.0001)  loss_vfl_dn_5: 0.4277 (0.4341)  loss_bbox_dn_5: 0.1937 (0.2144)  loss_giou_dn_5: 0.3895 (0.3858)  loss_fgl_dn_5: 1.0296 (1.0046)  loss_ddf_dn_5: 0.0000 (0.0000)  loss_vfl_dn_pre: 0.5522 (0.5804)  loss_bbox_dn_pre: 0.3484 (0.3703)  loss_giou_dn_pre: 0.5779 (0.5655)  time: 2.1141  data: 0.0034  max mem: 6437
Epoch: [1/15]  [200/392]  eta: 0:09:17  lr: 0.000013  loss: 37.1433 (39.9715)  loss_vfl: 0.6372 (0.6996)  loss_bbox: 0.2541 (0.3674)  loss_giou: 0.5169 (0.6603)  loss_fgl: 0.8572 (0.8569)  loss_vfl_aux_0: 1.2080 (1.0753)  loss_bbox_aux_0: 0.4534 (0.6004)  loss_giou_aux_0: 0.7764 (0.9870)  loss_fgl_aux_0: 0.9696 (0.9071)  loss_ddf_aux_0: 0.4744 (0.4929)  loss_vfl_aux_1: 0.9795 (1.0051)  loss_bbox_aux_1: 0.3245 (0.4258)  loss_giou_aux_1: 0.5646 (0.7559)  loss_fgl_aux_1: 0.8889 (0.8593)  loss_ddf_aux_1: 0.1051 (0.1162)  loss_vfl_aux_2: 0.8716 (0.8961)  loss_bbox_aux_2: 0.2864 (0.3797)  loss_giou_aux_2: 0.5240 (0.6860)  loss_fgl_aux_2: 0.8532 (0.8477)  loss_ddf_aux_2: 0.0150 (0.0186)  loss_vfl_aux_3: 0.6748 (0.7385)  loss_bbox_aux_3: 0.2701 (0.3680)  loss_giou_aux_3: 0.5169 (0.6653)  loss_fgl_aux_3: 0.8557 (0.8546)  loss_ddf_aux_3: 0.0010 (0.0017)  loss_vfl_aux_4: 0.6924 (0.6903)  loss_bbox_aux_4: 0.2542 (0.3674)  loss_giou_aux_4: 0.5167 (0.6603)  loss_fgl_aux_4: 0.8572 (0.8569)  loss_ddf_aux_4: 0.0000 (0.0000)  loss_vfl_pre: 1.1758 (1.0491)  loss_bbox_pre: 0.4523 (0.6137)  loss_giou_pre: 0.7876 (0.9761)  loss_vfl_enc_0: 0.8433 (0.6883)  loss_bbox_enc_0: 1.1966 (1.4965)  loss_giou_enc_0: 1.3755 (1.6041)  loss_vfl_dn_0: 0.5557 (0.5792)  loss_bbox_dn_0: 0.3481 (0.3854)  loss_giou_dn_0: 0.5753 (0.5758)  loss_fgl_dn_0: 1.1757 (1.1731)  loss_ddf_dn_0: 0.5990 (0.6723)  loss_vfl_dn_1: 0.4922 (0.5263)  loss_bbox_dn_1: 0.1982 (0.2557)  loss_giou_dn_1: 0.4000 (0.4168)  loss_fgl_dn_1: 1.0552 (1.0362)  loss_ddf_dn_1: 0.1180 (0.1393)  loss_vfl_dn_2: 0.4731 (0.4914)  loss_bbox_dn_2: 0.1904 (0.2337)  loss_giou_dn_2: 0.3685 (0.3919)  loss_fgl_dn_2: 1.0260 (1.0124)  loss_ddf_dn_2: 0.0217 (0.0257)  loss_vfl_dn_3: 0.4358 (0.4564)  loss_bbox_dn_3: 0.1865 (0.2296)  loss_giou_dn_3: 0.3659 (0.3884)  loss_fgl_dn_3: 1.0249 (1.0125)  loss_ddf_dn_3: 0.0020 (0.0023)  loss_vfl_dn_4: 0.4478 (0.4477)  loss_bbox_dn_4: 0.1851 (0.2290)  loss_giou_dn_4: 0.3634 (0.3879)  loss_fgl_dn_4: 1.0256 (1.0130)  loss_ddf_dn_4: 0.0001 (0.0001)  loss_vfl_dn_5: 0.4307 (0.4448)  loss_bbox_dn_5: 0.1851 (0.2290)  loss_giou_dn_5: 0.3634 (0.3879)  loss_fgl_dn_5: 1.0256 (1.0130)  loss_ddf_dn_5: 0.0000 (0.0000)  loss_vfl_dn_pre: 0.5464 (0.5755)  loss_bbox_dn_pre: 0.3462 (0.3954)  loss_giou_dn_pre: 0.5662 (0.5756)  time: 1.9479  data: 0.0037  max mem: 6437
Epoch: [1/15]  [300/392]  eta: 0:03:49  lr: 0.000013  loss: 34.8477 (39.0389)  loss_vfl: 0.6587 (0.6856)  loss_bbox: 0.2602 (0.3351)  loss_giou: 0.4691 (0.6228)  loss_fgl: 0.9916 (0.8806)  loss_vfl_aux_0: 1.2227 (1.1148)  loss_bbox_aux_0: 0.3201 (0.5344)  loss_giou_aux_0: 0.7066 (0.9173)  loss_fgl_aux_0: 1.0176 (0.9301)  loss_ddf_aux_0: 0.3281 (0.4680)  loss_vfl_aux_1: 0.9834 (1.0036)  loss_bbox_aux_1: 0.2718 (0.3853)  loss_giou_aux_1: 0.5606 (0.7072)  loss_fgl_aux_1: 0.9850 (0.8837)  loss_ddf_aux_1: 0.0683 (0.1091)  loss_vfl_aux_2: 0.7988 (0.8662)  loss_bbox_aux_2: 0.2561 (0.3458)  loss_giou_aux_2: 0.4842 (0.6449)  loss_fgl_aux_2: 0.9916 (0.8730)  loss_ddf_aux_2: 0.0101 (0.0173)  loss_vfl_aux_3: 0.7085 (0.7207)  loss_bbox_aux_3: 0.2586 (0.3357)  loss_giou_aux_3: 0.4716 (0.6268)  loss_fgl_aux_3: 0.9854 (0.8788)  loss_ddf_aux_3: 0.0004 (0.0015)  loss_vfl_aux_4: 0.6714 (0.6730)  loss_bbox_aux_4: 0.2603 (0.3351)  loss_giou_aux_4: 0.4692 (0.6228)  loss_fgl_aux_4: 0.9915 (0.8806)  loss_ddf_aux_4: 0.0000 (0.0000)  loss_vfl_pre: 1.1621 (1.0853)  loss_bbox_pre: 0.3195 (0.5442)  loss_giou_pre: 0.7218 (0.9093)  loss_vfl_enc_0: 1.1074 (0.8040)  loss_bbox_enc_0: 0.6843 (1.2926)  loss_giou_enc_0: 1.0815 (1.4856)  loss_vfl_dn_0: 0.5601 (0.5724)  loss_bbox_dn_0: 0.3006 (0.3749)  loss_giou_dn_0: 0.5052 (0.5647)  loss_fgl_dn_0: 1.1777 (1.1745)  loss_ddf_dn_0: 0.5610 (0.6657)  loss_vfl_dn_1: 0.4670 (0.5158)  loss_bbox_dn_1: 0.1765 (0.2490)  loss_giou_dn_1: 0.3276 (0.4077)  loss_fgl_dn_1: 1.0195 (1.0384)  loss_ddf_dn_1: 0.1037 (0.1386)  loss_vfl_dn_2: 0.4180 (0.4763)  loss_bbox_dn_2: 0.1535 (0.2270)  loss_giou_dn_2: 0.2929 (0.3834)  loss_fgl_dn_2: 1.0006 (1.0145)  loss_ddf_dn_2: 0.0148 (0.0247)  loss_vfl_dn_3: 0.3914 (0.4446)  loss_bbox_dn_3: 0.1531 (0.2232)  loss_giou_dn_3: 0.2845 (0.3798)  loss_fgl_dn_3: 0.9962 (1.0148)  loss_ddf_dn_3: 0.0007 (0.0021)  loss_vfl_dn_4: 0.3826 (0.4362)  loss_bbox_dn_4: 0.1525 (0.2226)  loss_giou_dn_4: 0.2829 (0.3795)  loss_fgl_dn_4: 0.9964 (1.0153)  loss_ddf_dn_4: 0.0001 (0.0001)  loss_vfl_dn_5: 0.3833 (0.4359)  loss_bbox_dn_5: 0.1525 (0.2226)  loss_giou_dn_5: 0.2829 (0.3795)  loss_fgl_dn_5: 0.9964 (1.0154)  loss_ddf_dn_5: 0.0000 (0.0000)  loss_vfl_dn_pre: 0.5557 (0.5676)  loss_bbox_dn_pre: 0.3221 (0.3863)  loss_giou_dn_pre: 0.5059 (0.5650)  time: 1.6695  data: 0.0028  max mem: 6437
Epoch: [1/15]  [391/392]  eta: 0:00:02  lr: 0.000013  loss: 33.0170 (38.1876)  loss_vfl: 0.5039 (0.6699)  loss_bbox: 0.1996 (0.3156)  loss_giou: 0.4193 (0.5986)  loss_fgl: 0.9906 (0.9049)  loss_vfl_aux_0: 0.8315 (1.1002)  loss_bbox_aux_0: 0.2685 (0.4858)  loss_giou_aux_0: 0.4725 (0.8496)  loss_fgl_aux_0: 1.0809 (0.9527)  loss_ddf_aux_0: 0.1814 (0.4169)  loss_vfl_aux_1: 0.6528 (0.9648)  loss_bbox_aux_1: 0.2115 (0.3574)  loss_giou_aux_1: 0.4467 (0.6697)  loss_fgl_aux_1: 0.9898 (0.9073)  loss_ddf_aux_1: 0.0370 (0.0967)  loss_vfl_aux_2: 0.5986 (0.8352)  loss_bbox_aux_2: 0.2035 (0.3246)  loss_giou_aux_2: 0.4255 (0.6169)  loss_fgl_aux_2: 0.9959 (0.8981)  loss_ddf_aux_2: 0.0059 (0.0156)  loss_vfl_aux_3: 0.5269 (0.7030)  loss_bbox_aux_3: 0.1997 (0.3161)  loss_giou_aux_3: 0.4207 (0.6021)  loss_fgl_aux_3: 0.9893 (0.9032)  loss_ddf_aux_3: 0.0006 (0.0014)  loss_vfl_aux_4: 0.4973 (0.6576)  loss_bbox_aux_4: 0.1996 (0.3156)  loss_giou_aux_4: 0.4195 (0.5986)  loss_fgl_aux_4: 0.9904 (0.9048)  loss_ddf_aux_4: 0.0000 (0.0000)  loss_vfl_pre: 0.8208 (1.0693)  loss_bbox_pre: 0.2595 (0.4931)  loss_giou_pre: 0.4661 (0.8437)  loss_vfl_enc_0: 1.3789 (0.9161)  loss_bbox_enc_0: 0.3979 (1.1271)  loss_giou_enc_0: 0.7066 (1.3593)  loss_vfl_dn_0: 0.5161 (0.5640)  loss_bbox_dn_0: 0.2988 (0.3662)  loss_giou_dn_0: 0.4607 (0.5570)  loss_fgl_dn_0: 1.1751 (1.1732)  loss_ddf_dn_0: 0.6044 (0.6531)  loss_vfl_dn_1: 0.4404 (0.5063)  loss_bbox_dn_1: 0.1904 (0.2457)  loss_giou_dn_1: 0.3501 (0.4039)  loss_fgl_dn_1: 1.0216 (1.0391)  loss_ddf_dn_1: 0.1424 (0.1398)  loss_vfl_dn_2: 0.4150 (0.4684)  loss_bbox_dn_2: 0.1757 (0.2242)  loss_giou_dn_2: 0.3375 (0.3802)  loss_fgl_dn_2: 0.9877 (1.0152)  loss_ddf_dn_2: 0.0228 (0.0247)  loss_vfl_dn_3: 0.3796 (0.4387)  loss_bbox_dn_3: 0.1672 (0.2208)  loss_giou_dn_3: 0.3359 (0.3769)  loss_fgl_dn_3: 0.9909 (1.0155)  loss_ddf_dn_3: 0.0014 (0.0020)  loss_vfl_dn_4: 0.3796 (0.4308)  loss_bbox_dn_4: 0.1695 (0.2202)  loss_giou_dn_4: 0.3367 (0.3766)  loss_fgl_dn_4: 0.9914 (1.0160)  loss_ddf_dn_4: 0.0000 (0.0001)  loss_vfl_dn_5: 0.3689 (0.4307)  loss_bbox_dn_5: 0.1695 (0.2202)  loss_giou_dn_5: 0.3367 (0.3766)  loss_fgl_dn_5: 0.9915 (1.0160)  loss_ddf_dn_5: 0.0000 (0.0000)  loss_vfl_dn_pre: 0.5098 (0.5596)  loss_bbox_dn_pre: 0.3030 (0.3773)  loss_giou_dn_pre: 0.4657 (0.5573)  time: 1.6382  data: 0.0026  max mem: 6437
Epoch: [1/15] Total time: 0:15:07 (2.3144 s / it)
Averaged stats: lr: 0.000013  loss: 33.0170 (38.1876)  loss_vfl: 0.5039 (0.6699)  loss_bbox: 0.1996 (0.3156)  loss_giou: 0.4193 (0.5986)  loss_fgl: 0.9906 (0.9049)  loss_vfl_aux_0: 0.8315 (1.1002)  loss_bbox_aux_0: 0.2685 (0.4858)  loss_giou_aux_0: 0.4725 (0.8496)  loss_fgl_aux_0: 1.0809 (0.9527)  loss_ddf_aux_0: 0.1814 (0.4169)  loss_vfl_aux_1: 0.6528 (0.9648)  loss_bbox_aux_1: 0.2115 (0.3574)  loss_giou_aux_1: 0.4467 (0.6697)  loss_fgl_aux_1: 0.9898 (0.9073)  loss_ddf_aux_1: 0.0370 (0.0967)  loss_vfl_aux_2: 0.5986 (0.8352)  loss_bbox_aux_2: 0.2035 (0.3246)  loss_giou_aux_2: 0.4255 (0.6169)  loss_fgl_aux_2: 0.9959 (0.8981)  loss_ddf_aux_2: 0.0059 (0.0156)  loss_vfl_aux_3: 0.5269 (0.7030)  loss_bbox_aux_3: 0.1997 (0.3161)  loss_giou_aux_3: 0.4207 (0.6021)  loss_fgl_aux_3: 0.9893 (0.9032)  loss_ddf_aux_3: 0.0006 (0.0014)  loss_vfl_aux_4: 0.4973 (0.6576)  loss_bbox_aux_4: 0.1996 (0.3156)  loss_giou_aux_4: 0.4195 (0.5986)  loss_fgl_aux_4: 0.9904 (0.9048)  loss_ddf_aux_4: 0.0000 (0.0000)  loss_vfl_pre: 0.8208 (1.0693)  loss_bbox_pre: 0.2595 (0.4931)  loss_giou_pre: 0.4661 (0.8437)  loss_vfl_enc_0: 1.3789 (0.9161)  loss_bbox_enc_0: 0.3979 (1.1271)  loss_giou_enc_0: 0.7066 (1.3593)  loss_vfl_dn_0: 0.5161 (0.5640)  loss_bbox_dn_0: 0.2988 (0.3662)  loss_giou_dn_0: 0.4607 (0.5570)  loss_fgl_dn_0: 1.1751 (1.1732)  loss_ddf_dn_0: 0.6044 (0.6531)  loss_vfl_dn_1: 0.4404 (0.5063)  loss_bbox_dn_1: 0.1904 (0.2457)  loss_giou_dn_1: 0.3501 (0.4039)  loss_fgl_dn_1: 1.0216 (1.0391)  loss_ddf_dn_1: 0.1424 (0.1398)  loss_vfl_dn_2: 0.4150 (0.4684)  loss_bbox_dn_2: 0.1757 (0.2242)  loss_giou_dn_2: 0.3375 (0.3802)  loss_fgl_dn_2: 0.9877 (1.0152)  loss_ddf_dn_2: 0.0228 (0.0247)  loss_vfl_dn_3: 0.3796 (0.4387)  loss_bbox_dn_3: 0.1672 (0.2208)  loss_giou_dn_3: 0.3359 (0.3769)  loss_fgl_dn_3: 0.9909 (1.0155)  loss_ddf_dn_3: 0.0014 (0.0020)  loss_vfl_dn_4: 0.3796 (0.4308)  loss_bbox_dn_4: 0.1695 (0.2202)  loss_giou_dn_4: 0.3367 (0.3766)  loss_fgl_dn_4: 0.9914 (1.0160)  loss_ddf_dn_4: 0.0000 (0.0001)  loss_vfl_dn_5: 0.3689 (0.4307)  loss_bbox_dn_5: 0.1695 (0.2202)  loss_giou_dn_5: 0.3367 (0.3766)  loss_fgl_dn_5: 0.9915 (1.0160)  loss_ddf_dn_5: 0.0000 (0.0000)  loss_vfl_dn_pre: 0.5098 (0.5596)  loss_bbox_dn_pre: 0.3030 (0.3773)  loss_giou_dn_pre: 0.4657 (0.5573)
Test:  [ 0/49]  eta: 2:03:43    time: 151.5015  data: 151.0209  max mem: 6437
Test:  [10/49]  eta: 0:09:10    time: 14.1123  data: 13.7327  max mem: 6437
Test:  [20/49]  eta: 0:03:40    time: 0.3929  data: 0.0041  max mem: 6437
Test:  [30/49]  eta: 0:01:39    time: 0.3954  data: 0.0041  max mem: 6437
Test:  [40/49]  eta: 0:00:36    time: 0.3736  data: 0.0040  max mem: 6437
Test:  [48/49]  eta: 0:00:03    time: 0.3584  data: 0.0038  max mem: 6437
Test: Total time: 0:02:51 (3.5035 s / it)
Metrics: {'f1': 0.799059929494712, 'precision': 0.8, 'recall': 0.7981220657276995, 'iou': 0.5862448486096705, 'TPs': 340, 'FPs': 85, 'FNs': 86}
Averaged stats: 
Accumulating evaluation results...
COCOeval_opt.accumulate() finished...
DONE (t=0.12s).
IoU metric: bbox
 Average Precision  (AP) @[ IoU=0.50:0.95 | area=   all | maxDets=100 ] = 0.449
 Average Precision  (AP) @[ IoU=0.50      | area=   all | maxDets=100 ] = 0.667
 Average Precision  (AP) @[ IoU=0.75      | area=   all | maxDets=100 ] = 0.506
 Average Precision  (AP) @[ IoU=0.50:0.95 | area= small | maxDets=100 ] = 0.000
 Average Precision  (AP) @[ IoU=0.50:0.95 | area=medium | maxDets=100 ] = 0.418
 Average Precision  (AP) @[ IoU=0.50:0.95 | area= large | maxDets=100 ] = 0.444
 Average Recall     (AR) @[ IoU=0.50:0.95 | area=   all | maxDets=  1 ] = 0.438
 Average Recall     (AR) @[ IoU=0.50:0.95 | area=   all | maxDets= 10 ] = 0.599
 Average Recall     (AR) @[ IoU=0.50:0.95 | area=   all | maxDets=100 ] = 0.727
 Average Recall     (AR) @[ IoU=0.50:0.95 | area= small | maxDets=100 ] = 0.033
 Average Recall     (AR) @[ IoU=0.50:0.95 | area=medium | maxDets=100 ] = 0.651
 Average Recall     (AR) @[ IoU=0.50:0.95 | area= large | maxDets=100 ] = 0.728
 Average Recall     (AR) @[ IoU=0.50      | area=   all | maxDets=100 ] = 0.932
 Average Recall     (AR) @[ IoU=0.75      | area=   all | maxDets=100 ] = 0.830
best_map50: epoch=1, AP50=0.667080
best_stat: {'epoch': 1, 'coco_eval_bbox': 0.4485600154691515}
Epoch: [2/15]  [  0/392]  eta: 18:51:25  lr: 0.000013  loss: 32.0683 (32.0683)  loss_vfl: 0.4299 (0.4299)  loss_bbox: 0.1642 (0.1642)  loss_giou: 0.2704 (0.2704)  loss_fgl: 1.0212 (1.0212)  loss_vfl_aux_0: 0.9912 (0.9912)  loss_bbox_aux_0: 0.2260 (0.2260)  loss_giou_aux_0: 0.3240 (0.3240)  loss_fgl_aux_0: 1.1449 (1.1449)  loss_ddf_aux_0: 0.1788 (0.1788)  loss_vfl_aux_1: 0.8354 (0.8354)  loss_bbox_aux_1: 0.1617 (0.1617)  loss_giou_aux_1: 0.2626 (0.2626)  loss_fgl_aux_1: 1.0309 (1.0309)  loss_ddf_aux_1: 0.0384 (0.0384)  loss_vfl_aux_2: 0.6216 (0.6216)  loss_bbox_aux_2: 0.1691 (0.1691)  loss_giou_aux_2: 0.2715 (0.2715)  loss_fgl_aux_2: 1.0233 (1.0233)  loss_ddf_aux_2: 0.0047 (0.0047)  loss_vfl_aux_3: 0.5166 (0.5166)  loss_bbox_aux_3: 0.1642 (0.1642)  loss_giou_aux_3: 0.2702 (0.2702)  loss_fgl_aux_3: 1.0207 (1.0207)  loss_ddf_aux_3: 0.0002 (0.0002)  loss_vfl_aux_4: 0.4614 (0.4614)  loss_bbox_aux_4: 0.1643 (0.1643)  loss_giou_aux_4: 0.2704 (0.2704)  loss_fgl_aux_4: 1.0210 (1.0210)  loss_ddf_aux_4: -0.0000 (-0.0000)  loss_vfl_pre: 1.1123 (1.1123)  loss_bbox_pre: 0.2659 (0.2659)  loss_giou_pre: 0.3300 (0.3300)  loss_vfl_enc_0: 1.6250 (1.6250)  loss_bbox_enc_0: 0.5320 (0.5320)  loss_giou_enc_0: 0.5138 (0.5138)  loss_vfl_dn_0: 0.5742 (0.5742)  loss_bbox_dn_0: 0.4259 (0.4259)  loss_giou_dn_0: 0.4835 (0.4835)  loss_fgl_dn_0: 1.1719 (1.1719)  loss_ddf_dn_0: 0.8035 (0.8035)  loss_vfl_dn_1: 0.4768 (0.4768)  loss_bbox_dn_1: 0.2387 (0.2387)  loss_giou_dn_1: 0.3061 (0.3061)  loss_fgl_dn_1: 0.9850 (0.9850)  loss_ddf_dn_1: 0.1914 (0.1914)  loss_vfl_dn_2: 0.4048 (0.4048)  loss_bbox_dn_2: 0.2300 (0.2300)  loss_giou_dn_2: 0.3006 (0.3006)  loss_fgl_dn_2: 0.9580 (0.9580)  loss_ddf_dn_2: 0.0387 (0.0387)  loss_vfl_dn_3: 0.3926 (0.3926)  loss_bbox_dn_3: 0.2096 (0.2096)  loss_giou_dn_3: 0.2907 (0.2907)  loss_fgl_dn_3: 0.9575 (0.9575)  loss_ddf_dn_3: 0.0018 (0.0018)  loss_vfl_dn_4: 0.3987 (0.3987)  loss_bbox_dn_4: 0.2060 (0.2060)  loss_giou_dn_4: 0.2892 (0.2892)  loss_fgl_dn_4: 0.9587 (0.9587)  loss_ddf_dn_4: 0.0001 (0.0001)  loss_vfl_dn_5: 0.3796 (0.3796)  loss_bbox_dn_5: 0.2060 (0.2060)  loss_giou_dn_5: 0.2892 (0.2892)  loss_fgl_dn_5: 0.9589 (0.9589)  loss_ddf_dn_5: 0.0000 (0.0000)  loss_vfl_dn_pre: 0.5649 (0.5649)  loss_bbox_dn_pre: 0.4463 (0.4463)  loss_giou_dn_pre: 0.4916 (0.4916)  time: 173.1778  data: 171.1518  max mem: 6437
Epoch: [2/15]  [100/392]  eta: 0:17:57  lr: 0.000013  loss: 31.1575 (32.4135)  loss_vfl: 0.5059 (0.5971)  loss_bbox: 0.1605 (0.1873)  loss_giou: 0.3996 (0.4172)  loss_fgl: 1.0742 (1.0501)  loss_vfl_aux_0: 0.7466 (0.8428)  loss_bbox_aux_0: 0.1916 (0.2302)  loss_giou_aux_0: 0.4178 (0.4747)  loss_fgl_aux_0: 1.1093 (1.1111)  loss_ddf_aux_0: 0.1052 (0.1547)  loss_vfl_aux_1: 0.6216 (0.7349)  loss_bbox_aux_1: 0.1672 (0.1983)  loss_giou_aux_1: 0.4171 (0.4299)  loss_fgl_aux_1: 1.0945 (1.0577)  loss_ddf_aux_1: 0.0180 (0.0329)  loss_vfl_aux_2: 0.6323 (0.6635)  loss_bbox_aux_2: 0.1628 (0.1898)  loss_giou_aux_2: 0.4219 (0.4201)  loss_fgl_aux_2: 1.0711 (1.0488)  loss_ddf_aux_2: 0.0026 (0.0048)  loss_vfl_aux_3: 0.5107 (0.5904)  loss_bbox_aux_3: 0.1661 (0.1869)  loss_giou_aux_3: 0.3753 (0.4167)  loss_fgl_aux_3: 1.0733 (1.0504)  loss_ddf_aux_3: 0.0002 (0.0004)  loss_vfl_aux_4: 0.4922 (0.5814)  loss_bbox_aux_4: 0.1605 (0.1874)  loss_giou_aux_4: 0.4001 (0.4172)  loss_fgl_aux_4: 1.0739 (1.0501)  loss_ddf_aux_4: 0.0000 (0.0000)  loss_vfl_pre: 0.7280 (0.8348)  loss_bbox_pre: 0.1918 (0.2336)  loss_giou_pre: 0.4090 (0.4735)  loss_vfl_enc_0: 0.9375 (1.1538)  loss_bbox_enc_0: 0.3053 (0.3677)  loss_giou_enc_0: 0.5541 (0.6449)  loss_vfl_dn_0: 0.4890 (0.5306)  loss_bbox_dn_0: 0.2338 (0.3182)  loss_giou_dn_0: 0.4802 (0.4915)  loss_fgl_dn_0: 1.1568 (1.1762)  loss_ddf_dn_0: 0.4346 (0.5569)  loss_vfl_dn_1: 0.4075 (0.4594)  loss_bbox_dn_1: 0.1432 (0.2093)  loss_giou_dn_1: 0.3216 (0.3514)  loss_fgl_dn_1: 1.0292 (1.0345)  loss_ddf_dn_1: 0.0766 (0.1212)  loss_vfl_dn_2: 0.3809 (0.4246)  loss_bbox_dn_2: 0.1374 (0.1929)  loss_giou_dn_2: 0.3205 (0.3315)  loss_fgl_dn_2: 1.0098 (1.0139)  loss_ddf_dn_2: 0.0152 (0.0244)  loss_vfl_dn_3: 0.3550 (0.4005)  loss_bbox_dn_3: 0.1402 (0.1890)  loss_giou_dn_3: 0.3192 (0.3287)  loss_fgl_dn_3: 1.0082 (1.0139)  loss_ddf_dn_3: 0.0008 (0.0013)  loss_vfl_dn_4: 0.3457 (0.3979)  loss_bbox_dn_4: 0.1400 (0.1882)  loss_giou_dn_4: 0.3160 (0.3283)  loss_fgl_dn_4: 1.0079 (1.0141)  loss_ddf_dn_4: 0.0000 (0.0000)  loss_vfl_dn_5: 0.3530 (0.4017)  loss_bbox_dn_5: 0.1400 (0.1882)  loss_giou_dn_5: 0.3159 (0.3283)  loss_fgl_dn_5: 1.0081 (1.0141)  loss_ddf_dn_5: 0.0000 (0.0000)  loss_vfl_dn_pre: 0.4863 (0.5263)  loss_bbox_dn_pre: 0.2821 (0.3293)  loss_giou_dn_pre: 0.4803 (0.4923)  time: 1.7413  data: 0.0026  max mem: 6437
Epoch: [2/15]  [200/392]  eta: 0:08:37  lr: 0.000013  loss: 29.4196 (31.9365)  loss_vfl: 0.5044 (0.5829)  loss_bbox: 0.1505 (0.1924)  loss_giou: 0.3549 (0.4167)  loss_fgl: 1.0397 (1.0492)  loss_vfl_aux_0: 0.6758 (0.7972)  loss_bbox_aux_0: 0.1867 (0.2337)  loss_giou_aux_0: 0.3822 (0.4684)  loss_fgl_aux_0: 1.1290 (1.1110)  loss_ddf_aux_0: 0.0929 (0.1334)  loss_vfl_aux_1: 0.5425 (0.7025)  loss_bbox_aux_1: 0.1548 (0.2007)  loss_giou_aux_1: 0.3634 (0.4275)  loss_fgl_aux_1: 1.0520 (1.0570)  loss_ddf_aux_1: 0.0153 (0.0262)  loss_vfl_aux_2: 0.5352 (0.6376)  loss_bbox_aux_2: 0.1469 (0.1936)  loss_giou_aux_2: 0.3585 (0.4190)  loss_fgl_aux_2: 1.0391 (1.0481)  loss_ddf_aux_2: 0.0017 (0.0036)  loss_vfl_aux_3: 0.5215 (0.5827)  loss_bbox_aux_3: 0.1509 (0.1921)  loss_giou_aux_3: 0.3551 (0.4163)  loss_fgl_aux_3: 1.0397 (1.0492)  loss_ddf_aux_3: 0.0001 (0.0003)  loss_vfl_aux_4: 0.5034 (0.5730)  loss_bbox_aux_4: 0.1506 (0.1924)  loss_giou_aux_4: 0.3551 (0.4167)  loss_fgl_aux_4: 1.0396 (1.0491)  loss_ddf_aux_4: -0.0000 (0.0000)  loss_vfl_pre: 0.6636 (0.7882)  loss_bbox_pre: 0.1797 (0.2352)  loss_giou_pre: 0.3833 (0.4674)  loss_vfl_enc_0: 0.8662 (1.0709)  loss_bbox_enc_0: 0.2581 (0.3590)  loss_giou_enc_0: 0.4785 (0.6117)  loss_vfl_dn_0: 0.4873 (0.5229)  loss_bbox_dn_0: 0.2377 (0.3119)  loss_giou_dn_0: 0.4334 (0.4860)  loss_fgl_dn_0: 1.1565 (1.1751)  loss_ddf_dn_0: 0.4690 (0.5138)  loss_vfl_dn_1: 0.4172 (0.4514)  loss_bbox_dn_1: 0.1456 (0.2087)  loss_giou_dn_1: 0.3168 (0.3505)  loss_fgl_dn_1: 1.0420 (1.0344)  loss_ddf_dn_1: 0.0847 (0.1032)  loss_vfl_dn_2: 0.3728 (0.4165)  loss_bbox_dn_2: 0.1376 (0.1923)  loss_giou_dn_2: 0.2897 (0.3310)  loss_fgl_dn_2: 1.0148 (1.0124)  loss_ddf_dn_2: 0.0116 (0.0185)  loss_vfl_dn_3: 0.3640 (0.3954)  loss_bbox_dn_3: 0.1376 (0.1890)  loss_giou_dn_3: 0.2885 (0.3285)  loss_fgl_dn_3: 1.0168 (1.0122)  loss_ddf_dn_3: 0.0004 (0.0009)  loss_vfl_dn_4: 0.3547 (0.3933)  loss_bbox_dn_4: 0.1375 (0.1884)  loss_giou_dn_4: 0.2874 (0.3282)  loss_fgl_dn_4: 1.0165 (1.0125)  loss_ddf_dn_4: 0.0000 (0.0000)  loss_vfl_dn_5: 0.3528 (0.3971)  loss_bbox_dn_5: 0.1374 (0.1884)  loss_giou_dn_5: 0.2874 (0.3282)  loss_fgl_dn_5: 1.0166 (1.0125)  loss_ddf_dn_5: 0.0000 (0.0000)  loss_vfl_dn_pre: 0.4849 (0.5188)  loss_bbox_dn_pre: 0.2495 (0.3231)  loss_giou_dn_pre: 0.4377 (0.4864)  time: 1.6915  data: 0.0029  max mem: 6437
Epoch: [2/15]  [300/392]  eta: 0:03:38  lr: 0.000013  loss: 30.1401 (31.3864)  loss_vfl: 0.5288 (0.5889)  loss_bbox: 0.1747 (0.1880)  loss_giou: 0.3655 (0.4041)  loss_fgl: 1.0829 (1.0479)  loss_vfl_aux_0: 0.6440 (0.7740)  loss_bbox_aux_0: 0.1705 (0.2251)  loss_giou_aux_0: 0.3660 (0.4505)  loss_fgl_aux_0: 1.1477 (1.1104)  loss_ddf_aux_0: 0.1006 (0.1222)  loss_vfl_aux_1: 0.5708 (0.6938)  loss_bbox_aux_1: 0.1713 (0.1950)  loss_giou_aux_1: 0.3672 (0.4128)  loss_fgl_aux_1: 1.0868 (1.0556)  loss_ddf_aux_1: 0.0186 (0.0231)  loss_vfl_aux_2: 0.5405 (0.6332)  loss_bbox_aux_2: 0.1745 (0.1894)  loss_giou_aux_2: 0.3681 (0.4060)  loss_fgl_aux_2: 1.0780 (1.0467)  loss_ddf_aux_2: 0.0023 (0.0031)  loss_vfl_aux_3: 0.5020 (0.5851)  loss_bbox_aux_3: 0.1747 (0.1878)  loss_giou_aux_3: 0.3656 (0.4039)  loss_fgl_aux_3: 1.0827 (1.0478)  loss_ddf_aux_3: 0.0001 (0.0002)  loss_vfl_aux_4: 0.4946 (0.5779)  loss_bbox_aux_4: 0.1747 (0.1880)  loss_giou_aux_4: 0.3654 (0.4041)  loss_fgl_aux_4: 1.0827 (1.0478)  loss_ddf_aux_4: -0.0000 (0.0000)  loss_vfl_pre: 0.6099 (0.7640)  loss_bbox_pre: 0.1666 (0.2258)  loss_giou_pre: 0.3623 (0.4495)  loss_vfl_enc_0: 0.7363 (1.0052)  loss_bbox_enc_0: 0.2346 (0.3458)  loss_giou_enc_0: 0.4716 (0.5836)  loss_vfl_dn_0: 0.4958 (0.5162)  loss_bbox_dn_0: 0.2316 (0.3008)  loss_giou_dn_0: 0.4138 (0.4723)  loss_fgl_dn_0: 1.1675 (1.1712)  loss_ddf_dn_0: 0.4655 (0.4976)  loss_vfl_dn_1: 0.4253 (0.4387)  loss_bbox_dn_1: 0.1621 (0.2017)  loss_giou_dn_1: 0.2987 (0.3397)  loss_fgl_dn_1: 1.0288 (1.0291)  loss_ddf_dn_1: 0.0707 (0.0976)  loss_vfl_dn_2: 0.3933 (0.4066)  loss_bbox_dn_2: 0.1608 (0.1867)  loss_giou_dn_2: 0.2912 (0.3215)  loss_fgl_dn_2: 1.0216 (1.0084)  loss_ddf_dn_2: 0.0089 (0.0162)  loss_vfl_dn_3: 0.3843 (0.3872)  loss_bbox_dn_3: 0.1562 (0.1838)  loss_giou_dn_3: 0.2903 (0.3193)  loss_fgl_dn_3: 1.0223 (1.0084)  loss_ddf_dn_3: 0.0002 (0.0007)  loss_vfl_dn_4: 0.3818 (0.3864)  loss_bbox_dn_4: 0.1562 (0.1833)  loss_giou_dn_4: 0.2901 (0.3189)  loss_fgl_dn_4: 1.0224 (1.0086)  loss_ddf_dn_4: 0.0000 (0.0000)  loss_vfl_dn_5: 0.3926 (0.3902)  loss_bbox_dn_5: 0.1563 (0.1833)  loss_giou_dn_5: 0.2901 (0.3189)  loss_fgl_dn_5: 1.0223 (1.0086)  loss_ddf_dn_5: 0.0000 (0.0000)  loss_vfl_dn_pre: 0.4915 (0.5122)  loss_bbox_dn_pre: 0.2564 (0.3126)  loss_giou_dn_pre: 0.4138 (0.4733)  time: 1.7358  data: 0.0027  max mem: 6437
Epoch: [2/15]  [391/392]  eta: 0:00:02  lr: 0.000013  loss: 30.3107 (31.2242)  loss_vfl: 0.5005 (0.5861)  loss_bbox: 0.1536 (0.1937)  loss_giou: 0.4156 (0.4018)  loss_fgl: 1.0114 (1.0474)  loss_vfl_aux_0: 0.6396 (0.7573)  loss_bbox_aux_0: 0.1603 (0.2285)  loss_giou_aux_0: 0.4624 (0.4453)  loss_fgl_aux_0: 1.1197 (1.1101)  loss_ddf_aux_0: 0.0748 (0.1134)  loss_vfl_aux_1: 0.5532 (0.6799)  loss_bbox_aux_1: 0.1429 (0.2004)  loss_giou_aux_1: 0.4382 (0.4101)  loss_fgl_aux_1: 1.0248 (1.0557)  loss_ddf_aux_1: 0.0109 (0.0207)  loss_vfl_aux_2: 0.4692 (0.6221)  loss_bbox_aux_2: 0.1507 (0.1949)  loss_giou_aux_2: 0.4223 (0.4033)  loss_fgl_aux_2: 1.0152 (1.0465)  loss_ddf_aux_2: 0.0010 (0.0027)  loss_vfl_aux_3: 0.4590 (0.5796)  loss_bbox_aux_3: 0.1529 (0.1936)  loss_giou_aux_3: 0.4154 (0.4016)  loss_fgl_aux_3: 1.0109 (1.0473)  loss_ddf_aux_3: 0.0000 (0.0002)  loss_vfl_aux_4: 0.4888 (0.5758)  loss_bbox_aux_4: 0.1536 (0.1937)  loss_giou_aux_4: 0.4155 (0.4018)  loss_fgl_aux_4: 1.0112 (1.0473)  loss_ddf_aux_4: 0.0000 (0.0000)  loss_vfl_pre: 0.6416 (0.7463)  loss_bbox_pre: 0.1653 (0.2292)  loss_giou_pre: 0.4671 (0.4447)  loss_vfl_enc_0: 0.7686 (0.9654)  loss_bbox_enc_0: 0.2875 (0.3478)  loss_giou_enc_0: 0.5330 (0.5726)  loss_vfl_dn_0: 0.4736 (0.5117)  loss_bbox_dn_0: 0.2311 (0.3038)  loss_giou_dn_0: 0.4627 (0.4686)  loss_fgl_dn_0: 1.1703 (1.1714)  loss_ddf_dn_0: 0.4964 (0.4854)  loss_vfl_dn_1: 0.4097 (0.4321)  loss_bbox_dn_1: 0.1514 (0.2056)  loss_giou_dn_1: 0.3431 (0.3376)  loss_fgl_dn_1: 0.9986 (1.0284)  loss_ddf_dn_1: 0.0804 (0.0924)  loss_vfl_dn_2: 0.3840 (0.4016)  loss_bbox_dn_2: 0.1418 (0.1908)  loss_giou_dn_2: 0.3259 (0.3195)  loss_fgl_dn_2: 0.9771 (1.0074)  loss_ddf_dn_2: 0.0088 (0.0147)  loss_vfl_dn_3: 0.3687 (0.3836)  loss_bbox_dn_3: 0.1403 (0.1883)  loss_giou_dn_3: 0.3301 (0.3173)  loss_fgl_dn_3: 0.9771 (1.0073)  loss_ddf_dn_3: 0.0003 (0.0007)  loss_vfl_dn_4: 0.3706 (0.3835)  loss_bbox_dn_4: 0.1393 (0.1878)  loss_giou_dn_4: 0.3289 (0.3170)  loss_fgl_dn_4: 0.9774 (1.0076)  loss_ddf_dn_4: 0.0001 (0.0000)  loss_vfl_dn_5: 0.3838 (0.3880)  loss_bbox_dn_5: 0.1393 (0.1878)  loss_giou_dn_5: 0.3289 (0.3170)  loss_fgl_dn_5: 0.9774 (1.0076)  loss_ddf_dn_5: 0.0000 (0.0000)  loss_vfl_dn_pre: 0.4722 (0.5079)  loss_bbox_dn_pre: 0.2530 (0.3156)  loss_giou_dn_pre: 0.4666 (0.4696)  time: 1.3646  data: 0.0022  max mem: 6437
Epoch: [2/15] Total time: 0:14:27 (2.2125 s / it)
Averaged stats: lr: 0.000013  loss: 30.3107 (31.2242)  loss_vfl: 0.5005 (0.5861)  loss_bbox: 0.1536 (0.1937)  loss_giou: 0.4156 (0.4018)  loss_fgl: 1.0114 (1.0474)  loss_vfl_aux_0: 0.6396 (0.7573)  loss_bbox_aux_0: 0.1603 (0.2285)  loss_giou_aux_0: 0.4624 (0.4453)  loss_fgl_aux_0: 1.1197 (1.1101)  loss_ddf_aux_0: 0.0748 (0.1134)  loss_vfl_aux_1: 0.5532 (0.6799)  loss_bbox_aux_1: 0.1429 (0.2004)  loss_giou_aux_1: 0.4382 (0.4101)  loss_fgl_aux_1: 1.0248 (1.0557)  loss_ddf_aux_1: 0.0109 (0.0207)  loss_vfl_aux_2: 0.4692 (0.6221)  loss_bbox_aux_2: 0.1507 (0.1949)  loss_giou_aux_2: 0.4223 (0.4033)  loss_fgl_aux_2: 1.0152 (1.0465)  loss_ddf_aux_2: 0.0010 (0.0027)  loss_vfl_aux_3: 0.4590 (0.5796)  loss_bbox_aux_3: 0.1529 (0.1936)  loss_giou_aux_3: 0.4154 (0.4016)  loss_fgl_aux_3: 1.0109 (1.0473)  loss_ddf_aux_3: 0.0000 (0.0002)  loss_vfl_aux_4: 0.4888 (0.5758)  loss_bbox_aux_4: 0.1536 (0.1937)  loss_giou_aux_4: 0.4155 (0.4018)  loss_fgl_aux_4: 1.0112 (1.0473)  loss_ddf_aux_4: 0.0000 (0.0000)  loss_vfl_pre: 0.6416 (0.7463)  loss_bbox_pre: 0.1653 (0.2292)  loss_giou_pre: 0.4671 (0.4447)  loss_vfl_enc_0: 0.7686 (0.9654)  loss_bbox_enc_0: 0.2875 (0.3478)  loss_giou_enc_0: 0.5330 (0.5726)  loss_vfl_dn_0: 0.4736 (0.5117)  loss_bbox_dn_0: 0.2311 (0.3038)  loss_giou_dn_0: 0.4627 (0.4686)  loss_fgl_dn_0: 1.1703 (1.1714)  loss_ddf_dn_0: 0.4964 (0.4854)  loss_vfl_dn_1: 0.4097 (0.4321)  loss_bbox_dn_1: 0.1514 (0.2056)  loss_giou_dn_1: 0.3431 (0.3376)  loss_fgl_dn_1: 0.9986 (1.0284)  loss_ddf_dn_1: 0.0804 (0.0924)  loss_vfl_dn_2: 0.3840 (0.4016)  loss_bbox_dn_2: 0.1418 (0.1908)  loss_giou_dn_2: 0.3259 (0.3195)  loss_fgl_dn_2: 0.9771 (1.0074)  loss_ddf_dn_2: 0.0088 (0.0147)  loss_vfl_dn_3: 0.3687 (0.3836)  loss_bbox_dn_3: 0.1403 (0.1883)  loss_giou_dn_3: 0.3301 (0.3173)  loss_fgl_dn_3: 0.9771 (1.0073)  loss_ddf_dn_3: 0.0003 (0.0007)  loss_vfl_dn_4: 0.3706 (0.3835)  loss_bbox_dn_4: 0.1393 (0.1878)  loss_giou_dn_4: 0.3289 (0.3170)  loss_fgl_dn_4: 0.9774 (1.0076)  loss_ddf_dn_4: 0.0001 (0.0000)  loss_vfl_dn_5: 0.3838 (0.3880)  loss_bbox_dn_5: 0.1393 (0.1878)  loss_giou_dn_5: 0.3289 (0.3170)  loss_fgl_dn_5: 0.9774 (1.0076)  loss_ddf_dn_5: 0.0000 (0.0000)  loss_vfl_dn_pre: 0.4722 (0.5079)  loss_bbox_dn_pre: 0.2530 (0.3156)  loss_giou_dn_pre: 0.4666 (0.4696)
Test:  [ 0/49]  eta: 1:32:13    time: 112.9260  data: 112.4617  max mem: 6437
Test:  [10/49]  eta: 0:06:51    time: 10.5483  data: 10.2259  max mem: 6437
Test:  [20/49]  eta: 0:02:44    time: 0.3090  data: 0.0025  max mem: 6437
Test:  [30/49]  eta: 0:01:14    time: 0.2866  data: 0.0025  max mem: 6437
Test:  [40/49]  eta: 0:00:27    time: 0.2684  data: 0.0025  max mem: 6437
Test:  [48/49]  eta: 0:00:02    time: 0.2779  data: 0.0025  max mem: 6437
Test: Total time: 0:02:08 (2.6196 s / it)
Metrics: {'f1': 0.8390941597139453, 'precision': 0.8523002421307506, 'recall': 0.8262910798122066, 'iou': 0.6399194665513245, 'TPs': 352, 'FPs': 61, 'FNs': 74}
Averaged stats: 
Accumulating evaluation results...
COCOeval_opt.accumulate() finished...
DONE (t=0.09s).
IoU metric: bbox
 Average Precision  (AP) @[ IoU=0.50:0.95 | area=   all | maxDets=100 ] = 0.514
 Average Precision  (AP) @[ IoU=0.50      | area=   all | maxDets=100 ] = 0.740
 Average Precision  (AP) @[ IoU=0.75      | area=   all | maxDets=100 ] = 0.537
 Average Precision  (AP) @[ IoU=0.50:0.95 | area= small | maxDets=100 ] = 0.068
 Average Precision  (AP) @[ IoU=0.50:0.95 | area=medium | maxDets=100 ] = 0.584
 Average Precision  (AP) @[ IoU=0.50:0.95 | area= large | maxDets=100 ] = 0.501
 Average Recall     (AR) @[ IoU=0.50:0.95 | area=   all | maxDets=  1 ] = 0.453
 Average Recall     (AR) @[ IoU=0.50:0.95 | area=   all | maxDets= 10 ] = 0.651
 Average Recall     (AR) @[ IoU=0.50:0.95 | area=   all | maxDets=100 ] = 0.733
 Average Recall     (AR) @[ IoU=0.50:0.95 | area= small | maxDets=100 ] = 0.267
 Average Recall     (AR) @[ IoU=0.50:0.95 | area=medium | maxDets=100 ] = 0.684
 Average Recall     (AR) @[ IoU=0.50:0.95 | area= large | maxDets=100 ] = 0.730
 Average Recall     (AR) @[ IoU=0.50      | area=   all | maxDets=100 ] = 0.967
 Average Recall     (AR) @[ IoU=0.75      | area=   all | maxDets=100 ] = 0.815
best_map50: epoch=2, AP50=0.740125
best_stat: {'epoch': 2, 'coco_eval_bbox': 0.5137347901014268}
Epoch: [3/15]  [  0/392]  eta: 13:00:06  lr: 0.000013  loss: 35.8908 (35.8908)  loss_vfl: 0.4050 (0.4050)  loss_bbox: 0.3526 (0.3526)  loss_giou: 1.1416 (1.1416)  loss_fgl: 0.6567 (0.6567)  loss_vfl_aux_0: 0.4199 (0.4199)  loss_bbox_aux_0: 0.4401 (0.4401)  loss_giou_aux_0: 1.2036 (1.2036)  loss_fgl_aux_0: 0.6289 (0.6289)  loss_ddf_aux_0: 0.0827 (0.0827)  loss_vfl_aux_1: 0.4966 (0.4966)  loss_bbox_aux_1: 0.3564 (0.3564)  loss_giou_aux_1: 1.1244 (1.1244)  loss_fgl_aux_1: 0.6618 (0.6618)  loss_ddf_aux_1: 0.0148 (0.0148)  loss_vfl_aux_2: 0.4075 (0.4075)  loss_bbox_aux_2: 0.3506 (0.3506)  loss_giou_aux_2: 1.1491 (1.1491)  loss_fgl_aux_2: 0.6432 (0.6432)  loss_ddf_aux_2: 0.0022 (0.0022)  loss_vfl_aux_3: 0.4199 (0.4199)  loss_bbox_aux_3: 0.3507 (0.3507)  loss_giou_aux_3: 1.1373 (1.1373)  loss_fgl_aux_3: 0.6555 (0.6555)  loss_ddf_aux_3: 0.0001 (0.0001)  loss_vfl_aux_4: 0.4216 (0.4216)  loss_bbox_aux_4: 0.3525 (0.3525)  loss_giou_aux_4: 1.1414 (1.1414)  loss_fgl_aux_4: 0.6566 (0.6566)  loss_ddf_aux_4: 0.0000 (0.0000)  loss_vfl_pre: 0.3987 (0.3987)  loss_bbox_pre: 0.4453 (0.4453)  loss_giou_pre: 1.2230 (1.2230)  loss_vfl_enc_0: 0.5483 (0.5483)  loss_bbox_enc_0: 0.5228 (0.5228)  loss_giou_enc_0: 1.3435 (1.3435)  loss_vfl_dn_0: 0.3899 (0.3899)  loss_bbox_dn_0: 0.5031 (0.5031)  loss_giou_dn_0: 1.0623 (1.0623)  loss_fgl_dn_0: 0.8012 (0.8012)  loss_ddf_dn_0: 0.4750 (0.4750)  loss_vfl_dn_1: 0.3936 (0.3936)  loss_bbox_dn_1: 0.2320 (0.2320)  loss_giou_dn_1: 0.8044 (0.8044)  loss_fgl_dn_1: 0.7492 (0.7492)  loss_ddf_dn_1: 0.0584 (0.0584)  loss_vfl_dn_2: 0.3667 (0.3667)  loss_bbox_dn_2: 0.1973 (0.1973)  loss_giou_dn_2: 0.7588 (0.7588)  loss_fgl_dn_2: 0.7623 (0.7623)  loss_ddf_dn_2: 0.0052 (0.0052)  loss_vfl_dn_3: 0.4048 (0.4048)  loss_bbox_dn_3: 0.1888 (0.1888)  loss_giou_dn_3: 0.7432 (0.7432)  loss_fgl_dn_3: 0.7667 (0.7667)  loss_ddf_dn_3: 0.0003 (0.0003)  loss_vfl_dn_4: 0.3762 (0.3762)  loss_bbox_dn_4: 0.1903 (0.1903)  loss_giou_dn_4: 0.7470 (0.7470)  loss_fgl_dn_4: 0.7661 (0.7661)  loss_ddf_dn_4: 0.0001 (0.0001)  loss_vfl_dn_5: 0.3516 (0.3516)  loss_bbox_dn_5: 0.1904 (0.1904)  loss_giou_dn_5: 0.7473 (0.7473)  loss_fgl_dn_5: 0.7662 (0.7662)  loss_ddf_dn_5: 0.0000 (0.0000)  loss_vfl_dn_pre: 0.3840 (0.3840)  loss_bbox_dn_pre: 0.5114 (0.5114)  loss_giou_dn_pre: 1.0420 (1.0420)  time: 119.4052  data: 118.0982  max mem: 6437
Epoch: [3/15]  [100/392]  eta: 0:12:23  lr: 0.000013  loss: 29.0801 (29.6478)  loss_vfl: 0.4683 (0.5280)  loss_bbox: 0.1500 (0.2018)  loss_giou: 0.3083 (0.3827)  loss_fgl: 1.0236 (1.0177)  loss_vfl_aux_0: 0.6724 (0.6669)  loss_bbox_aux_0: 0.1986 (0.2378)  loss_giou_aux_0: 0.3327 (0.4217)  loss_fgl_aux_0: 1.1012 (1.0851)  loss_ddf_aux_0: 0.0702 (0.0831)  loss_vfl_aux_1: 0.5269 (0.5990)  loss_bbox_aux_1: 0.1615 (0.2071)  loss_giou_aux_1: 0.3274 (0.3880)  loss_fgl_aux_1: 1.0385 (1.0292)  loss_ddf_aux_1: 0.0142 (0.0137)  loss_vfl_aux_2: 0.4973 (0.5489)  loss_bbox_aux_2: 0.1527 (0.2028)  loss_giou_aux_2: 0.3059 (0.3842)  loss_fgl_aux_2: 1.0291 (1.0178)  loss_ddf_aux_2: 0.0018 (0.0019)  loss_vfl_aux_3: 0.4673 (0.5282)  loss_bbox_aux_3: 0.1497 (0.2020)  loss_giou_aux_3: 0.3097 (0.3827)  loss_fgl_aux_3: 1.0241 (1.0176)  loss_ddf_aux_3: 0.0001 (0.0001)  loss_vfl_aux_4: 0.4512 (0.5183)  loss_bbox_aux_4: 0.1500 (0.2018)  loss_giou_aux_4: 0.3083 (0.3827)  loss_fgl_aux_4: 1.0235 (1.0177)  loss_ddf_aux_4: 0.0001 (0.0001)  loss_vfl_pre: 0.6528 (0.6513)  loss_bbox_pre: 0.1919 (0.2377)  loss_giou_pre: 0.3329 (0.4209)  loss_vfl_enc_0: 0.8135 (0.7995)  loss_bbox_enc_0: 0.3515 (0.3487)  loss_giou_enc_0: 0.4620 (0.5227)  loss_vfl_dn_0: 0.4646 (0.4802)  loss_bbox_dn_0: 0.2611 (0.2936)  loss_giou_dn_0: 0.4265 (0.4521)  loss_fgl_dn_0: 1.1867 (1.1640)  loss_ddf_dn_0: 0.5304 (0.4114)  loss_vfl_dn_1: 0.3716 (0.3910)  loss_bbox_dn_1: 0.1755 (0.1987)  loss_giou_dn_1: 0.2779 (0.3267)  loss_fgl_dn_1: 1.0164 (1.0164)  loss_ddf_dn_1: 0.0916 (0.0676)  loss_vfl_dn_2: 0.3457 (0.3656)  loss_bbox_dn_2: 0.1512 (0.1822)  loss_giou_dn_2: 0.2692 (0.3084)  loss_fgl_dn_2: 0.9980 (0.9941)  loss_ddf_dn_2: 0.0121 (0.0093)  loss_vfl_dn_3: 0.3340 (0.3545)  loss_bbox_dn_3: 0.1567 (0.1795)  loss_giou_dn_3: 0.2655 (0.3056)  loss_fgl_dn_3: 1.0029 (0.9937)  loss_ddf_dn_3: 0.0003 (0.0005)  loss_vfl_dn_4: 0.3337 (0.3531)  loss_bbox_dn_4: 0.1518 (0.1790)  loss_giou_dn_4: 0.2649 (0.3054)  loss_fgl_dn_4: 1.0046 (0.9939)  loss_ddf_dn_4: 0.0000 (0.0000)  loss_vfl_dn_5: 0.3374 (0.3563)  loss_bbox_dn_5: 0.1517 (0.1790)  loss_giou_dn_5: 0.2649 (0.3054)  loss_fgl_dn_5: 1.0045 (0.9939)  loss_ddf_dn_5: 0.0000 (0.0000)  loss_vfl_dn_pre: 0.4651 (0.4769)  loss_bbox_dn_pre: 0.2658 (0.3067)  loss_giou_dn_pre: 0.4324 (0.4539)  time: 1.4250  data: 0.0764  max mem: 6437
Epoch: [3/15]  [200/392]  eta: 0:06:18  lr: 0.000013  loss: 27.7656 (29.4265)  loss_vfl: 0.4817 (0.5360)  loss_bbox: 0.1171 (0.1878)  loss_giou: 0.3071 (0.3718)  loss_fgl: 1.0437 (1.0214)  loss_vfl_aux_0: 0.5884 (0.6731)  loss_bbox_aux_0: 0.1441 (0.2234)  loss_giou_aux_0: 0.3965 (0.4088)  loss_fgl_aux_0: 1.0858 (1.0899)  loss_ddf_aux_0: 0.0646 (0.0837)  loss_vfl_aux_1: 0.5225 (0.5965)  loss_bbox_aux_1: 0.1252 (0.1942)  loss_giou_aux_1: 0.3136 (0.3780)  loss_fgl_aux_1: 1.0398 (1.0325)  loss_ddf_aux_1: 0.0102 (0.0131)  loss_vfl_aux_2: 0.4910 (0.5624)  loss_bbox_aux_2: 0.1171 (0.1885)  loss_giou_aux_2: 0.3090 (0.3724)  loss_fgl_aux_2: 1.0451 (1.0216)  loss_ddf_aux_2: 0.0010 (0.0017)  loss_vfl_aux_3: 0.4609 (0.5383)  loss_bbox_aux_3: 0.1170 (0.1880)  loss_giou_aux_3: 0.3071 (0.3718)  loss_fgl_aux_3: 1.0437 (1.0213)  loss_ddf_aux_3: 0.0001 (0.0001)  loss_vfl_aux_4: 0.4729 (0.5295)  loss_bbox_aux_4: 0.1171 (0.1878)  loss_giou_aux_4: 0.3071 (0.3718)  loss_fgl_aux_4: 1.0436 (1.0213)  loss_ddf_aux_4: 0.0000 (0.0000)  loss_vfl_pre: 0.5781 (0.6600)  loss_bbox_pre: 0.1474 (0.2244)  loss_giou_pre: 0.3963 (0.4081)  loss_vfl_enc_0: 0.6938 (0.7950)  loss_bbox_enc_0: 0.2200 (0.3284)  loss_giou_enc_0: 0.4494 (0.5099)  loss_vfl_dn_0: 0.4839 (0.4798)  loss_bbox_dn_0: 0.2087 (0.2821)  loss_giou_dn_0: 0.4686 (0.4481)  loss_fgl_dn_0: 1.1559 (1.1631)  loss_ddf_dn_0: 0.4032 (0.4184)  loss_vfl_dn_1: 0.3875 (0.3887)  loss_bbox_dn_1: 0.1323 (0.1883)  loss_giou_dn_1: 0.3248 (0.3228)  loss_fgl_dn_1: 1.0025 (1.0169)  loss_ddf_dn_1: 0.0625 (0.0712)  loss_vfl_dn_2: 0.3579 (0.3642)  loss_bbox_dn_2: 0.1183 (0.1730)  loss_giou_dn_2: 0.2976 (0.3051)  loss_fgl_dn_2: 0.9918 (0.9953)  loss_ddf_dn_2: 0.0091 (0.0099)  loss_vfl_dn_3: 0.3525 (0.3533)  loss_bbox_dn_3: 0.1179 (0.1710)  loss_giou_dn_3: 0.2902 (0.3033)  loss_fgl_dn_3: 0.9899 (0.9951)  loss_ddf_dn_3: 0.0003 (0.0004)  loss_vfl_dn_4: 0.3489 (0.3514)  loss_bbox_dn_4: 0.1171 (0.1706)  loss_giou_dn_4: 0.2889 (0.3030)  loss_fgl_dn_4: 0.9898 (0.9953)  loss_ddf_dn_4: 0.0000 (0.0000)  loss_vfl_dn_5: 0.3550 (0.3541)  loss_bbox_dn_5: 0.1171 (0.1706)  loss_giou_dn_5: 0.2889 (0.3030)  loss_fgl_dn_5: 0.9898 (0.9953)  loss_ddf_dn_5: 0.0000 (0.0000)  loss_vfl_dn_pre: 0.4844 (0.4769)  loss_bbox_dn_pre: 0.2102 (0.2941)  loss_giou_dn_pre: 0.4714 (0.4497)  time: 1.3486  data: 0.0025  max mem: 6437
Epoch: [3/15]  [300/392]  eta: 0:02:42  lr: 0.000013  loss: 28.7821 (29.2823)  loss_vfl: 0.4800 (0.5284)  loss_bbox: 0.1542 (0.1863)  loss_giou: 0.3380 (0.3624)  loss_fgl: 1.0218 (1.0228)  loss_vfl_aux_0: 0.6162 (0.6653)  loss_bbox_aux_0: 0.2067 (0.2231)  loss_giou_aux_0: 0.3514 (0.3990)  loss_fgl_aux_0: 1.1004 (1.0932)  loss_ddf_aux_0: 0.0887 (0.0861)  loss_vfl_aux_1: 0.5288 (0.5836)  loss_bbox_aux_1: 0.1689 (0.1932)  loss_giou_aux_1: 0.3317 (0.3689)  loss_fgl_aux_1: 1.0450 (1.0345)  loss_ddf_aux_1: 0.0138 (0.0131)  loss_vfl_aux_2: 0.4939 (0.5524)  loss_bbox_aux_2: 0.1536 (0.1869)  loss_giou_aux_2: 0.3406 (0.3629)  loss_fgl_aux_2: 1.0229 (1.0232)  loss_ddf_aux_2: 0.0011 (0.0016)  loss_vfl_aux_3: 0.4666 (0.5312)  loss_bbox_aux_3: 0.1544 (0.1864)  loss_giou_aux_3: 0.3384 (0.3623)  loss_fgl_aux_3: 1.0218 (1.0227)  loss_ddf_aux_3: 0.0000 (0.0001)  loss_vfl_aux_4: 0.4666 (0.5238)  loss_bbox_aux_4: 0.1542 (0.1863)  loss_giou_aux_4: 0.3381 (0.3624)  loss_fgl_aux_4: 1.0218 (1.0228)  loss_ddf_aux_4: -0.0000 (0.0000)  loss_vfl_pre: 0.6123 (0.6551)  loss_bbox_pre: 0.2066 (0.2226)  loss_giou_pre: 0.3654 (0.3980)  loss_vfl_enc_0: 0.6812 (0.7760)  loss_bbox_enc_0: 0.2892 (0.3333)  loss_giou_enc_0: 0.4868 (0.5019)  loss_vfl_dn_0: 0.4873 (0.4805)  loss_bbox_dn_0: 0.2754 (0.2877)  loss_giou_dn_0: 0.4083 (0.4428)  loss_fgl_dn_0: 1.1659 (1.1630)  loss_ddf_dn_0: 0.4505 (0.4252)  loss_vfl_dn_1: 0.3845 (0.3879)  loss_bbox_dn_1: 0.1710 (0.1922)  loss_giou_dn_1: 0.3097 (0.3182)  loss_fgl_dn_1: 1.0087 (1.0148)  loss_ddf_dn_1: 0.0749 (0.0715)  loss_vfl_dn_2: 0.3633 (0.3633)  loss_bbox_dn_2: 0.1525 (0.1768)  loss_giou_dn_2: 0.3014 (0.3012)  loss_fgl_dn_2: 0.9806 (0.9930)  loss_ddf_dn_2: 0.0089 (0.0098)  loss_vfl_dn_3: 0.3574 (0.3538)  loss_bbox_dn_3: 0.1471 (0.1744)  loss_giou_dn_3: 0.2944 (0.2991)  loss_fgl_dn_3: 0.9844 (0.9927)  loss_ddf_dn_3: 0.0003 (0.0004)  loss_vfl_dn_4: 0.3555 (0.3528)  loss_bbox_dn_4: 0.1469 (0.1740)  loss_giou_dn_4: 0.2939 (0.2988)  loss_fgl_dn_4: 0.9860 (0.9929)  loss_ddf_dn_4: 0.0000 (0.0000)  loss_vfl_dn_5: 0.3555 (0.3559)  loss_bbox_dn_5: 0.1469 (0.1741)  loss_giou_dn_5: 0.2939 (0.2988)  loss_fgl_dn_5: 0.9860 (0.9929)  loss_ddf_dn_5: 0.0000 (0.0000)  loss_vfl_dn_pre: 0.4856 (0.4778)  loss_bbox_dn_pre: 0.2701 (0.2998)  loss_giou_dn_pre: 0.4079 (0.4444)  time: 1.3406  data: 0.0025  max mem: 6437
Epoch: [3/15]  [391/392]  eta: 0:00:01  lr: 0.000013  loss: 28.8355 (29.1994)  loss_vfl: 0.4502 (0.5265)  loss_bbox: 0.1445 (0.1855)  loss_giou: 0.3680 (0.3600)  loss_fgl: 1.0304 (1.0240)  loss_vfl_aux_0: 0.5518 (0.6612)  loss_bbox_aux_0: 0.1878 (0.2216)  loss_giou_aux_0: 0.4250 (0.3973)  loss_fgl_aux_0: 1.1202 (1.0946)  loss_ddf_aux_0: 0.0797 (0.0869)  loss_vfl_aux_1: 0.4731 (0.5812)  loss_bbox_aux_1: 0.1534 (0.1922)  loss_giou_aux_1: 0.3883 (0.3671)  loss_fgl_aux_1: 1.0272 (1.0356)  loss_ddf_aux_1: 0.0121 (0.0132)  loss_vfl_aux_2: 0.4473 (0.5489)  loss_bbox_aux_2: 0.1365 (0.1861)  loss_giou_aux_2: 0.3720 (0.3605)  loss_fgl_aux_2: 1.0275 (1.0243)  loss_ddf_aux_2: 0.0009 (0.0015)  loss_vfl_aux_3: 0.4553 (0.5273)  loss_bbox_aux_3: 0.1435 (0.1855)  loss_giou_aux_3: 0.3680 (0.3600)  loss_fgl_aux_3: 1.0307 (1.0239)  loss_ddf_aux_3: 0.0001 (0.0001)  loss_vfl_aux_4: 0.4441 (0.5228)  loss_bbox_aux_4: 0.1444 (0.1855)  loss_giou_aux_4: 0.3680 (0.3600)  loss_fgl_aux_4: 1.0306 (1.0240)  loss_ddf_aux_4: 0.0000 (0.0000)  loss_vfl_pre: 0.5464 (0.6533)  loss_bbox_pre: 0.1923 (0.2216)  loss_giou_pre: 0.4107 (0.3964)  loss_vfl_enc_0: 0.6875 (0.7676)  loss_bbox_enc_0: 0.2965 (0.3344)  loss_giou_enc_0: 0.5395 (0.5015)  loss_vfl_dn_0: 0.4697 (0.4792)  loss_bbox_dn_0: 0.2252 (0.2846)  loss_giou_dn_0: 0.4279 (0.4382)  loss_fgl_dn_0: 1.1797 (1.1649)  loss_ddf_dn_0: 0.3857 (0.4215)  loss_vfl_dn_1: 0.3621 (0.3855)  loss_bbox_dn_1: 0.1545 (0.1905)  loss_giou_dn_1: 0.3071 (0.3149)  loss_fgl_dn_1: 1.0175 (1.0153)  loss_ddf_dn_1: 0.0583 (0.0712)  loss_vfl_dn_2: 0.3337 (0.3614)  loss_bbox_dn_2: 0.1237 (0.1759)  loss_giou_dn_2: 0.2893 (0.2983)  loss_fgl_dn_2: 0.9811 (0.9938)  loss_ddf_dn_2: 0.0071 (0.0096)  loss_vfl_dn_3: 0.3315 (0.3524)  loss_bbox_dn_3: 0.1221 (0.1735)  loss_giou_dn_3: 0.2875 (0.2965)  loss_fgl_dn_3: 0.9799 (0.9937)  loss_ddf_dn_3: 0.0002 (0.0004)  loss_vfl_dn_4: 0.3259 (0.3513)  loss_bbox_dn_4: 0.1226 (0.1732)  loss_giou_dn_4: 0.2878 (0.2962)  loss_fgl_dn_4: 0.9803 (0.9939)  loss_ddf_dn_4: 0.0000 (0.0000)  loss_vfl_dn_5: 0.3250 (0.3541)  loss_bbox_dn_5: 0.1227 (0.1732)  loss_giou_dn_5: 0.2878 (0.2962)  loss_fgl_dn_5: 0.9803 (0.9939)  loss_ddf_dn_5: 0.0000 (0.0000)  loss_vfl_dn_pre: 0.4651 (0.4767)  loss_bbox_dn_pre: 0.2358 (0.2969)  loss_giou_dn_pre: 0.4294 (0.4399)  time: 1.3685  data: 0.0020  max mem: 6437
Epoch: [3/15] Total time: 0:11:04 (1.6951 s / it)
Averaged stats: lr: 0.000013  loss: 28.8355 (29.1994)  loss_vfl: 0.4502 (0.5265)  loss_bbox: 0.1445 (0.1855)  loss_giou: 0.3680 (0.3600)  loss_fgl: 1.0304 (1.0240)  loss_vfl_aux_0: 0.5518 (0.6612)  loss_bbox_aux_0: 0.1878 (0.2216)  loss_giou_aux_0: 0.4250 (0.3973)  loss_fgl_aux_0: 1.1202 (1.0946)  loss_ddf_aux_0: 0.0797 (0.0869)  loss_vfl_aux_1: 0.4731 (0.5812)  loss_bbox_aux_1: 0.1534 (0.1922)  loss_giou_aux_1: 0.3883 (0.3671)  loss_fgl_aux_1: 1.0272 (1.0356)  loss_ddf_aux_1: 0.0121 (0.0132)  loss_vfl_aux_2: 0.4473 (0.5489)  loss_bbox_aux_2: 0.1365 (0.1861)  loss_giou_aux_2: 0.3720 (0.3605)  loss_fgl_aux_2: 1.0275 (1.0243)  loss_ddf_aux_2: 0.0009 (0.0015)  loss_vfl_aux_3: 0.4553 (0.5273)  loss_bbox_aux_3: 0.1435 (0.1855)  loss_giou_aux_3: 0.3680 (0.3600)  loss_fgl_aux_3: 1.0307 (1.0239)  loss_ddf_aux_3: 0.0001 (0.0001)  loss_vfl_aux_4: 0.4441 (0.5228)  loss_bbox_aux_4: 0.1444 (0.1855)  loss_giou_aux_4: 0.3680 (0.3600)  loss_fgl_aux_4: 1.0306 (1.0240)  loss_ddf_aux_4: 0.0000 (0.0000)  loss_vfl_pre: 0.5464 (0.6533)  loss_bbox_pre: 0.1923 (0.2216)  loss_giou_pre: 0.4107 (0.3964)  loss_vfl_enc_0: 0.6875 (0.7676)  loss_bbox_enc_0: 0.2965 (0.3344)  loss_giou_enc_0: 0.5395 (0.5015)  loss_vfl_dn_0: 0.4697 (0.4792)  loss_bbox_dn_0: 0.2252 (0.2846)  loss_giou_dn_0: 0.4279 (0.4382)  loss_fgl_dn_0: 1.1797 (1.1649)  loss_ddf_dn_0: 0.3857 (0.4215)  loss_vfl_dn_1: 0.3621 (0.3855)  loss_bbox_dn_1: 0.1545 (0.1905)  loss_giou_dn_1: 0.3071 (0.3149)  loss_fgl_dn_1: 1.0175 (1.0153)  loss_ddf_dn_1: 0.0583 (0.0712)  loss_vfl_dn_2: 0.3337 (0.3614)  loss_bbox_dn_2: 0.1237 (0.1759)  loss_giou_dn_2: 0.2893 (0.2983)  loss_fgl_dn_2: 0.9811 (0.9938)  loss_ddf_dn_2: 0.0071 (0.0096)  loss_vfl_dn_3: 0.3315 (0.3524)  loss_bbox_dn_3: 0.1221 (0.1735)  loss_giou_dn_3: 0.2875 (0.2965)  loss_fgl_dn_3: 0.9799 (0.9937)  loss_ddf_dn_3: 0.0002 (0.0004)  loss_vfl_dn_4: 0.3259 (0.3513)  loss_bbox_dn_4: 0.1226 (0.1732)  loss_giou_dn_4: 0.2878 (0.2962)  loss_fgl_dn_4: 0.9803 (0.9939)  loss_ddf_dn_4: 0.0000 (0.0000)  loss_vfl_dn_5: 0.3250 (0.3541)  loss_bbox_dn_5: 0.1227 (0.1732)  loss_giou_dn_5: 0.2878 (0.2962)  loss_fgl_dn_5: 0.9803 (0.9939)  loss_ddf_dn_5: 0.0000 (0.0000)  loss_vfl_dn_pre: 0.4651 (0.4767)  loss_bbox_dn_pre: 0.2358 (0.2969)  loss_giou_dn_pre: 0.4294 (0.4399)
Test:  [ 0/49]  eta: 1:38:17    time: 120.3603  data: 119.9073  max mem: 6437
Test:  [10/49]  eta: 0:07:16    time: 11.1951  data: 10.9026  max mem: 6437
Test:  [20/49]  eta: 0:02:53    time: 0.2722  data: 0.0023  max mem: 6437
Test:  [30/49]  eta: 0:01:18    time: 0.2662  data: 0.0025  max mem: 6437
Test:  [40/49]  eta: 0:00:28    time: 0.2685  data: 0.0024  max mem: 6437
Test:  [48/49]  eta: 0:00:02    time: 0.2613  data: 0.0020  max mem: 6437
Test: Total time: 0:02:14 (2.7505 s / it)
Metrics: {'f1': 0.8612440191387559, 'precision': 0.8780487804878049, 'recall': 0.8450704225352113, 'iou': 0.6723338971618845, 'TPs': 360, 'FPs': 50, 'FNs': 66}
Averaged stats: 
Accumulating evaluation results...
COCOeval_opt.accumulate() finished...
DONE (t=0.10s).
IoU metric: bbox
 Average Precision  (AP) @[ IoU=0.50:0.95 | area=   all | maxDets=100 ] = 0.533
 Average Precision  (AP) @[ IoU=0.50      | area=   all | maxDets=100 ] = 0.769
 Average Precision  (AP) @[ IoU=0.75      | area=   all | maxDets=100 ] = 0.587
 Average Precision  (AP) @[ IoU=0.50:0.95 | area= small | maxDets=100 ] = 0.202
 Average Precision  (AP) @[ IoU=0.50:0.95 | area=medium | maxDets=100 ] = 0.519
 Average Precision  (AP) @[ IoU=0.50:0.95 | area= large | maxDets=100 ] = 0.519
 Average Recall     (AR) @[ IoU=0.50:0.95 | area=   all | maxDets=  1 ] = 0.476
 Average Recall     (AR) @[ IoU=0.50:0.95 | area=   all | maxDets= 10 ] = 0.682
 Average Recall     (AR) @[ IoU=0.50:0.95 | area=   all | maxDets=100 ] = 0.762
 Average Recall     (AR) @[ IoU=0.50:0.95 | area= small | maxDets=100 ] = 0.300
 Average Recall     (AR) @[ IoU=0.50:0.95 | area=medium | maxDets=100 ] = 0.694
 Average Recall     (AR) @[ IoU=0.50:0.95 | area= large | maxDets=100 ] = 0.757
 Average Recall     (AR) @[ IoU=0.50      | area=   all | maxDets=100 ] = 0.986
 Average Recall     (AR) @[ IoU=0.75      | area=   all | maxDets=100 ] = 0.854
best_map50: epoch=3, AP50=0.768957
best_stat: {'epoch': 3, 'coco_eval_bbox': 0.5325197310400638}
Epoch: [4/15]  [  0/392]  eta: 13:29:33  lr: 0.000013  loss: 26.8932 (26.8932)  loss_vfl: 0.7295 (0.7295)  loss_bbox: 0.0476 (0.0476)  loss_giou: 0.2315 (0.2315)  loss_fgl: 1.0905 (1.0905)  loss_vfl_aux_0: 0.5532 (0.5532)  loss_bbox_aux_0: 0.0534 (0.0534)  loss_giou_aux_0: 0.2610 (0.2610)  loss_fgl_aux_0: 1.1631 (1.1631)  loss_ddf_aux_0: 0.0575 (0.0575)  loss_vfl_aux_1: 0.6636 (0.6636)  loss_bbox_aux_1: 0.0555 (0.0555)  loss_giou_aux_1: 0.2344 (0.2344)  loss_fgl_aux_1: 1.1185 (1.1185)  loss_ddf_aux_1: 0.0110 (0.0110)  loss_vfl_aux_2: 0.6572 (0.6572)  loss_bbox_aux_2: 0.0480 (0.0480)  loss_giou_aux_2: 0.2283 (0.2283)  loss_fgl_aux_2: 1.0910 (1.0910)  loss_ddf_aux_2: 0.0008 (0.0008)  loss_vfl_aux_3: 0.7095 (0.7095)  loss_bbox_aux_3: 0.0477 (0.0477)  loss_giou_aux_3: 0.2324 (0.2324)  loss_fgl_aux_3: 1.0898 (1.0898)  loss_ddf_aux_3: 0.0002 (0.0002)  loss_vfl_aux_4: 0.6987 (0.6987)  loss_bbox_aux_4: 0.0476 (0.0476)  loss_giou_aux_4: 0.2315 (0.2315)  loss_fgl_aux_4: 1.0904 (1.0904)  loss_ddf_aux_4: 0.0000 (0.0000)  loss_vfl_pre: 0.5527 (0.5527)  loss_bbox_pre: 0.0518 (0.0518)  loss_giou_pre: 0.2610 (0.2610)  loss_vfl_enc_0: 0.8486 (0.8486)  loss_bbox_enc_0: 0.1316 (0.1316)  loss_giou_enc_0: 0.3757 (0.3757)  loss_vfl_dn_0: 0.4905 (0.4905)  loss_bbox_dn_0: 0.1352 (0.1352)  loss_giou_dn_0: 0.4136 (0.4136)  loss_fgl_dn_0: 1.2339 (1.2339)  loss_ddf_dn_0: 0.4203 (0.4203)  loss_vfl_dn_1: 0.3984 (0.3984)  loss_bbox_dn_1: 0.0667 (0.0667)  loss_giou_dn_1: 0.2365 (0.2365)  loss_fgl_dn_1: 1.0484 (1.0484)  loss_ddf_dn_1: 0.1113 (0.1113)  loss_vfl_dn_2: 0.3572 (0.3572)  loss_bbox_dn_2: 0.0555 (0.0555)  loss_giou_dn_2: 0.2195 (0.2195)  loss_fgl_dn_2: 1.0201 (1.0201)  loss_ddf_dn_2: 0.0182 (0.0182)  loss_vfl_dn_3: 0.3577 (0.3577)  loss_bbox_dn_3: 0.0546 (0.0546)  loss_giou_dn_3: 0.2162 (0.2162)  loss_fgl_dn_3: 1.0188 (1.0188)  loss_ddf_dn_3: 0.0015 (0.0015)  loss_vfl_dn_4: 0.3613 (0.3613)  loss_bbox_dn_4: 0.0542 (0.0542)  loss_giou_dn_4: 0.2152 (0.2152)  loss_fgl_dn_4: 1.0184 (1.0184)  loss_ddf_dn_4: 0.0000 (0.0000)  loss_vfl_dn_5: 0.3779 (0.3779)  loss_bbox_dn_5: 0.0542 (0.0542)  loss_giou_dn_5: 0.2152 (0.2152)  loss_fgl_dn_5: 1.0185 (1.0185)  loss_ddf_dn_5: 0.0000 (0.0000)  loss_vfl_dn_pre: 0.4878 (0.4878)  loss_bbox_dn_pre: 0.1396 (0.1396)  loss_giou_dn_pre: 0.4119 (0.4119)  time: 123.9124  data: 122.3336  max mem: 6437
Epoch: [4/15]  [100/392]  eta: 0:13:05  lr: 0.000013  loss: 27.2266 (28.5439)  loss_vfl: 0.5107 (0.5443)  loss_bbox: 0.1214 (0.1682)  loss_giou: 0.2819 (0.3281)  loss_fgl: 1.0328 (1.0270)  loss_vfl_aux_0: 0.6514 (0.6627)  loss_bbox_aux_0: 0.1410 (0.1980)  loss_giou_aux_0: 0.3174 (0.3602)  loss_fgl_aux_0: 1.0748 (1.0886)  loss_ddf_aux_0: 0.0692 (0.0732)  loss_vfl_aux_1: 0.5957 (0.5983)  loss_bbox_aux_1: 0.1217 (0.1713)  loss_giou_aux_1: 0.2875 (0.3320)  loss_fgl_aux_1: 1.0324 (1.0351)  loss_ddf_aux_1: 0.0097 (0.0124)  loss_vfl_aux_2: 0.5288 (0.5572)  loss_bbox_aux_2: 0.1240 (0.1687)  loss_giou_aux_2: 0.2858 (0.3283)  loss_fgl_aux_2: 1.0357 (1.0275)  loss_ddf_aux_2: 0.0008 (0.0011)  loss_vfl_aux_3: 0.5229 (0.5357)  loss_bbox_aux_3: 0.1212 (0.1682)  loss_giou_aux_3: 0.2827 (0.3281)  loss_fgl_aux_3: 1.0326 (1.0269)  loss_ddf_aux_3: 0.0001 (0.0001)  loss_vfl_aux_4: 0.4973 (0.5345)  loss_bbox_aux_4: 0.1213 (0.1682)  loss_giou_aux_4: 0.2819 (0.3281)  loss_fgl_aux_4: 1.0327 (1.0270)  loss_ddf_aux_4: -0.0000 (0.0000)  loss_vfl_pre: 0.6753 (0.6561)  loss_bbox_pre: 0.1493 (0.1994)  loss_giou_pre: 0.3191 (0.3599)  loss_vfl_enc_0: 0.8491 (0.7647)  loss_bbox_enc_0: 0.2316 (0.3165)  loss_giou_enc_0: 0.4188 (0.4802)  loss_vfl_dn_0: 0.4734 (0.4761)  loss_bbox_dn_0: 0.2379 (0.2740)  loss_giou_dn_0: 0.4103 (0.4221)  loss_fgl_dn_0: 1.1665 (1.1587)  loss_ddf_dn_0: 0.3891 (0.4244)  loss_vfl_dn_1: 0.3594 (0.3741)  loss_bbox_dn_1: 0.1359 (0.1794)  loss_giou_dn_1: 0.2763 (0.2975)  loss_fgl_dn_1: 1.0138 (1.0034)  loss_ddf_dn_1: 0.0556 (0.0769)  loss_vfl_dn_2: 0.3340 (0.3538)  loss_bbox_dn_2: 0.1277 (0.1647)  loss_giou_dn_2: 0.2564 (0.2814)  loss_fgl_dn_2: 0.9896 (0.9831)  loss_ddf_dn_2: 0.0082 (0.0102)  loss_vfl_dn_3: 0.3228 (0.3435)  loss_bbox_dn_3: 0.1256 (0.1619)  loss_giou_dn_3: 0.2514 (0.2789)  loss_fgl_dn_3: 0.9947 (0.9827)  loss_ddf_dn_3: 0.0004 (0.0005)  loss_vfl_dn_4: 0.3225 (0.3430)  loss_bbox_dn_4: 0.1256 (0.1615)  loss_giou_dn_4: 0.2506 (0.2785)  loss_fgl_dn_4: 0.9941 (0.9828)  loss_ddf_dn_4: 0.0000 (0.0000)  loss_vfl_dn_5: 0.3254 (0.3462)  loss_bbox_dn_5: 0.1256 (0.1615)  loss_giou_dn_5: 0.2505 (0.2785)  loss_fgl_dn_5: 0.9941 (0.9828)  loss_ddf_dn_5: 0.0000 (0.0000)  loss_vfl_dn_pre: 0.4685 (0.4744)  loss_bbox_dn_pre: 0.2572 (0.2872)  loss_giou_dn_pre: 0.4102 (0.4241)  time: 1.6634  data: 0.1836  max mem: 6437
Epoch: [4/15]  [200/392]  eta: 0:06:35  lr: 0.000013  loss: 27.9141 (28.7969)  loss_vfl: 0.5205 (0.5415)  loss_bbox: 0.1518 (0.1765)  loss_giou: 0.3269 (0.3378)  loss_fgl: 1.0485 (1.0253)  loss_vfl_aux_0: 0.6597 (0.6676)  loss_bbox_aux_0: 0.1702 (0.2092)  loss_giou_aux_0: 0.3596 (0.3740)  loss_fgl_aux_0: 1.1159 (1.0930)  loss_ddf_aux_0: 0.0733 (0.0752)  loss_vfl_aux_1: 0.5640 (0.6027)  loss_bbox_aux_1: 0.1537 (0.1794)  loss_giou_aux_1: 0.3318 (0.3429)  loss_fgl_aux_1: 1.0406 (1.0330)  loss_ddf_aux_1: 0.0128 (0.0121)  loss_vfl_aux_2: 0.4971 (0.5638)  loss_bbox_aux_2: 0.1494 (0.1766)  loss_giou_aux_2: 0.3259 (0.3380)  loss_fgl_aux_2: 1.0499 (1.0253)  loss_ddf_aux_2: 0.0016 (0.0012)  loss_vfl_aux_3: 0.5444 (0.5373)  loss_bbox_aux_3: 0.1518 (0.1766)  loss_giou_aux_3: 0.3272 (0.3378)  loss_fgl_aux_3: 1.0484 (1.0252)  loss_ddf_aux_3: 0.0000 (0.0001)  loss_vfl_aux_4: 0.5083 (0.5342)  loss_bbox_aux_4: 0.1518 (0.1765)  loss_giou_aux_4: 0.3270 (0.3378)  loss_fgl_aux_4: 1.0484 (1.0253)  loss_ddf_aux_4: 0.0000 (0.0000)  loss_vfl_pre: 0.6426 (0.6598)  loss_bbox_pre: 0.1677 (0.2093)  loss_giou_pre: 0.3565 (0.3731)  loss_vfl_enc_0: 0.7310 (0.7582)  loss_bbox_enc_0: 0.2480 (0.3167)  loss_giou_enc_0: 0.4971 (0.4877)  loss_vfl_dn_0: 0.4814 (0.4768)  loss_bbox_dn_0: 0.2453 (0.2773)  loss_giou_dn_0: 0.4063 (0.4252)  loss_fgl_dn_0: 1.1701 (1.1640)  loss_ddf_dn_0: 0.4608 (0.4164)  loss_vfl_dn_1: 0.3716 (0.3750)  loss_bbox_dn_1: 0.1499 (0.1858)  loss_giou_dn_1: 0.2771 (0.3011)  loss_fgl_dn_1: 1.0271 (1.0085)  loss_ddf_dn_1: 0.0743 (0.0706)  loss_vfl_dn_2: 0.3528 (0.3548)  loss_bbox_dn_2: 0.1331 (0.1720)  loss_giou_dn_2: 0.2697 (0.2854)  loss_fgl_dn_2: 0.9975 (0.9887)  loss_ddf_dn_2: 0.0095 (0.0095)  loss_vfl_dn_3: 0.3413 (0.3454)  loss_bbox_dn_3: 0.1311 (0.1696)  loss_giou_dn_3: 0.2667 (0.2833)  loss_fgl_dn_3: 1.0012 (0.9885)  loss_ddf_dn_3: 0.0003 (0.0004)  loss_vfl_dn_4: 0.3374 (0.3451)  loss_bbox_dn_4: 0.1315 (0.1693)  loss_giou_dn_4: 0.2651 (0.2830)  loss_fgl_dn_4: 1.0010 (0.9886)  loss_ddf_dn_4: 0.0000 (0.0000)  loss_vfl_dn_5: 0.3381 (0.3486)  loss_bbox_dn_5: 0.1315 (0.1693)  loss_giou_dn_5: 0.2651 (0.2830)  loss_fgl_dn_5: 1.0010 (0.9886)  loss_ddf_dn_5: 0.0000 (0.0000)  loss_vfl_dn_pre: 0.4819 (0.4750)  loss_bbox_dn_pre: 0.2588 (0.2900)  loss_giou_dn_pre: 0.4012 (0.4272)  time: 1.5541  data: 0.1782  max mem: 6437
Epoch: [4/15]  [300/392]  eta: 0:02:48  lr: 0.000013  loss: 29.0336 (28.8375)  loss_vfl: 0.5439 (0.5405)  loss_bbox: 0.1396 (0.1780)  loss_giou: 0.3705 (0.3442)  loss_fgl: 1.0146 (1.0250)  loss_vfl_aux_0: 0.6660 (0.6574)  loss_bbox_aux_0: 0.1702 (0.2081)  loss_giou_aux_0: 0.4033 (0.3774)  loss_fgl_aux_0: 1.0590 (1.0895)  loss_ddf_aux_0: 0.0606 (0.0741)  loss_vfl_aux_1: 0.6050 (0.5987)  loss_bbox_aux_1: 0.1477 (0.1817)  loss_giou_aux_1: 0.3710 (0.3495)  loss_fgl_aux_1: 1.0156 (1.0335)  loss_ddf_aux_1: 0.0105 (0.0119)  loss_vfl_aux_2: 0.5615 (0.5619)  loss_bbox_aux_2: 0.1323 (0.1782)  loss_giou_aux_2: 0.3624 (0.3447)  loss_fgl_aux_2: 1.0211 (1.0252)  loss_ddf_aux_2: 0.0010 (0.0012)  loss_vfl_aux_3: 0.5386 (0.5376)  loss_bbox_aux_3: 0.1395 (0.1780)  loss_giou_aux_3: 0.3707 (0.3442)  loss_fgl_aux_3: 1.0145 (1.0249)  loss_ddf_aux_3: 0.0000 (0.0001)  loss_vfl_aux_4: 0.5303 (0.5341)  loss_bbox_aux_4: 0.1396 (0.1780)  loss_giou_aux_4: 0.3707 (0.3442)  loss_fgl_aux_4: 1.0143 (1.0249)  loss_ddf_aux_4: -0.0000 (0.0000)  loss_vfl_pre: 0.6558 (0.6502)  loss_bbox_pre: 0.1595 (0.2074)  loss_giou_pre: 0.4080 (0.3761)  loss_vfl_enc_0: 0.7466 (0.7472)  loss_bbox_enc_0: 0.3265 (0.3159)  loss_giou_enc_0: 0.5148 (0.4873)  loss_vfl_dn_0: 0.4636 (0.4730)  loss_bbox_dn_0: 0.2325 (0.2779)  loss_giou_dn_0: 0.4571 (0.4248)  loss_fgl_dn_0: 1.1295 (1.1619)  loss_ddf_dn_0: 0.3557 (0.4155)  loss_vfl_dn_1: 0.3721 (0.3745)  loss_bbox_dn_1: 0.1401 (0.1883)  loss_giou_dn_1: 0.3209 (0.3047)  loss_fgl_dn_1: 1.0059 (1.0107)  loss_ddf_dn_1: 0.0669 (0.0729)  loss_vfl_dn_2: 0.3542 (0.3554)  loss_bbox_dn_2: 0.1387 (0.1745)  loss_giou_dn_2: 0.3099 (0.2896)  loss_fgl_dn_2: 0.9969 (0.9915)  loss_ddf_dn_2: 0.0111 (0.0100)  loss_vfl_dn_3: 0.3447 (0.3464)  loss_bbox_dn_3: 0.1379 (0.1719)  loss_giou_dn_3: 0.3113 (0.2875)  loss_fgl_dn_3: 0.9951 (0.9913)  loss_ddf_dn_3: 0.0003 (0.0004)  loss_vfl_dn_4: 0.3423 (0.3459)  loss_bbox_dn_4: 0.1372 (0.1716)  loss_giou_dn_4: 0.3102 (0.2873)  loss_fgl_dn_4: 0.9992 (0.9914)  loss_ddf_dn_4: 0.0000 (0.0000)  loss_vfl_dn_5: 0.3501 (0.3492)  loss_bbox_dn_5: 0.1372 (0.1716)  loss_giou_dn_5: 0.3102 (0.2873)  loss_fgl_dn_5: 0.9992 (0.9915)  loss_ddf_dn_5: 0.0000 (0.0000)  loss_vfl_dn_pre: 0.4629 (0.4714)  loss_bbox_dn_pre: 0.2392 (0.2902)  loss_giou_dn_pre: 0.4542 (0.4268)  time: 1.3657  data: 0.0021  max mem: 6437
Epoch: [4/15]  [391/392]  eta: 0:00:01  lr: 0.000013  loss: 28.0753 (28.6416)  loss_vfl: 0.4949 (0.5298)  loss_bbox: 0.1281 (0.1767)  loss_giou: 0.3221 (0.3430)  loss_fgl: 1.0377 (1.0201)  loss_vfl_aux_0: 0.5601 (0.6477)  loss_bbox_aux_0: 0.1677 (0.2068)  loss_giou_aux_0: 0.3516 (0.3766)  loss_fgl_aux_0: 1.0860 (1.0855)  loss_ddf_aux_0: 0.0742 (0.0764)  loss_vfl_aux_1: 0.5288 (0.5928)  loss_bbox_aux_1: 0.1373 (0.1808)  loss_giou_aux_1: 0.3294 (0.3484)  loss_fgl_aux_1: 1.0407 (1.0289)  loss_ddf_aux_1: 0.0131 (0.0120)  loss_vfl_aux_2: 0.4863 (0.5508)  loss_bbox_aux_2: 0.1263 (0.1772)  loss_giou_aux_2: 0.3169 (0.3437)  loss_fgl_aux_2: 1.0328 (1.0203)  loss_ddf_aux_2: 0.0014 (0.0012)  loss_vfl_aux_3: 0.4734 (0.5284)  loss_bbox_aux_3: 0.1280 (0.1767)  loss_giou_aux_3: 0.3224 (0.3430)  loss_fgl_aux_3: 1.0373 (1.0200)  loss_ddf_aux_3: 0.0001 (0.0001)  loss_vfl_aux_4: 0.4724 (0.5238)  loss_bbox_aux_4: 0.1281 (0.1767)  loss_giou_aux_4: 0.3221 (0.3430)  loss_fgl_aux_4: 1.0376 (1.0200)  loss_ddf_aux_4: 0.0000 (0.0000)  loss_vfl_pre: 0.5552 (0.6412)  loss_bbox_pre: 0.1614 (0.2062)  loss_giou_pre: 0.3454 (0.3754)  loss_vfl_enc_0: 0.6206 (0.7376)  loss_bbox_enc_0: 0.2683 (0.3160)  loss_giou_enc_0: 0.4492 (0.4871)  loss_vfl_dn_0: 0.4458 (0.4696)  loss_bbox_dn_0: 0.2050 (0.2746)  loss_giou_dn_0: 0.3863 (0.4199)  loss_fgl_dn_0: 1.1462 (1.1596)  loss_ddf_dn_0: 0.4483 (0.4266)  loss_vfl_dn_1: 0.3525 (0.3714)  loss_bbox_dn_1: 0.1338 (0.1852)  loss_giou_dn_1: 0.2885 (0.3011)  loss_fgl_dn_1: 1.0092 (1.0070)  loss_ddf_dn_1: 0.0856 (0.0750)  loss_vfl_dn_2: 0.3357 (0.3520)  loss_bbox_dn_2: 0.1165 (0.1716)  loss_giou_dn_2: 0.2832 (0.2859)  loss_fgl_dn_2: 0.9855 (0.9875)  loss_ddf_dn_2: 0.0108 (0.0105)  loss_vfl_dn_3: 0.3225 (0.3438)  loss_bbox_dn_3: 0.1166 (0.1690)  loss_giou_dn_3: 0.2820 (0.2838)  loss_fgl_dn_3: 0.9964 (0.9875)  loss_ddf_dn_3: 0.0003 (0.0004)  loss_vfl_dn_4: 0.3225 (0.3432)  loss_bbox_dn_4: 0.1167 (0.1687)  loss_giou_dn_4: 0.2811 (0.2835)  loss_fgl_dn_4: 0.9966 (0.9876)  loss_ddf_dn_4: 0.0000 (0.0000)  loss_vfl_dn_5: 0.3232 (0.3463)  loss_bbox_dn_5: 0.1167 (0.1687)  loss_giou_dn_5: 0.2812 (0.2835)  loss_fgl_dn_5: 0.9966 (0.9876)  loss_ddf_dn_5: 0.0000 (0.0000)  loss_vfl_dn_pre: 0.4441 (0.4683)  loss_bbox_dn_pre: 0.2204 (0.2867)  loss_giou_dn_pre: 0.3913 (0.4219)  time: 1.3572  data: 0.0094  max mem: 6437
Epoch: [4/15] Total time: 0:11:17 (1.7281 s / it)
Averaged stats: lr: 0.000013  loss: 28.0753 (28.6416)  loss_vfl: 0.4949 (0.5298)  loss_bbox: 0.1281 (0.1767)  loss_giou: 0.3221 (0.3430)  loss_fgl: 1.0377 (1.0201)  loss_vfl_aux_0: 0.5601 (0.6477)  loss_bbox_aux_0: 0.1677 (0.2068)  loss_giou_aux_0: 0.3516 (0.3766)  loss_fgl_aux_0: 1.0860 (1.0855)  loss_ddf_aux_0: 0.0742 (0.0764)  loss_vfl_aux_1: 0.5288 (0.5928)  loss_bbox_aux_1: 0.1373 (0.1808)  loss_giou_aux_1: 0.3294 (0.3484)  loss_fgl_aux_1: 1.0407 (1.0289)  loss_ddf_aux_1: 0.0131 (0.0120)  loss_vfl_aux_2: 0.4863 (0.5508)  loss_bbox_aux_2: 0.1263 (0.1772)  loss_giou_aux_2: 0.3169 (0.3437)  loss_fgl_aux_2: 1.0328 (1.0203)  loss_ddf_aux_2: 0.0014 (0.0012)  loss_vfl_aux_3: 0.4734 (0.5284)  loss_bbox_aux_3: 0.1280 (0.1767)  loss_giou_aux_3: 0.3224 (0.3430)  loss_fgl_aux_3: 1.0373 (1.0200)  loss_ddf_aux_3: 0.0001 (0.0001)  loss_vfl_aux_4: 0.4724 (0.5238)  loss_bbox_aux_4: 0.1281 (0.1767)  loss_giou_aux_4: 0.3221 (0.3430)  loss_fgl_aux_4: 1.0376 (1.0200)  loss_ddf_aux_4: 0.0000 (0.0000)  loss_vfl_pre: 0.5552 (0.6412)  loss_bbox_pre: 0.1614 (0.2062)  loss_giou_pre: 0.3454 (0.3754)  loss_vfl_enc_0: 0.6206 (0.7376)  loss_bbox_enc_0: 0.2683 (0.3160)  loss_giou_enc_0: 0.4492 (0.4871)  loss_vfl_dn_0: 0.4458 (0.4696)  loss_bbox_dn_0: 0.2050 (0.2746)  loss_giou_dn_0: 0.3863 (0.4199)  loss_fgl_dn_0: 1.1462 (1.1596)  loss_ddf_dn_0: 0.4483 (0.4266)  loss_vfl_dn_1: 0.3525 (0.3714)  loss_bbox_dn_1: 0.1338 (0.1852)  loss_giou_dn_1: 0.2885 (0.3011)  loss_fgl_dn_1: 1.0092 (1.0070)  loss_ddf_dn_1: 0.0856 (0.0750)  loss_vfl_dn_2: 0.3357 (0.3520)  loss_bbox_dn_2: 0.1165 (0.1716)  loss_giou_dn_2: 0.2832 (0.2859)  loss_fgl_dn_2: 0.9855 (0.9875)  loss_ddf_dn_2: 0.0108 (0.0105)  loss_vfl_dn_3: 0.3225 (0.3438)  loss_bbox_dn_3: 0.1166 (0.1690)  loss_giou_dn_3: 0.2820 (0.2838)  loss_fgl_dn_3: 0.9964 (0.9875)  loss_ddf_dn_3: 0.0003 (0.0004)  loss_vfl_dn_4: 0.3225 (0.3432)  loss_bbox_dn_4: 0.1167 (0.1687)  loss_giou_dn_4: 0.2811 (0.2835)  loss_fgl_dn_4: 0.9966 (0.9876)  loss_ddf_dn_4: 0.0000 (0.0000)  loss_vfl_dn_5: 0.3232 (0.3463)  loss_bbox_dn_5: 0.1167 (0.1687)  loss_giou_dn_5: 0.2812 (0.2835)  loss_fgl_dn_5: 0.9966 (0.9876)  loss_ddf_dn_5: 0.0000 (0.0000)  loss_vfl_dn_pre: 0.4441 (0.4683)  loss_bbox_dn_pre: 0.2204 (0.2867)  loss_giou_dn_pre: 0.3913 (0.4219)
Test:  [ 0/49]  eta: 1:37:49    time: 119.7902  data: 119.3864  max mem: 6437
Test:  [10/49]  eta: 0:07:14    time: 11.1305  data: 10.8553  max mem: 6437
Test:  [20/49]  eta: 0:02:52    time: 0.2616  data: 0.0022  max mem: 6437
Test:  [30/49]  eta: 0:01:18    time: 0.2610  data: 0.0023  max mem: 6437
Test:  [40/49]  eta: 0:00:28    time: 0.2722  data: 0.0022  max mem: 6437
Test:  [48/49]  eta: 0:00:02    time: 0.2685  data: 0.0020  max mem: 6437
Test: Total time: 0:02:14 (2.7353 s / it)
Metrics: {'f1': 0.8667466986794717, 'precision': 0.8869778869778869, 'recall': 0.8474178403755869, 'iou': 0.6765679422829111, 'TPs': 361, 'FPs': 46, 'FNs': 65}
Averaged stats: 
Accumulating evaluation results...
COCOeval_opt.accumulate() finished...
DONE (t=0.09s).
IoU metric: bbox
 Average Precision  (AP) @[ IoU=0.50:0.95 | area=   all | maxDets=100 ] = 0.545
 Average Precision  (AP) @[ IoU=0.50      | area=   all | maxDets=100 ] = 0.786
 Average Precision  (AP) @[ IoU=0.75      | area=   all | maxDets=100 ] = 0.606
 Average Precision  (AP) @[ IoU=0.50:0.95 | area= small | maxDets=100 ] = 0.235
 Average Precision  (AP) @[ IoU=0.50:0.95 | area=medium | maxDets=100 ] = 0.593
 Average Precision  (AP) @[ IoU=0.50:0.95 | area= large | maxDets=100 ] = 0.525
 Average Recall     (AR) @[ IoU=0.50:0.95 | area=   all | maxDets=  1 ] = 0.494
 Average Recall     (AR) @[ IoU=0.50:0.95 | area=   all | maxDets= 10 ] = 0.667
 Average Recall     (AR) @[ IoU=0.50:0.95 | area=   all | maxDets=100 ] = 0.750
 Average Recall     (AR) @[ IoU=0.50:0.95 | area= small | maxDets=100 ] = 0.333
 Average Recall     (AR) @[ IoU=0.50:0.95 | area=medium | maxDets=100 ] = 0.716
 Average Recall     (AR) @[ IoU=0.50:0.95 | area= large | maxDets=100 ] = 0.746
 Average Recall     (AR) @[ IoU=0.50      | area=   all | maxDets=100 ] = 0.974
 Average Recall     (AR) @[ IoU=0.75      | area=   all | maxDets=100 ] = 0.858
best_map50: epoch=4, AP50=0.785829
best_stat: {'epoch': 4, 'coco_eval_bbox': 0.5447847157997876}
Epoch: [5/15]  [  0/392]  eta: 13:16:03  lr: 0.000013  loss: 23.9931 (23.9931)  loss_vfl: 0.5010 (0.5010)  loss_bbox: 0.0774 (0.0774)  loss_giou: 0.2413 (0.2413)  loss_fgl: 0.9944 (0.9944)  loss_vfl_aux_0: 0.5068 (0.5068)  loss_bbox_aux_0: 0.1218 (0.1218)  loss_giou_aux_0: 0.2910 (0.2910)  loss_fgl_aux_0: 1.0531 (1.0531)  loss_ddf_aux_0: 0.0762 (0.0762)  loss_vfl_aux_1: 0.4731 (0.4731)  loss_bbox_aux_1: 0.0776 (0.0776)  loss_giou_aux_1: 0.2369 (0.2369)  loss_fgl_aux_1: 0.9976 (0.9976)  loss_ddf_aux_1: 0.0119 (0.0119)  loss_vfl_aux_2: 0.4849 (0.4849)  loss_bbox_aux_2: 0.0771 (0.0771)  loss_giou_aux_2: 0.2412 (0.2412)  loss_fgl_aux_2: 0.9943 (0.9943)  loss_ddf_aux_2: 0.0011 (0.0011)  loss_vfl_aux_3: 0.4766 (0.4766)  loss_bbox_aux_3: 0.0774 (0.0774)  loss_giou_aux_3: 0.2416 (0.2416)  loss_fgl_aux_3: 0.9947 (0.9947)  loss_ddf_aux_3: 0.0000 (0.0000)  loss_vfl_aux_4: 0.4961 (0.4961)  loss_bbox_aux_4: 0.0774 (0.0774)  loss_giou_aux_4: 0.2412 (0.2412)  loss_fgl_aux_4: 0.9943 (0.9943)  loss_ddf_aux_4: 0.0000 (0.0000)  loss_vfl_pre: 0.5059 (0.5059)  loss_bbox_pre: 0.1207 (0.1207)  loss_giou_pre: 0.2918 (0.2918)  loss_vfl_enc_0: 0.6221 (0.6221)  loss_bbox_enc_0: 0.1412 (0.1412)  loss_giou_enc_0: 0.3805 (0.3805)  loss_vfl_dn_0: 0.4055 (0.4055)  loss_bbox_dn_0: 0.1297 (0.1297)  loss_giou_dn_0: 0.3125 (0.3125)  loss_fgl_dn_0: 1.1233 (1.1233)  loss_ddf_dn_0: 0.3092 (0.3092)  loss_vfl_dn_1: 0.3081 (0.3081)  loss_bbox_dn_1: 0.0792 (0.0792)  loss_giou_dn_1: 0.1976 (0.1976)  loss_fgl_dn_1: 0.9650 (0.9650)  loss_ddf_dn_1: 0.0462 (0.0462)  loss_vfl_dn_2: 0.3030 (0.3030)  loss_bbox_dn_2: 0.0763 (0.0763)  loss_giou_dn_2: 0.1977 (0.1977)  loss_fgl_dn_2: 0.9571 (0.9571)  loss_ddf_dn_2: 0.0079 (0.0079)  loss_vfl_dn_3: 0.3047 (0.3047)  loss_bbox_dn_3: 0.0753 (0.0753)  loss_giou_dn_3: 0.1980 (0.1980)  loss_fgl_dn_3: 0.9581 (0.9581)  loss_ddf_dn_3: 0.0007 (0.0007)  loss_vfl_dn_4: 0.3003 (0.3003)  loss_bbox_dn_4: 0.0752 (0.0752)  loss_giou_dn_4: 0.1968 (0.1968)  loss_fgl_dn_4: 0.9579 (0.9579)  loss_ddf_dn_4: -0.0000 (-0.0000)  loss_vfl_dn_5: 0.2998 (0.2998)  loss_bbox_dn_5: 0.0752 (0.0752)  loss_giou_dn_5: 0.1968 (0.1968)  loss_fgl_dn_5: 0.9579 (0.9579)  loss_ddf_dn_5: 0.0000 (0.0000)  loss_vfl_dn_pre: 0.4045 (0.4045)  loss_bbox_dn_pre: 0.1398 (0.1398)  loss_giou_dn_pre: 0.3137 (0.3137)  time: 121.8451  data: 120.2668  max mem: 6437
Epoch: [5/15]  [100/392]  eta: 0:12:47  lr: 0.000013  loss: 27.4771 (27.9853)  loss_vfl: 0.5298 (0.5320)  loss_bbox: 0.1497 (0.1679)  loss_giou: 0.2972 (0.3066)  loss_fgl: 1.0079 (0.9973)  loss_vfl_aux_0: 0.6045 (0.6640)  loss_bbox_aux_0: 0.1861 (0.2028)  loss_giou_aux_0: 0.3467 (0.3413)  loss_fgl_aux_0: 1.1088 (1.0807)  loss_ddf_aux_0: 0.1055 (0.0970)  loss_vfl_aux_1: 0.5596 (0.5843)  loss_bbox_aux_1: 0.1517 (0.1738)  loss_giou_aux_1: 0.3005 (0.3111)  loss_fgl_aux_1: 1.0221 (1.0117)  loss_ddf_aux_1: 0.0156 (0.0147)  loss_vfl_aux_2: 0.5239 (0.5329)  loss_bbox_aux_2: 0.1462 (0.1683)  loss_giou_aux_2: 0.3009 (0.3064)  loss_fgl_aux_2: 1.0097 (0.9981)  loss_ddf_aux_2: 0.0016 (0.0017)  loss_vfl_aux_3: 0.4827 (0.5192)  loss_bbox_aux_3: 0.1499 (0.1680)  loss_giou_aux_3: 0.2972 (0.3066)  loss_fgl_aux_3: 1.0084 (0.9971)  loss_ddf_aux_3: 0.0001 (0.0001)  loss_vfl_aux_4: 0.5010 (0.5218)  loss_bbox_aux_4: 0.1497 (0.1680)  loss_giou_aux_4: 0.2972 (0.3066)  loss_fgl_aux_4: 1.0079 (0.9972)  loss_ddf_aux_4: 0.0000 (0.0000)  loss_vfl_pre: 0.5806 (0.6582)  loss_bbox_pre: 0.1973 (0.2027)  loss_giou_pre: 0.3458 (0.3408)  loss_vfl_enc_0: 0.7114 (0.7584)  loss_bbox_enc_0: 0.2923 (0.3168)  loss_giou_enc_0: 0.4378 (0.4476)  loss_vfl_dn_0: 0.4580 (0.4676)  loss_bbox_dn_0: 0.2342 (0.2758)  loss_giou_dn_0: 0.3827 (0.3978)  loss_fgl_dn_0: 1.1648 (1.1608)  loss_ddf_dn_0: 0.5307 (0.4665)  loss_vfl_dn_1: 0.3577 (0.3612)  loss_bbox_dn_1: 0.1465 (0.1841)  loss_giou_dn_1: 0.2775 (0.2805)  loss_fgl_dn_1: 1.0084 (0.9929)  loss_ddf_dn_1: 0.1060 (0.0846)  loss_vfl_dn_2: 0.3308 (0.3393)  loss_bbox_dn_2: 0.1372 (0.1698)  loss_giou_dn_2: 0.2632 (0.2643)  loss_fgl_dn_2: 0.9931 (0.9702)  loss_ddf_dn_2: 0.0126 (0.0121)  loss_vfl_dn_3: 0.3232 (0.3314)  loss_bbox_dn_3: 0.1378 (0.1684)  loss_giou_dn_3: 0.2584 (0.2627)  loss_fgl_dn_3: 0.9920 (0.9703)  loss_ddf_dn_3: 0.0006 (0.0005)  loss_vfl_dn_4: 0.3232 (0.3308)  loss_bbox_dn_4: 0.1389 (0.1682)  loss_giou_dn_4: 0.2599 (0.2624)  loss_fgl_dn_4: 0.9915 (0.9706)  loss_ddf_dn_4: 0.0000 (0.0000)  loss_vfl_dn_5: 0.3274 (0.3327)  loss_bbox_dn_5: 0.1389 (0.1682)  loss_giou_dn_5: 0.2599 (0.2625)  loss_fgl_dn_5: 0.9915 (0.9706)  loss_ddf_dn_5: 0.0000 (0.0000)  loss_vfl_dn_pre: 0.4600 (0.4664)  loss_bbox_dn_pre: 0.2537 (0.2895)  loss_giou_dn_pre: 0.3844 (0.4006)  time: 1.4187  data: 0.0553  max mem: 6437
Epoch: [5/15]  [200/392]  eta: 0:06:27  lr: 0.000013  loss: 28.2643 (27.9272)  loss_vfl: 0.5435 (0.5292)  loss_bbox: 0.1351 (0.1628)  loss_giou: 0.3297 (0.3210)  loss_fgl: 1.0054 (1.0044)  loss_vfl_aux_0: 0.6440 (0.6379)  loss_bbox_aux_0: 0.1714 (0.1928)  loss_giou_aux_0: 0.3300 (0.3539)  loss_fgl_aux_0: 1.0928 (1.0809)  loss_ddf_aux_0: 0.0818 (0.0925)  loss_vfl_aux_1: 0.5703 (0.5751)  loss_bbox_aux_1: 0.1404 (0.1682)  loss_giou_aux_1: 0.3266 (0.3262)  loss_fgl_aux_1: 1.0243 (1.0157)  loss_ddf_aux_1: 0.0117 (0.0139)  loss_vfl_aux_2: 0.5566 (0.5408)  loss_bbox_aux_2: 0.1392 (0.1634)  loss_giou_aux_2: 0.3228 (0.3213)  loss_fgl_aux_2: 1.0165 (1.0048)  loss_ddf_aux_2: 0.0015 (0.0015)  loss_vfl_aux_3: 0.5024 (0.5209)  loss_bbox_aux_3: 0.1351 (0.1629)  loss_giou_aux_3: 0.3294 (0.3210)  loss_fgl_aux_3: 1.0102 (1.0043)  loss_ddf_aux_3: 0.0001 (0.0001)  loss_vfl_aux_4: 0.5259 (0.5218)  loss_bbox_aux_4: 0.1351 (0.1628)  loss_giou_aux_4: 0.3296 (0.3210)  loss_fgl_aux_4: 1.0054 (1.0043)  loss_ddf_aux_4: -0.0000 (0.0000)  loss_vfl_pre: 0.6353 (0.6323)  loss_bbox_pre: 0.1704 (0.1923)  loss_giou_pre: 0.3288 (0.3529)  loss_vfl_enc_0: 0.7085 (0.7232)  loss_bbox_enc_0: 0.2502 (0.3038)  loss_giou_enc_0: 0.4702 (0.4640)  loss_vfl_dn_0: 0.4578 (0.4614)  loss_bbox_dn_0: 0.2304 (0.2567)  loss_giou_dn_0: 0.3863 (0.4072)  loss_fgl_dn_0: 1.1463 (1.1599)  loss_ddf_dn_0: 0.4257 (0.4284)  loss_vfl_dn_1: 0.3628 (0.3609)  loss_bbox_dn_1: 0.1427 (0.1715)  loss_giou_dn_1: 0.2737 (0.2892)  loss_fgl_dn_1: 1.0009 (0.9991)  loss_ddf_dn_1: 0.0649 (0.0729)  loss_vfl_dn_2: 0.3350 (0.3411)  loss_bbox_dn_2: 0.1331 (0.1589)  loss_giou_dn_2: 0.2630 (0.2739)  loss_fgl_dn_2: 0.9880 (0.9778)  loss_ddf_dn_2: 0.0082 (0.0100)  loss_vfl_dn_3: 0.3323 (0.3341)  loss_bbox_dn_3: 0.1309 (0.1573)  loss_giou_dn_3: 0.2652 (0.2719)  loss_fgl_dn_3: 0.9868 (0.9779)  loss_ddf_dn_3: 0.0004 (0.0004)  loss_vfl_dn_4: 0.3337 (0.3333)  loss_bbox_dn_4: 0.1306 (0.1570)  loss_giou_dn_4: 0.2654 (0.2717)  loss_fgl_dn_4: 0.9885 (0.9781)  loss_ddf_dn_4: 0.0000 (0.0000)  loss_vfl_dn_5: 0.3293 (0.3351)  loss_bbox_dn_5: 0.1306 (0.1570)  loss_giou_dn_5: 0.2654 (0.2717)  loss_fgl_dn_5: 0.9886 (0.9781)  loss_ddf_dn_5: 0.0000 (0.0000)  loss_vfl_dn_pre: 0.4568 (0.4603)  loss_bbox_dn_pre: 0.2579 (0.2705)  loss_giou_dn_pre: 0.3969 (0.4100)  time: 1.3611  data: 0.0021  max mem: 6437
Epoch: [5/15]  [300/392]  eta: 0:02:46  lr: 0.000013  loss: 29.4695 (27.8281)  loss_vfl: 0.5088 (0.5148)  loss_bbox: 0.2040 (0.1606)  loss_giou: 0.3064 (0.3228)  loss_fgl: 1.0031 (1.0046)  loss_vfl_aux_0: 0.6763 (0.6319)  loss_bbox_aux_0: 0.2209 (0.1907)  loss_giou_aux_0: 0.3182 (0.3595)  loss_fgl_aux_0: 1.0732 (1.0821)  loss_ddf_aux_0: 0.1088 (0.0950)  loss_vfl_aux_1: 0.5640 (0.5688)  loss_bbox_aux_1: 0.2112 (0.1660)  loss_giou_aux_1: 0.2714 (0.3290)  loss_fgl_aux_1: 1.0319 (1.0159)  loss_ddf_aux_1: 0.0157 (0.0140)  loss_vfl_aux_2: 0.5391 (0.5371)  loss_bbox_aux_2: 0.2041 (0.1611)  loss_giou_aux_2: 0.2984 (0.3230)  loss_fgl_aux_2: 1.0003 (1.0050)  loss_ddf_aux_2: 0.0013 (0.0015)  loss_vfl_aux_3: 0.4744 (0.5082)  loss_bbox_aux_3: 0.2037 (0.1606)  loss_giou_aux_3: 0.3067 (0.3227)  loss_fgl_aux_3: 1.0042 (1.0045)  loss_ddf_aux_3: 0.0001 (0.0001)  loss_vfl_aux_4: 0.4973 (0.5071)  loss_bbox_aux_4: 0.2040 (0.1606)  loss_giou_aux_4: 0.3062 (0.3228)  loss_fgl_aux_4: 1.0031 (1.0046)  loss_ddf_aux_4: 0.0000 (0.0000)  loss_vfl_pre: 0.6250 (0.6264)  loss_bbox_pre: 0.2200 (0.1905)  loss_giou_pre: 0.3152 (0.3585)  loss_vfl_enc_0: 0.7139 (0.7236)  loss_bbox_enc_0: 0.3010 (0.3008)  loss_giou_enc_0: 0.4316 (0.4691)  loss_vfl_dn_0: 0.4658 (0.4619)  loss_bbox_dn_0: 0.2559 (0.2523)  loss_giou_dn_0: 0.4001 (0.4071)  loss_fgl_dn_0: 1.1769 (1.1622)  loss_ddf_dn_0: 0.4979 (0.4214)  loss_vfl_dn_1: 0.3594 (0.3614)  loss_bbox_dn_1: 0.1633 (0.1665)  loss_giou_dn_1: 0.2882 (0.2881)  loss_fgl_dn_1: 1.0117 (1.0004)  loss_ddf_dn_1: 0.0918 (0.0707)  loss_vfl_dn_2: 0.3235 (0.3399)  loss_bbox_dn_2: 0.1488 (0.1540)  loss_giou_dn_2: 0.2653 (0.2725)  loss_fgl_dn_2: 0.9816 (0.9782)  loss_ddf_dn_2: 0.0104 (0.0093)  loss_vfl_dn_3: 0.3240 (0.3330)  loss_bbox_dn_3: 0.1438 (0.1522)  loss_giou_dn_3: 0.2647 (0.2708)  loss_fgl_dn_3: 0.9823 (0.9781)  loss_ddf_dn_3: 0.0006 (0.0005)  loss_vfl_dn_4: 0.3203 (0.3324)  loss_bbox_dn_4: 0.1433 (0.1520)  loss_giou_dn_4: 0.2637 (0.2706)  loss_fgl_dn_4: 0.9812 (0.9784)  loss_ddf_dn_4: 0.0000 (0.0000)  loss_vfl_dn_5: 0.3228 (0.3344)  loss_bbox_dn_5: 0.1433 (0.1520)  loss_giou_dn_5: 0.2637 (0.2706)  loss_fgl_dn_5: 0.9812 (0.9784)  loss_ddf_dn_5: 0.0000 (0.0000)  loss_vfl_dn_pre: 0.4631 (0.4606)  loss_bbox_dn_pre: 0.2766 (0.2652)  loss_giou_dn_pre: 0.4060 (0.4095)  time: 1.3721  data: 0.0022  max mem: 6437
Epoch: [5/15]  [391/392]  eta: 0:00:01  lr: 0.000013  loss: 27.9639 (27.9161)  loss_vfl: 0.5889 (0.5165)  loss_bbox: 0.1338 (0.1600)  loss_giou: 0.3121 (0.3245)  loss_fgl: 1.0651 (1.0111)  loss_vfl_aux_0: 0.6489 (0.6331)  loss_bbox_aux_0: 0.1499 (0.1892)  loss_giou_aux_0: 0.3120 (0.3600)  loss_fgl_aux_0: 1.1273 (1.0857)  loss_ddf_aux_0: 0.0948 (0.0970)  loss_vfl_aux_1: 0.5972 (0.5720)  loss_bbox_aux_1: 0.1291 (0.1661)  loss_giou_aux_1: 0.3137 (0.3312)  loss_fgl_aux_1: 1.0899 (1.0214)  loss_ddf_aux_1: 0.0142 (0.0143)  loss_vfl_aux_2: 0.6201 (0.5422)  loss_bbox_aux_2: 0.1374 (0.1606)  loss_giou_aux_2: 0.3151 (0.3248)  loss_fgl_aux_2: 1.0629 (1.0114)  loss_ddf_aux_2: 0.0012 (0.0015)  loss_vfl_aux_3: 0.5708 (0.5122)  loss_bbox_aux_3: 0.1338 (0.1600)  loss_giou_aux_3: 0.3119 (0.3244)  loss_fgl_aux_3: 1.0640 (1.0110)  loss_ddf_aux_3: 0.0002 (0.0001)  loss_vfl_aux_4: 0.5640 (0.5092)  loss_bbox_aux_4: 0.1338 (0.1600)  loss_giou_aux_4: 0.3121 (0.3245)  loss_fgl_aux_4: 1.0651 (1.0111)  loss_ddf_aux_4: 0.0001 (0.0000)  loss_vfl_pre: 0.6392 (0.6277)  loss_bbox_pre: 0.1620 (0.1890)  loss_giou_pre: 0.3228 (0.3591)  loss_vfl_enc_0: 0.7822 (0.7249)  loss_bbox_enc_0: 0.2445 (0.2981)  loss_giou_enc_0: 0.4165 (0.4682)  loss_vfl_dn_0: 0.4729 (0.4609)  loss_bbox_dn_0: 0.2315 (0.2526)  loss_giou_dn_0: 0.3983 (0.4071)  loss_fgl_dn_0: 1.1613 (1.1614)  loss_ddf_dn_0: 0.3969 (0.4249)  loss_vfl_dn_1: 0.3601 (0.3616)  loss_bbox_dn_1: 0.1541 (0.1673)  loss_giou_dn_1: 0.2757 (0.2890)  loss_fgl_dn_1: 1.0438 (1.0037)  loss_ddf_dn_1: 0.0587 (0.0710)  loss_vfl_dn_2: 0.3374 (0.3401)  loss_bbox_dn_2: 0.1394 (0.1546)  loss_giou_dn_2: 0.2659 (0.2738)  loss_fgl_dn_2: 1.0378 (0.9824)  loss_ddf_dn_2: 0.0087 (0.0098)  loss_vfl_dn_3: 0.3345 (0.3331)  loss_bbox_dn_3: 0.1397 (0.1527)  loss_giou_dn_3: 0.2665 (0.2719)  loss_fgl_dn_3: 1.0324 (0.9824)  loss_ddf_dn_3: 0.0006 (0.0005)  loss_vfl_dn_4: 0.3350 (0.3324)  loss_bbox_dn_4: 0.1367 (0.1523)  loss_giou_dn_4: 0.2672 (0.2716)  loss_fgl_dn_4: 1.0301 (0.9827)  loss_ddf_dn_4: 0.0000 (0.0000)  loss_vfl_dn_5: 0.3347 (0.3338)  loss_bbox_dn_5: 0.1367 (0.1524)  loss_giou_dn_5: 0.2672 (0.2717)  loss_fgl_dn_5: 1.0301 (0.9828)  loss_ddf_dn_5: 0.0000 (0.0000)  loss_vfl_dn_pre: 0.4722 (0.4601)  loss_bbox_dn_pre: 0.2414 (0.2646)  loss_giou_dn_pre: 0.3980 (0.4091)  time: 1.5484  data: 0.1734  max mem: 6437
Epoch: [5/15] Total time: 0:11:15 (1.7221 s / it)
Averaged stats: lr: 0.000013  loss: 27.9639 (27.9161)  loss_vfl: 0.5889 (0.5165)  loss_bbox: 0.1338 (0.1600)  loss_giou: 0.3121 (0.3245)  loss_fgl: 1.0651 (1.0111)  loss_vfl_aux_0: 0.6489 (0.6331)  loss_bbox_aux_0: 0.1499 (0.1892)  loss_giou_aux_0: 0.3120 (0.3600)  loss_fgl_aux_0: 1.1273 (1.0857)  loss_ddf_aux_0: 0.0948 (0.0970)  loss_vfl_aux_1: 0.5972 (0.5720)  loss_bbox_aux_1: 0.1291 (0.1661)  loss_giou_aux_1: 0.3137 (0.3312)  loss_fgl_aux_1: 1.0899 (1.0214)  loss_ddf_aux_1: 0.0142 (0.0143)  loss_vfl_aux_2: 0.6201 (0.5422)  loss_bbox_aux_2: 0.1374 (0.1606)  loss_giou_aux_2: 0.3151 (0.3248)  loss_fgl_aux_2: 1.0629 (1.0114)  loss_ddf_aux_2: 0.0012 (0.0015)  loss_vfl_aux_3: 0.5708 (0.5122)  loss_bbox_aux_3: 0.1338 (0.1600)  loss_giou_aux_3: 0.3119 (0.3244)  loss_fgl_aux_3: 1.0640 (1.0110)  loss_ddf_aux_3: 0.0002 (0.0001)  loss_vfl_aux_4: 0.5640 (0.5092)  loss_bbox_aux_4: 0.1338 (0.1600)  loss_giou_aux_4: 0.3121 (0.3245)  loss_fgl_aux_4: 1.0651 (1.0111)  loss_ddf_aux_4: 0.0001 (0.0000)  loss_vfl_pre: 0.6392 (0.6277)  loss_bbox_pre: 0.1620 (0.1890)  loss_giou_pre: 0.3228 (0.3591)  loss_vfl_enc_0: 0.7822 (0.7249)  loss_bbox_enc_0: 0.2445 (0.2981)  loss_giou_enc_0: 0.4165 (0.4682)  loss_vfl_dn_0: 0.4729 (0.4609)  loss_bbox_dn_0: 0.2315 (0.2526)  loss_giou_dn_0: 0.3983 (0.4071)  loss_fgl_dn_0: 1.1613 (1.1614)  loss_ddf_dn_0: 0.3969 (0.4249)  loss_vfl_dn_1: 0.3601 (0.3616)  loss_bbox_dn_1: 0.1541 (0.1673)  loss_giou_dn_1: 0.2757 (0.2890)  loss_fgl_dn_1: 1.0438 (1.0037)  loss_ddf_dn_1: 0.0587 (0.0710)  loss_vfl_dn_2: 0.3374 (0.3401)  loss_bbox_dn_2: 0.1394 (0.1546)  loss_giou_dn_2: 0.2659 (0.2738)  loss_fgl_dn_2: 1.0378 (0.9824)  loss_ddf_dn_2: 0.0087 (0.0098)  loss_vfl_dn_3: 0.3345 (0.3331)  loss_bbox_dn_3: 0.1397 (0.1527)  loss_giou_dn_3: 0.2665 (0.2719)  loss_fgl_dn_3: 1.0324 (0.9824)  loss_ddf_dn_3: 0.0006 (0.0005)  loss_vfl_dn_4: 0.3350 (0.3324)  loss_bbox_dn_4: 0.1367 (0.1523)  loss_giou_dn_4: 0.2672 (0.2716)  loss_fgl_dn_4: 1.0301 (0.9827)  loss_ddf_dn_4: 0.0000 (0.0000)  loss_vfl_dn_5: 0.3347 (0.3338)  loss_bbox_dn_5: 0.1367 (0.1524)  loss_giou_dn_5: 0.2672 (0.2717)  loss_fgl_dn_5: 1.0301 (0.9828)  loss_ddf_dn_5: 0.0000 (0.0000)  loss_vfl_dn_pre: 0.4722 (0.4601)  loss_bbox_dn_pre: 0.2414 (0.2646)  loss_giou_dn_pre: 0.3980 (0.4091)
Test:  [ 0/49]  eta: 1:35:39    time: 117.1321  data: 116.7938  max mem: 6437
Test:  [10/49]  eta: 0:07:04    time: 10.8807  data: 10.6198  max mem: 6437
Test:  [20/49]  eta: 0:02:48    time: 0.2598  data: 0.0022  max mem: 6437
Test:  [30/49]  eta: 0:01:16    time: 0.2732  data: 0.0021  max mem: 6437
Test:  [40/49]  eta: 0:00:28    time: 0.2711  data: 0.0024  max mem: 6437
Test:  [48/49]  eta: 0:00:02    time: 0.2568  data: 0.0021  max mem: 6437
Test: Total time: 0:02:11 (2.6799 s / it)
Metrics: {'f1': 0.843400447427293, 'precision': 0.8055555555555556, 'recall': 0.8849765258215962, 'iou': 0.6426265424178693, 'TPs': 377, 'FPs': 91, 'FNs': 49}
Averaged stats: 
Accumulating evaluation results...
COCOeval_opt.accumulate() finished...
DONE (t=0.08s).
IoU metric: bbox
 Average Precision  (AP) @[ IoU=0.50:0.95 | area=   all | maxDets=100 ] = 0.539
 Average Precision  (AP) @[ IoU=0.50      | area=   all | maxDets=100 ] = 0.806
 Average Precision  (AP) @[ IoU=0.75      | area=   all | maxDets=100 ] = 0.567
 Average Precision  (AP) @[ IoU=0.50:0.95 | area= small | maxDets=100 ] = 0.202
 Average Precision  (AP) @[ IoU=0.50:0.95 | area=medium | maxDets=100 ] = 0.618
 Average Precision  (AP) @[ IoU=0.50:0.95 | area= large | maxDets=100 ] = 0.524
 Average Recall     (AR) @[ IoU=0.50:0.95 | area=   all | maxDets=  1 ] = 0.503
 Average Recall     (AR) @[ IoU=0.50:0.95 | area=   all | maxDets= 10 ] = 0.673
 Average Recall     (AR) @[ IoU=0.50:0.95 | area=   all | maxDets=100 ] = 0.759
 Average Recall     (AR) @[ IoU=0.50:0.95 | area= small | maxDets=100 ] = 0.367
 Average Recall     (AR) @[ IoU=0.50:0.95 | area=medium | maxDets=100 ] = 0.686
 Average Recall     (AR) @[ IoU=0.50:0.95 | area= large | maxDets=100 ] = 0.758
 Average Recall     (AR) @[ IoU=0.50      | area=   all | maxDets=100 ] = 0.981
 Average Recall     (AR) @[ IoU=0.75      | area=   all | maxDets=100 ] = 0.878
best_map50: epoch=5, AP50=0.806014
best_stat: {'epoch': 4, 'coco_eval_bbox': 0.5447847157997876}
Epoch: [6/15]  [  0/392]  eta: 14:40:47  lr: 0.000013  loss: 29.9131 (29.9131)  loss_vfl: 0.5825 (0.5825)  loss_bbox: 0.1156 (0.1156)  loss_giou: 0.4833 (0.4833)  loss_fgl: 1.0747 (1.0747)  loss_vfl_aux_0: 0.7036 (0.7036)  loss_bbox_aux_0: 0.1258 (0.1258)  loss_giou_aux_0: 0.5498 (0.5498)  loss_fgl_aux_0: 1.0634 (1.0634)  loss_ddf_aux_0: 0.0746 (0.0746)  loss_vfl_aux_1: 0.5527 (0.5527)  loss_bbox_aux_1: 0.1116 (0.1116)  loss_giou_aux_1: 0.4940 (0.4940)  loss_fgl_aux_1: 1.0727 (1.0727)  loss_ddf_aux_1: 0.0107 (0.0107)  loss_vfl_aux_2: 0.5356 (0.5356)  loss_bbox_aux_2: 0.1172 (0.1172)  loss_giou_aux_2: 0.4848 (0.4848)  loss_fgl_aux_2: 1.0796 (1.0796)  loss_ddf_aux_2: 0.0011 (0.0011)  loss_vfl_aux_3: 0.5317 (0.5317)  loss_bbox_aux_3: 0.1177 (0.1177)  loss_giou_aux_3: 0.4845 (0.4845)  loss_fgl_aux_3: 1.0773 (1.0773)  loss_ddf_aux_3: 0.0001 (0.0001)  loss_vfl_aux_4: 0.5215 (0.5215)  loss_bbox_aux_4: 0.1155 (0.1155)  loss_giou_aux_4: 0.4833 (0.4833)  loss_fgl_aux_4: 1.0748 (1.0748)  loss_ddf_aux_4: -0.0001 (-0.0001)  loss_vfl_pre: 0.7031 (0.7031)  loss_bbox_pre: 0.1267 (0.1267)  loss_giou_pre: 0.5545 (0.5545)  loss_vfl_enc_0: 0.7358 (0.7358)  loss_bbox_enc_0: 0.2407 (0.2407)  loss_giou_enc_0: 0.7268 (0.7268)  loss_vfl_dn_0: 0.4465 (0.4465)  loss_bbox_dn_0: 0.2019 (0.2019)  loss_giou_dn_0: 0.5852 (0.5852)  loss_fgl_dn_0: 1.1385 (1.1385)  loss_ddf_dn_0: 0.4713 (0.4713)  loss_vfl_dn_1: 0.3696 (0.3696)  loss_bbox_dn_1: 0.1312 (0.1312)  loss_giou_dn_1: 0.3980 (0.3980)  loss_fgl_dn_1: 0.9513 (0.9513)  loss_ddf_dn_1: 0.0623 (0.0623)  loss_vfl_dn_2: 0.3667 (0.3667)  loss_bbox_dn_2: 0.1268 (0.1268)  loss_giou_dn_2: 0.3701 (0.3701)  loss_fgl_dn_2: 0.9489 (0.9489)  loss_ddf_dn_2: 0.0105 (0.0105)  loss_vfl_dn_3: 0.3528 (0.3528)  loss_bbox_dn_3: 0.1324 (0.1324)  loss_giou_dn_3: 0.3652 (0.3652)  loss_fgl_dn_3: 0.9425 (0.9425)  loss_ddf_dn_3: 0.0009 (0.0009)  loss_vfl_dn_4: 0.3438 (0.3438)  loss_bbox_dn_4: 0.1320 (0.1320)  loss_giou_dn_4: 0.3649 (0.3649)  loss_fgl_dn_4: 0.9424 (0.9424)  loss_ddf_dn_4: 0.0001 (0.0001)  loss_vfl_dn_5: 0.3440 (0.3440)  loss_bbox_dn_5: 0.1320 (0.1320)  loss_giou_dn_5: 0.3648 (0.3648)  loss_fgl_dn_5: 0.9425 (0.9425)  loss_ddf_dn_5: 0.0000 (0.0000)  loss_vfl_dn_pre: 0.4431 (0.4431)  loss_bbox_dn_pre: 0.2148 (0.2148)  loss_giou_dn_pre: 0.5888 (0.5888)  time: 134.8149  data: 133.4709  max mem: 6437
Epoch: [6/15]  [100/392]  eta: 0:13:00  lr: 0.000013  loss: 29.6387 (28.0790)  loss_vfl: 0.4490 (0.4877)  loss_bbox: 0.1709 (0.1879)  loss_giou: 0.2873 (0.3302)  loss_fgl: 1.0255 (0.9993)  loss_vfl_aux_0: 0.5464 (0.5932)  loss_bbox_aux_0: 0.1959 (0.2185)  loss_giou_aux_0: 0.3150 (0.3676)  loss_fgl_aux_0: 1.1032 (1.0766)  loss_ddf_aux_0: 0.1183 (0.1136)  loss_vfl_aux_1: 0.5142 (0.5432)  loss_bbox_aux_1: 0.1967 (0.1942)  loss_giou_aux_1: 0.2968 (0.3362)  loss_fgl_aux_1: 1.0326 (1.0102)  loss_ddf_aux_1: 0.0161 (0.0152)  loss_vfl_aux_2: 0.4929 (0.5074)  loss_bbox_aux_2: 0.1768 (0.1883)  loss_giou_aux_2: 0.2882 (0.3300)  loss_fgl_aux_2: 1.0292 (1.0001)  loss_ddf_aux_2: 0.0019 (0.0015)  loss_vfl_aux_3: 0.4827 (0.4869)  loss_bbox_aux_3: 0.1710 (0.1877)  loss_giou_aux_3: 0.2873 (0.3298)  loss_fgl_aux_3: 1.0279 (0.9993)  loss_ddf_aux_3: 0.0001 (0.0002)  loss_vfl_aux_4: 0.4414 (0.4817)  loss_bbox_aux_4: 0.1709 (0.1879)  loss_giou_aux_4: 0.2872 (0.3302)  loss_fgl_aux_4: 1.0256 (0.9993)  loss_ddf_aux_4: -0.0000 (0.0000)  loss_vfl_pre: 0.5386 (0.5876)  loss_bbox_pre: 0.2019 (0.2197)  loss_giou_pre: 0.3118 (0.3689)  loss_vfl_enc_0: 0.5962 (0.6688)  loss_bbox_enc_0: 0.3508 (0.3333)  loss_giou_enc_0: 0.4187 (0.4779)  loss_vfl_dn_0: 0.4695 (0.4629)  loss_bbox_dn_0: 0.3188 (0.2913)  loss_giou_dn_0: 0.3899 (0.4057)  loss_fgl_dn_0: 1.1932 (1.1616)  loss_ddf_dn_0: 0.5449 (0.4804)  loss_vfl_dn_1: 0.3696 (0.3605)  loss_bbox_dn_1: 0.1862 (0.1939)  loss_giou_dn_1: 0.2698 (0.2847)  loss_fgl_dn_1: 1.0074 (0.9939)  loss_ddf_dn_1: 0.0805 (0.0785)  loss_vfl_dn_2: 0.3491 (0.3394)  loss_bbox_dn_2: 0.1621 (0.1809)  loss_giou_dn_2: 0.2563 (0.2704)  loss_fgl_dn_2: 0.9748 (0.9727)  loss_ddf_dn_2: 0.0105 (0.0120)  loss_vfl_dn_3: 0.3411 (0.3325)  loss_bbox_dn_3: 0.1574 (0.1789)  loss_giou_dn_3: 0.2555 (0.2681)  loss_fgl_dn_3: 0.9758 (0.9721)  loss_ddf_dn_3: 0.0009 (0.0008)  loss_vfl_dn_4: 0.3413 (0.3321)  loss_bbox_dn_4: 0.1562 (0.1787)  loss_giou_dn_4: 0.2558 (0.2677)  loss_fgl_dn_4: 0.9758 (0.9727)  loss_ddf_dn_4: 0.0000 (0.0000)  loss_vfl_dn_5: 0.3428 (0.3328)  loss_bbox_dn_5: 0.1562 (0.1787)  loss_giou_dn_5: 0.2559 (0.2678)  loss_fgl_dn_5: 0.9759 (0.9727)  loss_ddf_dn_5: 0.0000 (0.0000)  loss_vfl_dn_pre: 0.4673 (0.4626)  loss_bbox_dn_pre: 0.3102 (0.3042)  loss_giou_dn_pre: 0.3893 (0.4078)  time: 1.3505  data: 0.0022  max mem: 6437
Epoch: [6/15]  [200/392]  eta: 0:06:27  lr: 0.000013  loss: 28.1989 (27.9140)  loss_vfl: 0.4399 (0.4903)  loss_bbox: 0.1371 (0.1775)  loss_giou: 0.3151 (0.3285)  loss_fgl: 0.9471 (1.0007)  loss_vfl_aux_0: 0.6421 (0.6222)  loss_bbox_aux_0: 0.1914 (0.2051)  loss_giou_aux_0: 0.3495 (0.3641)  loss_fgl_aux_0: 1.0677 (1.0752)  loss_ddf_aux_0: 0.0744 (0.1050)  loss_vfl_aux_1: 0.5732 (0.5636)  loss_bbox_aux_1: 0.1418 (0.1826)  loss_giou_aux_1: 0.3133 (0.3347)  loss_fgl_aux_1: 0.9547 (1.0106)  loss_ddf_aux_1: 0.0094 (0.0142)  loss_vfl_aux_2: 0.4958 (0.5152)  loss_bbox_aux_2: 0.1372 (0.1776)  loss_giou_aux_2: 0.3130 (0.3287)  loss_fgl_aux_2: 0.9467 (1.0011)  loss_ddf_aux_2: 0.0009 (0.0014)  loss_vfl_aux_3: 0.4817 (0.4907)  loss_bbox_aux_3: 0.1374 (0.1774)  loss_giou_aux_3: 0.3152 (0.3283)  loss_fgl_aux_3: 0.9467 (1.0007)  loss_ddf_aux_3: 0.0001 (0.0001)  loss_vfl_aux_4: 0.4797 (0.4888)  loss_bbox_aux_4: 0.1370 (0.1775)  loss_giou_aux_4: 0.3150 (0.3285)  loss_fgl_aux_4: 0.9470 (1.0007)  loss_ddf_aux_4: -0.0000 (0.0000)  loss_vfl_pre: 0.6333 (0.6161)  loss_bbox_pre: 0.1940 (0.2052)  loss_giou_pre: 0.3456 (0.3640)  loss_vfl_enc_0: 0.6958 (0.6769)  loss_bbox_enc_0: 0.3749 (0.3212)  loss_giou_enc_0: 0.4877 (0.4789)  loss_vfl_dn_0: 0.4722 (0.4598)  loss_bbox_dn_0: 0.2732 (0.2702)  loss_giou_dn_0: 0.4178 (0.4068)  loss_fgl_dn_0: 1.1276 (1.1658)  loss_ddf_dn_0: 0.3839 (0.4668)  loss_vfl_dn_1: 0.3621 (0.3557)  loss_bbox_dn_1: 0.1490 (0.1770)  loss_giou_dn_1: 0.2970 (0.2848)  loss_fgl_dn_1: 0.9949 (0.9967)  loss_ddf_dn_1: 0.0577 (0.0707)  loss_vfl_dn_2: 0.3345 (0.3358)  loss_bbox_dn_2: 0.1245 (0.1639)  loss_giou_dn_2: 0.2745 (0.2693)  loss_fgl_dn_2: 0.9642 (0.9752)  loss_ddf_dn_2: 0.0070 (0.0096)  loss_vfl_dn_3: 0.3279 (0.3288)  loss_bbox_dn_3: 0.1230 (0.1620)  loss_giou_dn_3: 0.2749 (0.2673)  loss_fgl_dn_3: 0.9655 (0.9750)  loss_ddf_dn_3: 0.0003 (0.0006)  loss_vfl_dn_4: 0.3269 (0.3287)  loss_bbox_dn_4: 0.1231 (0.1619)  loss_giou_dn_4: 0.2747 (0.2671)  loss_fgl_dn_4: 0.9656 (0.9754)  loss_ddf_dn_4: 0.0000 (0.0000)  loss_vfl_dn_5: 0.3264 (0.3292)  loss_bbox_dn_5: 0.1231 (0.1619)  loss_giou_dn_5: 0.2747 (0.2671)  loss_fgl_dn_5: 0.9657 (0.9754)  loss_ddf_dn_5: 0.0000 (0.0000)  loss_vfl_dn_pre: 0.4680 (0.4595)  loss_bbox_dn_pre: 0.2774 (0.2841)  loss_giou_dn_pre: 0.4123 (0.4087)  time: 1.3488  data: 0.0019  max mem: 6437
Epoch: [6/15]  [300/392]  eta: 0:02:45  lr: 0.000013  loss: 27.3463 (27.8036)  loss_vfl: 0.4597 (0.4913)  loss_bbox: 0.1072 (0.1687)  loss_giou: 0.3056 (0.3242)  loss_fgl: 1.0144 (1.0083)  loss_vfl_aux_0: 0.5322 (0.6210)  loss_bbox_aux_0: 0.1443 (0.2003)  loss_giou_aux_0: 0.3441 (0.3621)  loss_fgl_aux_0: 1.0856 (1.0829)  loss_ddf_aux_0: 0.0831 (0.1008)  loss_vfl_aux_1: 0.4866 (0.5652)  loss_bbox_aux_1: 0.1261 (0.1747)  loss_giou_aux_1: 0.3199 (0.3316)  loss_fgl_aux_1: 1.0381 (1.0192)  loss_ddf_aux_1: 0.0120 (0.0143)  loss_vfl_aux_2: 0.4873 (0.5165)  loss_bbox_aux_2: 0.1097 (0.1688)  loss_giou_aux_2: 0.3017 (0.3247)  loss_fgl_aux_2: 1.0156 (1.0086)  loss_ddf_aux_2: 0.0010 (0.0013)  loss_vfl_aux_3: 0.4485 (0.4914)  loss_bbox_aux_3: 0.1072 (0.1685)  loss_giou_aux_3: 0.3069 (0.3241)  loss_fgl_aux_3: 1.0145 (1.0082)  loss_ddf_aux_3: 0.0001 (0.0001)  loss_vfl_aux_4: 0.4373 (0.4882)  loss_bbox_aux_4: 0.1072 (0.1687)  loss_giou_aux_4: 0.3056 (0.3242)  loss_fgl_aux_4: 1.0143 (1.0082)  loss_ddf_aux_4: 0.0000 (0.0000)  loss_vfl_pre: 0.5425 (0.6160)  loss_bbox_pre: 0.1347 (0.2000)  loss_giou_pre: 0.3369 (0.3616)  loss_vfl_enc_0: 0.6079 (0.6732)  loss_bbox_enc_0: 0.2097 (0.3092)  loss_giou_enc_0: 0.4161 (0.4716)  loss_vfl_dn_0: 0.4600 (0.4594)  loss_bbox_dn_0: 0.1790 (0.2599)  loss_giou_dn_0: 0.4004 (0.4069)  loss_fgl_dn_0: 1.1497 (1.1663)  loss_ddf_dn_0: 0.4151 (0.4569)  loss_vfl_dn_1: 0.3560 (0.3572)  loss_bbox_dn_1: 0.1050 (0.1690)  loss_giou_dn_1: 0.2822 (0.2850)  loss_fgl_dn_1: 0.9974 (1.0005)  loss_ddf_dn_1: 0.0640 (0.0699)  loss_vfl_dn_2: 0.3345 (0.3375)  loss_bbox_dn_2: 0.0940 (0.1556)  loss_giou_dn_2: 0.2772 (0.2690)  loss_fgl_dn_2: 0.9728 (0.9787)  loss_ddf_dn_2: 0.0079 (0.0092)  loss_vfl_dn_3: 0.3374 (0.3298)  loss_bbox_dn_3: 0.0930 (0.1536)  loss_giou_dn_3: 0.2782 (0.2669)  loss_fgl_dn_3: 0.9756 (0.9783)  loss_ddf_dn_3: 0.0003 (0.0005)  loss_vfl_dn_4: 0.3337 (0.3290)  loss_bbox_dn_4: 0.0927 (0.1533)  loss_giou_dn_4: 0.2790 (0.2666)  loss_fgl_dn_4: 0.9773 (0.9786)  loss_ddf_dn_4: 0.0000 (0.0000)  loss_vfl_dn_5: 0.3381 (0.3301)  loss_bbox_dn_5: 0.0927 (0.1534)  loss_giou_dn_5: 0.2790 (0.2667)  loss_fgl_dn_5: 0.9775 (0.9786)  loss_ddf_dn_5: 0.0000 (0.0000)  loss_vfl_dn_pre: 0.4609 (0.4593)  loss_bbox_dn_pre: 0.1868 (0.2718)  loss_giou_dn_pre: 0.4038 (0.4082)  time: 1.3539  data: 0.0020  max mem: 6437
Epoch: [6/15]  [391/392]  eta: 0:00:01  lr: 0.000013  loss: 27.4111 (27.8293)  loss_vfl: 0.4729 (0.4910)  loss_bbox: 0.1688 (0.1701)  loss_giou: 0.3187 (0.3268)  loss_fgl: 0.9773 (1.0112)  loss_vfl_aux_0: 0.5947 (0.6155)  loss_bbox_aux_0: 0.2298 (0.2007)  loss_giou_aux_0: 0.3509 (0.3644)  loss_fgl_aux_0: 1.0594 (1.0839)  loss_ddf_aux_0: 0.0883 (0.0973)  loss_vfl_aux_1: 0.5039 (0.5562)  loss_bbox_aux_1: 0.1823 (0.1765)  loss_giou_aux_1: 0.3386 (0.3348)  loss_fgl_aux_1: 0.9882 (1.0219)  loss_ddf_aux_1: 0.0131 (0.0141)  loss_vfl_aux_2: 0.5156 (0.5156)  loss_bbox_aux_2: 0.1686 (0.1706)  loss_giou_aux_2: 0.3222 (0.3276)  loss_fgl_aux_2: 0.9750 (1.0114)  loss_ddf_aux_2: 0.0017 (0.0014)  loss_vfl_aux_3: 0.4712 (0.4915)  loss_bbox_aux_3: 0.1686 (0.1700)  loss_giou_aux_3: 0.3184 (0.3267)  loss_fgl_aux_3: 0.9770 (1.0111)  loss_ddf_aux_3: 0.0000 (0.0001)  loss_vfl_aux_4: 0.4758 (0.4873)  loss_bbox_aux_4: 0.1688 (0.1701)  loss_giou_aux_4: 0.3189 (0.3268)  loss_fgl_aux_4: 0.9772 (1.0112)  loss_ddf_aux_4: 0.0001 (0.0000)  loss_vfl_pre: 0.5967 (0.6106)  loss_bbox_pre: 0.2372 (0.2005)  loss_giou_pre: 0.3512 (0.3637)  loss_vfl_enc_0: 0.6182 (0.6614)  loss_bbox_enc_0: 0.2942 (0.3080)  loss_giou_enc_0: 0.4542 (0.4731)  loss_vfl_dn_0: 0.4519 (0.4580)  loss_bbox_dn_0: 0.2561 (0.2589)  loss_giou_dn_0: 0.4224 (0.4074)  loss_fgl_dn_0: 1.1209 (1.1637)  loss_ddf_dn_0: 0.4487 (0.4536)  loss_vfl_dn_1: 0.3577 (0.3573)  loss_bbox_dn_1: 0.1393 (0.1697)  loss_giou_dn_1: 0.2989 (0.2879)  loss_fgl_dn_1: 0.9778 (1.0015)  loss_ddf_dn_1: 0.0700 (0.0707)  loss_vfl_dn_2: 0.3386 (0.3380)  loss_bbox_dn_2: 0.1348 (0.1566)  loss_giou_dn_2: 0.2848 (0.2720)  loss_fgl_dn_2: 0.9421 (0.9799)  loss_ddf_dn_2: 0.0095 (0.0094)  loss_vfl_dn_3: 0.3323 (0.3305)  loss_bbox_dn_3: 0.1271 (0.1546)  loss_giou_dn_3: 0.2841 (0.2700)  loss_fgl_dn_3: 0.9362 (0.9796)  loss_ddf_dn_3: 0.0005 (0.0005)  loss_vfl_dn_4: 0.3269 (0.3297)  loss_bbox_dn_4: 0.1267 (0.1543)  loss_giou_dn_4: 0.2841 (0.2697)  loss_fgl_dn_4: 0.9371 (0.9798)  loss_ddf_dn_4: 0.0000 (0.0000)  loss_vfl_dn_5: 0.3269 (0.3308)  loss_bbox_dn_5: 0.1266 (0.1543)  loss_giou_dn_5: 0.2841 (0.2697)  loss_fgl_dn_5: 0.9371 (0.9799)  loss_ddf_dn_5: 0.0000 (0.0000)  loss_vfl_dn_pre: 0.4553 (0.4579)  loss_bbox_dn_pre: 0.2639 (0.2710)  loss_giou_dn_pre: 0.4137 (0.4089)  time: 1.6418  data: 0.3092  max mem: 6437
Epoch: [6/15] Total time: 0:11:11 (1.7125 s / it)
Averaged stats: lr: 0.000013  loss: 27.4111 (27.8293)  loss_vfl: 0.4729 (0.4910)  loss_bbox: 0.1688 (0.1701)  loss_giou: 0.3187 (0.3268)  loss_fgl: 0.9773 (1.0112)  loss_vfl_aux_0: 0.5947 (0.6155)  loss_bbox_aux_0: 0.2298 (0.2007)  loss_giou_aux_0: 0.3509 (0.3644)  loss_fgl_aux_0: 1.0594 (1.0839)  loss_ddf_aux_0: 0.0883 (0.0973)  loss_vfl_aux_1: 0.5039 (0.5562)  loss_bbox_aux_1: 0.1823 (0.1765)  loss_giou_aux_1: 0.3386 (0.3348)  loss_fgl_aux_1: 0.9882 (1.0219)  loss_ddf_aux_1: 0.0131 (0.0141)  loss_vfl_aux_2: 0.5156 (0.5156)  loss_bbox_aux_2: 0.1686 (0.1706)  loss_giou_aux_2: 0.3222 (0.3276)  loss_fgl_aux_2: 0.9750 (1.0114)  loss_ddf_aux_2: 0.0017 (0.0014)  loss_vfl_aux_3: 0.4712 (0.4915)  loss_bbox_aux_3: 0.1686 (0.1700)  loss_giou_aux_3: 0.3184 (0.3267)  loss_fgl_aux_3: 0.9770 (1.0111)  loss_ddf_aux_3: 0.0000 (0.0001)  loss_vfl_aux_4: 0.4758 (0.4873)  loss_bbox_aux_4: 0.1688 (0.1701)  loss_giou_aux_4: 0.3189 (0.3268)  loss_fgl_aux_4: 0.9772 (1.0112)  loss_ddf_aux_4: 0.0001 (0.0000)  loss_vfl_pre: 0.5967 (0.6106)  loss_bbox_pre: 0.2372 (0.2005)  loss_giou_pre: 0.3512 (0.3637)  loss_vfl_enc_0: 0.6182 (0.6614)  loss_bbox_enc_0: 0.2942 (0.3080)  loss_giou_enc_0: 0.4542 (0.4731)  loss_vfl_dn_0: 0.4519 (0.4580)  loss_bbox_dn_0: 0.2561 (0.2589)  loss_giou_dn_0: 0.4224 (0.4074)  loss_fgl_dn_0: 1.1209 (1.1637)  loss_ddf_dn_0: 0.4487 (0.4536)  loss_vfl_dn_1: 0.3577 (0.3573)  loss_bbox_dn_1: 0.1393 (0.1697)  loss_giou_dn_1: 0.2989 (0.2879)  loss_fgl_dn_1: 0.9778 (1.0015)  loss_ddf_dn_1: 0.0700 (0.0707)  loss_vfl_dn_2: 0.3386 (0.3380)  loss_bbox_dn_2: 0.1348 (0.1566)  loss_giou_dn_2: 0.2848 (0.2720)  loss_fgl_dn_2: 0.9421 (0.9799)  loss_ddf_dn_2: 0.0095 (0.0094)  loss_vfl_dn_3: 0.3323 (0.3305)  loss_bbox_dn_3: 0.1271 (0.1546)  loss_giou_dn_3: 0.2841 (0.2700)  loss_fgl_dn_3: 0.9362 (0.9796)  loss_ddf_dn_3: 0.0005 (0.0005)  loss_vfl_dn_4: 0.3269 (0.3297)  loss_bbox_dn_4: 0.1267 (0.1543)  loss_giou_dn_4: 0.2841 (0.2697)  loss_fgl_dn_4: 0.9371 (0.9798)  loss_ddf_dn_4: 0.0000 (0.0000)  loss_vfl_dn_5: 0.3269 (0.3308)  loss_bbox_dn_5: 0.1266 (0.1543)  loss_giou_dn_5: 0.2841 (0.2697)  loss_fgl_dn_5: 0.9371 (0.9799)  loss_ddf_dn_5: 0.0000 (0.0000)  loss_vfl_dn_pre: 0.4553 (0.4579)  loss_bbox_dn_pre: 0.2639 (0.2710)  loss_giou_dn_pre: 0.4137 (0.4089)
Test:  [ 0/49]  eta: 1:32:08    time: 112.8238  data: 112.3922  max mem: 6437
Test:  [10/49]  eta: 0:06:49    time: 10.4955  data: 10.2198  max mem: 6437
Test:  [20/49]  eta: 0:02:43    time: 0.2631  data: 0.0025  max mem: 6437
Test:  [30/49]  eta: 0:01:14    time: 0.2758  data: 0.0023  max mem: 6437
Test:  [40/49]  eta: 0:00:27    time: 0.2722  data: 0.0022  max mem: 6437
Test:  [48/49]  eta: 0:00:02    time: 0.2592  data: 0.0021  max mem: 6437
Test: Total time: 0:02:07 (2.5947 s / it)
Metrics: {'f1': 0.8816425120772948, 'precision': 0.9079601990049752, 'recall': 0.8568075117370892, 'iou': 0.6985468348210625, 'TPs': 365, 'FPs': 37, 'FNs': 61}
Averaged stats: 
Accumulating evaluation results...
COCOeval_opt.accumulate() finished...
DONE (t=0.09s).
IoU metric: bbox
 Average Precision  (AP) @[ IoU=0.50:0.95 | area=   all | maxDets=100 ] = 0.580
 Average Precision  (AP) @[ IoU=0.50      | area=   all | maxDets=100 ] = 0.847
 Average Precision  (AP) @[ IoU=0.75      | area=   all | maxDets=100 ] = 0.632
 Average Precision  (AP) @[ IoU=0.50:0.95 | area= small | maxDets=100 ] = 0.234
 Average Precision  (AP) @[ IoU=0.50:0.95 | area=medium | maxDets=100 ] = 0.542
 Average Precision  (AP) @[ IoU=0.50:0.95 | area= large | maxDets=100 ] = 0.566
 Average Recall     (AR) @[ IoU=0.50:0.95 | area=   all | maxDets=  1 ] = 0.502
 Average Recall     (AR) @[ IoU=0.50:0.95 | area=   all | maxDets= 10 ] = 0.688
 Average Recall     (AR) @[ IoU=0.50:0.95 | area=   all | maxDets=100 ] = 0.740
 Average Recall     (AR) @[ IoU=0.50:0.95 | area= small | maxDets=100 ] = 0.267
 Average Recall     (AR) @[ IoU=0.50:0.95 | area=medium | maxDets=100 ] = 0.659
 Average Recall     (AR) @[ IoU=0.50:0.95 | area= large | maxDets=100 ] = 0.735
 Average Recall     (AR) @[ IoU=0.50      | area=   all | maxDets=100 ] = 0.976
 Average Recall     (AR) @[ IoU=0.75      | area=   all | maxDets=100 ] = 0.812
best_map50: epoch=6, AP50=0.847474
best_stat: {'epoch': 6, 'coco_eval_bbox': 0.5798598620323939}
Epoch: [7/15]  [  0/392]  eta: 12:39:07  lr: 0.000013  loss: 26.5619 (26.5619)  loss_vfl: 0.3711 (0.3711)  loss_bbox: 0.2021 (0.2021)  loss_giou: 0.3335 (0.3335)  loss_fgl: 0.9946 (0.9946)  loss_vfl_aux_0: 0.4524 (0.4524)  loss_bbox_aux_0: 0.2020 (0.2020)  loss_giou_aux_0: 0.3344 (0.3344)  loss_fgl_aux_0: 1.0384 (1.0384)  loss_ddf_aux_0: 0.0766 (0.0766)  loss_vfl_aux_1: 0.4390 (0.4390)  loss_bbox_aux_1: 0.2117 (0.2117)  loss_giou_aux_1: 0.3445 (0.3445)  loss_fgl_aux_1: 1.0093 (1.0093)  loss_ddf_aux_1: 0.0139 (0.0139)  loss_vfl_aux_2: 0.3933 (0.3933)  loss_bbox_aux_2: 0.2120 (0.2120)  loss_giou_aux_2: 0.3325 (0.3325)  loss_fgl_aux_2: 0.9974 (0.9974)  loss_ddf_aux_2: 0.0020 (0.0020)  loss_vfl_aux_3: 0.3743 (0.3743)  loss_bbox_aux_3: 0.2035 (0.2035)  loss_giou_aux_3: 0.3345 (0.3345)  loss_fgl_aux_3: 0.9954 (0.9954)  loss_ddf_aux_3: 0.0001 (0.0001)  loss_vfl_aux_4: 0.3706 (0.3706)  loss_bbox_aux_4: 0.2018 (0.2018)  loss_giou_aux_4: 0.3334 (0.3334)  loss_fgl_aux_4: 0.9945 (0.9945)  loss_ddf_aux_4: 0.0000 (0.0000)  loss_vfl_pre: 0.4514 (0.4514)  loss_bbox_pre: 0.1839 (0.1839)  loss_giou_pre: 0.3079 (0.3079)  loss_vfl_enc_0: 0.5801 (0.5801)  loss_bbox_enc_0: 0.3369 (0.3369)  loss_giou_enc_0: 0.4535 (0.4535)  loss_vfl_dn_0: 0.4363 (0.4363)  loss_bbox_dn_0: 0.2418 (0.2418)  loss_giou_dn_0: 0.3192 (0.3192)  loss_fgl_dn_0: 1.0902 (1.0902)  loss_ddf_dn_0: 0.4898 (0.4898)  loss_vfl_dn_1: 0.3469 (0.3469)  loss_bbox_dn_1: 0.1945 (0.1945)  loss_giou_dn_1: 0.2542 (0.2542)  loss_fgl_dn_1: 1.0050 (1.0050)  loss_ddf_dn_1: 0.0790 (0.0790)  loss_vfl_dn_2: 0.3340 (0.3340)  loss_bbox_dn_2: 0.1889 (0.1889)  loss_giou_dn_2: 0.2500 (0.2500)  loss_fgl_dn_2: 0.9881 (0.9881)  loss_ddf_dn_2: 0.0125 (0.0125)  loss_vfl_dn_3: 0.3313 (0.3313)  loss_bbox_dn_3: 0.1806 (0.1806)  loss_giou_dn_3: 0.2475 (0.2475)  loss_fgl_dn_3: 0.9828 (0.9828)  loss_ddf_dn_3: 0.0006 (0.0006)  loss_vfl_dn_4: 0.3318 (0.3318)  loss_bbox_dn_4: 0.1811 (0.1811)  loss_giou_dn_4: 0.2478 (0.2478)  loss_fgl_dn_4: 0.9816 (0.9816)  loss_ddf_dn_4: 0.0000 (0.0000)  loss_vfl_dn_5: 0.3311 (0.3311)  loss_bbox_dn_5: 0.1812 (0.1812)  loss_giou_dn_5: 0.2479 (0.2479)  loss_fgl_dn_5: 0.9817 (0.9817)  loss_ddf_dn_5: 0.0000 (0.0000)  loss_vfl_dn_pre: 0.4355 (0.4355)  loss_bbox_dn_pre: 0.2673 (0.2673)  loss_giou_dn_pre: 0.3193 (0.3193)  time: 116.1925  data: 114.7907  max mem: 6437
Epoch: [7/15]  [100/392]  eta: 0:12:09  lr: 0.000013  loss: 25.4717 (27.4441)  loss_vfl: 0.4282 (0.4628)  loss_bbox: 0.1269 (0.1721)  loss_giou: 0.2916 (0.3124)  loss_fgl: 0.9824 (1.0089)  loss_vfl_aux_0: 0.5020 (0.5735)  loss_bbox_aux_0: 0.1953 (0.2066)  loss_giou_aux_0: 0.3139 (0.3533)  loss_fgl_aux_0: 1.0639 (1.0850)  loss_ddf_aux_0: 0.0782 (0.0927)  loss_vfl_aux_1: 0.4661 (0.5186)  loss_bbox_aux_1: 0.1272 (0.1785)  loss_giou_aux_1: 0.2983 (0.3203)  loss_fgl_aux_1: 1.0025 (1.0179)  loss_ddf_aux_1: 0.0112 (0.0131)  loss_vfl_aux_2: 0.4285 (0.4973)  loss_bbox_aux_2: 0.1277 (0.1720)  loss_giou_aux_2: 0.2900 (0.3132)  loss_fgl_aux_2: 0.9799 (1.0086)  loss_ddf_aux_2: 0.0010 (0.0012)  loss_vfl_aux_3: 0.4565 (0.4710)  loss_bbox_aux_3: 0.1268 (0.1721)  loss_giou_aux_3: 0.2911 (0.3124)  loss_fgl_aux_3: 0.9824 (1.0087)  loss_ddf_aux_3: 0.0001 (0.0001)  loss_vfl_aux_4: 0.4463 (0.4603)  loss_bbox_aux_4: 0.1269 (0.1721)  loss_giou_aux_4: 0.2915 (0.3124)  loss_fgl_aux_4: 0.9823 (1.0089)  loss_ddf_aux_4: 0.0000 (0.0000)  loss_vfl_pre: 0.5059 (0.5751)  loss_bbox_pre: 0.1877 (0.2058)  loss_giou_pre: 0.3121 (0.3500)  loss_vfl_enc_0: 0.5884 (0.6304)  loss_bbox_enc_0: 0.3122 (0.3187)  loss_giou_enc_0: 0.4162 (0.4625)  loss_vfl_dn_0: 0.4553 (0.4572)  loss_bbox_dn_0: 0.2482 (0.2649)  loss_giou_dn_0: 0.3892 (0.3947)  loss_fgl_dn_0: 1.1568 (1.1670)  loss_ddf_dn_0: 0.3947 (0.4527)  loss_vfl_dn_1: 0.3352 (0.3586)  loss_bbox_dn_1: 0.1590 (0.1732)  loss_giou_dn_1: 0.2507 (0.2757)  loss_fgl_dn_1: 0.9642 (1.0001)  loss_ddf_dn_1: 0.0644 (0.0780)  loss_vfl_dn_2: 0.3193 (0.3357)  loss_bbox_dn_2: 0.1338 (0.1585)  loss_giou_dn_2: 0.2387 (0.2620)  loss_fgl_dn_2: 0.9366 (0.9784)  loss_ddf_dn_2: 0.0091 (0.0095)  loss_vfl_dn_3: 0.3120 (0.3305)  loss_bbox_dn_3: 0.1348 (0.1558)  loss_giou_dn_3: 0.2341 (0.2601)  loss_fgl_dn_3: 0.9368 (0.9789)  loss_ddf_dn_3: 0.0004 (0.0005)  loss_vfl_dn_4: 0.3115 (0.3299)  loss_bbox_dn_4: 0.1349 (0.1557)  loss_giou_dn_4: 0.2341 (0.2600)  loss_fgl_dn_4: 0.9371 (0.9790)  loss_ddf_dn_4: 0.0000 (0.0000)  loss_vfl_dn_5: 0.3181 (0.3320)  loss_bbox_dn_5: 0.1349 (0.1557)  loss_giou_dn_5: 0.2341 (0.2600)  loss_fgl_dn_5: 0.9371 (0.9791)  loss_ddf_dn_5: 0.0000 (0.0000)  loss_vfl_dn_pre: 0.4597 (0.4577)  loss_bbox_dn_pre: 0.2559 (0.2781)  loss_giou_dn_pre: 0.3833 (0.3966)  time: 1.3382  data: 0.0025  max mem: 6437
Epoch: [7/15]  [200/392]  eta: 0:06:19  lr: 0.000013  loss: 27.3184 (27.2432)  loss_vfl: 0.4863 (0.4905)  loss_bbox: 0.1244 (0.1639)  loss_giou: 0.2935 (0.3014)  loss_fgl: 1.0488 (1.0121)  loss_vfl_aux_0: 0.6553 (0.6000)  loss_bbox_aux_0: 0.1466 (0.1965)  loss_giou_aux_0: 0.3102 (0.3388)  loss_fgl_aux_0: 1.0941 (1.0851)  loss_ddf_aux_0: 0.0604 (0.0830)  loss_vfl_aux_1: 0.6265 (0.5386)  loss_bbox_aux_1: 0.1265 (0.1709)  loss_giou_aux_1: 0.2998 (0.3094)  loss_fgl_aux_1: 1.0558 (1.0216)  loss_ddf_aux_1: 0.0108 (0.0122)  loss_vfl_aux_2: 0.5552 (0.5160)  loss_bbox_aux_2: 0.1232 (0.1647)  loss_giou_aux_2: 0.2885 (0.3026)  loss_fgl_aux_2: 1.0482 (1.0122)  loss_ddf_aux_2: 0.0012 (0.0013)  loss_vfl_aux_3: 0.4785 (0.4898)  loss_bbox_aux_3: 0.1243 (0.1640)  loss_giou_aux_3: 0.2938 (0.3014)  loss_fgl_aux_3: 1.0484 (1.0121)  loss_ddf_aux_3: 0.0001 (0.0001)  loss_vfl_aux_4: 0.4934 (0.4855)  loss_bbox_aux_4: 0.1243 (0.1639)  loss_giou_aux_4: 0.2936 (0.3014)  loss_fgl_aux_4: 1.0487 (1.0121)  loss_ddf_aux_4: 0.0000 (0.0000)  loss_vfl_pre: 0.6523 (0.5993)  loss_bbox_pre: 0.1365 (0.1960)  loss_giou_pre: 0.3052 (0.3369)  loss_vfl_enc_0: 0.6821 (0.6487)  loss_bbox_enc_0: 0.2415 (0.3116)  loss_giou_enc_0: 0.4363 (0.4536)  loss_vfl_dn_0: 0.4465 (0.4558)  loss_bbox_dn_0: 0.2129 (0.2488)  loss_giou_dn_0: 0.3652 (0.3866)  loss_fgl_dn_0: 1.1472 (1.1616)  loss_ddf_dn_0: 0.3456 (0.4148)  loss_vfl_dn_1: 0.3440 (0.3541)  loss_bbox_dn_1: 0.1310 (0.1604)  loss_giou_dn_1: 0.2455 (0.2706)  loss_fgl_dn_1: 0.9994 (0.9950)  loss_ddf_dn_1: 0.0528 (0.0680)  loss_vfl_dn_2: 0.3235 (0.3327)  loss_bbox_dn_2: 0.1220 (0.1472)  loss_giou_dn_2: 0.2349 (0.2566)  loss_fgl_dn_2: 0.9633 (0.9734)  loss_ddf_dn_2: 0.0065 (0.0086)  loss_vfl_dn_3: 0.3179 (0.3274)  loss_bbox_dn_3: 0.1233 (0.1449)  loss_giou_dn_3: 0.2337 (0.2548)  loss_fgl_dn_3: 0.9642 (0.9737)  loss_ddf_dn_3: 0.0002 (0.0005)  loss_vfl_dn_4: 0.3137 (0.3269)  loss_bbox_dn_4: 0.1225 (0.1447)  loss_giou_dn_4: 0.2338 (0.2546)  loss_fgl_dn_4: 0.9642 (0.9740)  loss_ddf_dn_4: 0.0000 (0.0000)  loss_vfl_dn_5: 0.3108 (0.3290)  loss_bbox_dn_5: 0.1225 (0.1447)  loss_giou_dn_5: 0.2338 (0.2546)  loss_fgl_dn_5: 0.9643 (0.9740)  loss_ddf_dn_5: 0.0000 (0.0000)  loss_vfl_dn_pre: 0.4470 (0.4561)  loss_bbox_dn_pre: 0.2232 (0.2628)  loss_giou_dn_pre: 0.3730 (0.3892)  time: 1.7311  data: 0.0026  max mem: 6437
Epoch: [7/15]  [300/392]  eta: 0:02:52  lr: 0.000013  loss: 26.7168 (27.5075)  loss_vfl: 0.4009 (0.4933)  loss_bbox: 0.1865 (0.1710)  loss_giou: 0.3073 (0.3049)  loss_fgl: 1.0095 (1.0106)  loss_vfl_aux_0: 0.5459 (0.6044)  loss_bbox_aux_0: 0.2086 (0.2049)  loss_giou_aux_0: 0.3509 (0.3436)  loss_fgl_aux_0: 1.0971 (1.0871)  loss_ddf_aux_0: 0.0971 (0.0890)  loss_vfl_aux_1: 0.5088 (0.5500)  loss_bbox_aux_1: 0.1823 (0.1771)  loss_giou_aux_1: 0.3127 (0.3121)  loss_fgl_aux_1: 1.0296 (1.0199)  loss_ddf_aux_1: 0.0096 (0.0126)  loss_vfl_aux_2: 0.4543 (0.5256)  loss_bbox_aux_2: 0.1844 (0.1715)  loss_giou_aux_2: 0.3037 (0.3057)  loss_fgl_aux_2: 1.0108 (1.0106)  loss_ddf_aux_2: 0.0010 (0.0013)  loss_vfl_aux_3: 0.4160 (0.4953)  loss_bbox_aux_3: 0.1863 (0.1711)  loss_giou_aux_3: 0.3074 (0.3049)  loss_fgl_aux_3: 1.0097 (1.0106)  loss_ddf_aux_3: 0.0000 (0.0001)  loss_vfl_aux_4: 0.3928 (0.4894)  loss_bbox_aux_4: 0.1865 (0.1710)  loss_giou_aux_4: 0.3074 (0.3049)  loss_fgl_aux_4: 1.0095 (1.0106)  loss_ddf_aux_4: 0.0001 (0.0000)  loss_vfl_pre: 0.5386 (0.6034)  loss_bbox_pre: 0.2088 (0.2037)  loss_giou_pre: 0.3479 (0.3420)  loss_vfl_enc_0: 0.5986 (0.6533)  loss_bbox_enc_0: 0.3182 (0.3209)  loss_giou_enc_0: 0.4659 (0.4571)  loss_vfl_dn_0: 0.4504 (0.4568)  loss_bbox_dn_0: 0.2471 (0.2609)  loss_giou_dn_0: 0.3864 (0.3930)  loss_fgl_dn_0: 1.1612 (1.1610)  loss_ddf_dn_0: 0.4833 (0.4377)  loss_vfl_dn_1: 0.3433 (0.3549)  loss_bbox_dn_1: 0.1443 (0.1699)  loss_giou_dn_1: 0.2650 (0.2746)  loss_fgl_dn_1: 0.9939 (0.9929)  loss_ddf_dn_1: 0.0733 (0.0704)  loss_vfl_dn_2: 0.3274 (0.3348)  loss_bbox_dn_2: 0.1312 (0.1567)  loss_giou_dn_2: 0.2554 (0.2607)  loss_fgl_dn_2: 0.9635 (0.9716)  loss_ddf_dn_2: 0.0098 (0.0090)  loss_vfl_dn_3: 0.3264 (0.3290)  loss_bbox_dn_3: 0.1274 (0.1546)  loss_giou_dn_3: 0.2534 (0.2591)  loss_fgl_dn_3: 0.9660 (0.9717)  loss_ddf_dn_3: 0.0006 (0.0005)  loss_vfl_dn_4: 0.3232 (0.3280)  loss_bbox_dn_4: 0.1276 (0.1543)  loss_giou_dn_4: 0.2531 (0.2588)  loss_fgl_dn_4: 0.9658 (0.9720)  loss_ddf_dn_4: 0.0000 (0.0000)  loss_vfl_dn_5: 0.3250 (0.3299)  loss_bbox_dn_5: 0.1276 (0.1543)  loss_giou_dn_5: 0.2531 (0.2588)  loss_fgl_dn_5: 0.9658 (0.9720)  loss_ddf_dn_5: 0.0000 (0.0000)  loss_vfl_dn_pre: 0.4534 (0.4569)  loss_bbox_dn_pre: 0.2540 (0.2738)  loss_giou_dn_pre: 0.3860 (0.3955)  time: 1.7349  data: 0.0804  max mem: 6437
Epoch: [7/15]  [391/392]  eta: 0:00:01  lr: 0.000013  loss: 25.4402 (27.3636)  loss_vfl: 0.4404 (0.4903)  loss_bbox: 0.0997 (0.1643)  loss_giou: 0.2474 (0.3049)  loss_fgl: 1.0123 (1.0092)  loss_vfl_aux_0: 0.5083 (0.6022)  loss_bbox_aux_0: 0.1404 (0.1984)  loss_giou_aux_0: 0.2997 (0.3433)  loss_fgl_aux_0: 1.0794 (1.0854)  loss_ddf_aux_0: 0.0794 (0.0885)  loss_vfl_aux_1: 0.4453 (0.5469)  loss_bbox_aux_1: 0.1140 (0.1699)  loss_giou_aux_1: 0.2544 (0.3117)  loss_fgl_aux_1: 1.0018 (1.0185)  loss_ddf_aux_1: 0.0095 (0.0120)  loss_vfl_aux_2: 0.4277 (0.5212)  loss_bbox_aux_2: 0.1106 (0.1648)  loss_giou_aux_2: 0.2427 (0.3055)  loss_fgl_aux_2: 1.0178 (1.0092)  loss_ddf_aux_2: 0.0009 (0.0012)  loss_vfl_aux_3: 0.4204 (0.4924)  loss_bbox_aux_3: 0.1032 (0.1645)  loss_giou_aux_3: 0.2473 (0.3049)  loss_fgl_aux_3: 1.0122 (1.0091)  loss_ddf_aux_3: 0.0000 (0.0001)  loss_vfl_aux_4: 0.4307 (0.4871)  loss_bbox_aux_4: 0.0997 (0.1643)  loss_giou_aux_4: 0.2473 (0.3048)  loss_fgl_aux_4: 1.0122 (1.0091)  loss_ddf_aux_4: -0.0000 (0.0000)  loss_vfl_pre: 0.5044 (0.6005)  loss_bbox_pre: 0.1377 (0.1976)  loss_giou_pre: 0.2985 (0.3421)  loss_vfl_enc_0: 0.5903 (0.6499)  loss_bbox_enc_0: 0.2259 (0.3119)  loss_giou_enc_0: 0.4142 (0.4547)  loss_vfl_dn_0: 0.4338 (0.4541)  loss_bbox_dn_0: 0.1759 (0.2548)  loss_giou_dn_0: 0.3373 (0.3912)  loss_fgl_dn_0: 1.1336 (1.1591)  loss_ddf_dn_0: 0.5000 (0.4400)  loss_vfl_dn_1: 0.3318 (0.3525)  loss_bbox_dn_1: 0.1186 (0.1665)  loss_giou_dn_1: 0.2421 (0.2740)  loss_fgl_dn_1: 0.9770 (0.9916)  loss_ddf_dn_1: 0.0766 (0.0701)  loss_vfl_dn_2: 0.3225 (0.3343)  loss_bbox_dn_2: 0.1087 (0.1535)  loss_giou_dn_2: 0.2305 (0.2604)  loss_fgl_dn_2: 0.9546 (0.9703)  loss_ddf_dn_2: 0.0096 (0.0092)  loss_vfl_dn_3: 0.3135 (0.3281)  loss_bbox_dn_3: 0.1095 (0.1515)  loss_giou_dn_3: 0.2302 (0.2588)  loss_fgl_dn_3: 0.9554 (0.9703)  loss_ddf_dn_3: 0.0005 (0.0006)  loss_vfl_dn_4: 0.3135 (0.3274)  loss_bbox_dn_4: 0.1095 (0.1512)  loss_giou_dn_4: 0.2304 (0.2586)  loss_fgl_dn_4: 0.9557 (0.9706)  loss_ddf_dn_4: 0.0000 (0.0000)  loss_vfl_dn_5: 0.3149 (0.3293)  loss_bbox_dn_5: 0.1095 (0.1512)  loss_giou_dn_5: 0.2304 (0.2586)  loss_fgl_dn_5: 0.9557 (0.9706)  loss_ddf_dn_5: 0.0000 (0.0000)  loss_vfl_dn_pre: 0.4333 (0.4543)  loss_bbox_dn_pre: 0.1733 (0.2672)  loss_giou_dn_pre: 0.3362 (0.3935)  time: 1.5878  data: 0.0023  max mem: 6437
Epoch: [7/15] Total time: 0:11:56 (1.8277 s / it)
Averaged stats: lr: 0.000013  loss: 25.4402 (27.3636)  loss_vfl: 0.4404 (0.4903)  loss_bbox: 0.0997 (0.1643)  loss_giou: 0.2474 (0.3049)  loss_fgl: 1.0123 (1.0092)  loss_vfl_aux_0: 0.5083 (0.6022)  loss_bbox_aux_0: 0.1404 (0.1984)  loss_giou_aux_0: 0.2997 (0.3433)  loss_fgl_aux_0: 1.0794 (1.0854)  loss_ddf_aux_0: 0.0794 (0.0885)  loss_vfl_aux_1: 0.4453 (0.5469)  loss_bbox_aux_1: 0.1140 (0.1699)  loss_giou_aux_1: 0.2544 (0.3117)  loss_fgl_aux_1: 1.0018 (1.0185)  loss_ddf_aux_1: 0.0095 (0.0120)  loss_vfl_aux_2: 0.4277 (0.5212)  loss_bbox_aux_2: 0.1106 (0.1648)  loss_giou_aux_2: 0.2427 (0.3055)  loss_fgl_aux_2: 1.0178 (1.0092)  loss_ddf_aux_2: 0.0009 (0.0012)  loss_vfl_aux_3: 0.4204 (0.4924)  loss_bbox_aux_3: 0.1032 (0.1645)  loss_giou_aux_3: 0.2473 (0.3049)  loss_fgl_aux_3: 1.0122 (1.0091)  loss_ddf_aux_3: 0.0000 (0.0001)  loss_vfl_aux_4: 0.4307 (0.4871)  loss_bbox_aux_4: 0.0997 (0.1643)  loss_giou_aux_4: 0.2473 (0.3048)  loss_fgl_aux_4: 1.0122 (1.0091)  loss_ddf_aux_4: -0.0000 (0.0000)  loss_vfl_pre: 0.5044 (0.6005)  loss_bbox_pre: 0.1377 (0.1976)  loss_giou_pre: 0.2985 (0.3421)  loss_vfl_enc_0: 0.5903 (0.6499)  loss_bbox_enc_0: 0.2259 (0.3119)  loss_giou_enc_0: 0.4142 (0.4547)  loss_vfl_dn_0: 0.4338 (0.4541)  loss_bbox_dn_0: 0.1759 (0.2548)  loss_giou_dn_0: 0.3373 (0.3912)  loss_fgl_dn_0: 1.1336 (1.1591)  loss_ddf_dn_0: 0.5000 (0.4400)  loss_vfl_dn_1: 0.3318 (0.3525)  loss_bbox_dn_1: 0.1186 (0.1665)  loss_giou_dn_1: 0.2421 (0.2740)  loss_fgl_dn_1: 0.9770 (0.9916)  loss_ddf_dn_1: 0.0766 (0.0701)  loss_vfl_dn_2: 0.3225 (0.3343)  loss_bbox_dn_2: 0.1087 (0.1535)  loss_giou_dn_2: 0.2305 (0.2604)  loss_fgl_dn_2: 0.9546 (0.9703)  loss_ddf_dn_2: 0.0096 (0.0092)  loss_vfl_dn_3: 0.3135 (0.3281)  loss_bbox_dn_3: 0.1095 (0.1515)  loss_giou_dn_3: 0.2302 (0.2588)  loss_fgl_dn_3: 0.9554 (0.9703)  loss_ddf_dn_3: 0.0005 (0.0006)  loss_vfl_dn_4: 0.3135 (0.3274)  loss_bbox_dn_4: 0.1095 (0.1512)  loss_giou_dn_4: 0.2304 (0.2586)  loss_fgl_dn_4: 0.9557 (0.9706)  loss_ddf_dn_4: 0.0000 (0.0000)  loss_vfl_dn_5: 0.3149 (0.3293)  loss_bbox_dn_5: 0.1095 (0.1512)  loss_giou_dn_5: 0.2304 (0.2586)  loss_fgl_dn_5: 0.9557 (0.9706)  loss_ddf_dn_5: 0.0000 (0.0000)  loss_vfl_dn_pre: 0.4333 (0.4543)  loss_bbox_dn_pre: 0.1733 (0.2672)  loss_giou_dn_pre: 0.3362 (0.3935)
Test:  [ 0/49]  eta: 1:38:11    time: 120.2412  data: 119.8025  max mem: 6437
Test:  [10/49]  eta: 0:07:16    time: 11.1880  data: 10.8934  max mem: 6437
Test:  [20/49]  eta: 0:02:54    time: 0.2944  data: 0.0027  max mem: 6437
Test:  [30/49]  eta: 0:01:19    time: 0.3076  data: 0.0033  max mem: 6437
Test:  [40/49]  eta: 0:00:29    time: 0.3024  data: 0.0038  max mem: 6437
Test:  [48/49]  eta: 0:00:02    time: 0.2795  data: 0.0032  max mem: 6437
Test: Total time: 0:02:16 (2.7761 s / it)
Metrics: {'f1': 0.8894117647058823, 'precision': 0.8915094339622641, 'recall': 0.8873239436619719, 'iou': 0.71151093734523, 'TPs': 378, 'FPs': 46, 'FNs': 48}
Averaged stats: 
Accumulating evaluation results...
COCOeval_opt.accumulate() finished...
DONE (t=0.09s).
IoU metric: bbox
 Average Precision  (AP) @[ IoU=0.50:0.95 | area=   all | maxDets=100 ] = 0.592
 Average Precision  (AP) @[ IoU=0.50      | area=   all | maxDets=100 ] = 0.846
 Average Precision  (AP) @[ IoU=0.75      | area=   all | maxDets=100 ] = 0.668
 Average Precision  (AP) @[ IoU=0.50:0.95 | area= small | maxDets=100 ] = 0.161
 Average Precision  (AP) @[ IoU=0.50:0.95 | area=medium | maxDets=100 ] = 0.566
 Average Precision  (AP) @[ IoU=0.50:0.95 | area= large | maxDets=100 ] = 0.577
 Average Recall     (AR) @[ IoU=0.50:0.95 | area=   all | maxDets=  1 ] = 0.514
 Average Recall     (AR) @[ IoU=0.50:0.95 | area=   all | maxDets= 10 ] = 0.689
 Average Recall     (AR) @[ IoU=0.50:0.95 | area=   all | maxDets=100 ] = 0.761
 Average Recall     (AR) @[ IoU=0.50:0.95 | area= small | maxDets=100 ] = 0.367
 Average Recall     (AR) @[ IoU=0.50:0.95 | area=medium | maxDets=100 ] = 0.701
 Average Recall     (AR) @[ IoU=0.50:0.95 | area= large | maxDets=100 ] = 0.761
 Average Recall     (AR) @[ IoU=0.50      | area=   all | maxDets=100 ] = 0.984
 Average Recall     (AR) @[ IoU=0.75      | area=   all | maxDets=100 ] = 0.890
best_stat: {'epoch': 7, 'coco_eval_bbox': 0.5924286727272955}
Epoch: [8/15]  [  0/392]  eta: 13:46:38  lr: 0.000013  loss: 25.3633 (25.3633)  loss_vfl: 0.3547 (0.3547)  loss_bbox: 0.1242 (0.1242)  loss_giou: 0.2294 (0.2294)  loss_fgl: 0.9830 (0.9830)  loss_vfl_aux_0: 0.5205 (0.5205)  loss_bbox_aux_0: 0.1789 (0.1789)  loss_giou_aux_0: 0.2757 (0.2757)  loss_fgl_aux_0: 1.1187 (1.1187)  loss_ddf_aux_0: 0.0920 (0.0920)  loss_vfl_aux_1: 0.4124 (0.4124)  loss_bbox_aux_1: 0.1255 (0.1255)  loss_giou_aux_1: 0.2343 (0.2343)  loss_fgl_aux_1: 1.0079 (1.0079)  loss_ddf_aux_1: 0.0106 (0.0106)  loss_vfl_aux_2: 0.3618 (0.3618)  loss_bbox_aux_2: 0.1333 (0.1333)  loss_giou_aux_2: 0.2359 (0.2359)  loss_fgl_aux_2: 0.9809 (0.9809)  loss_ddf_aux_2: 0.0013 (0.0013)  loss_vfl_aux_3: 0.3542 (0.3542)  loss_bbox_aux_3: 0.1237 (0.1237)  loss_giou_aux_3: 0.2291 (0.2291)  loss_fgl_aux_3: 0.9831 (0.9831)  loss_ddf_aux_3: 0.0001 (0.0001)  loss_vfl_aux_4: 0.3550 (0.3550)  loss_bbox_aux_4: 0.1242 (0.1242)  loss_giou_aux_4: 0.2294 (0.2294)  loss_fgl_aux_4: 0.9832 (0.9832)  loss_ddf_aux_4: 0.0002 (0.0002)  loss_vfl_pre: 0.5151 (0.5151)  loss_bbox_pre: 0.1873 (0.1873)  loss_giou_pre: 0.2849 (0.2849)  loss_vfl_enc_0: 0.6562 (0.6562)  loss_bbox_enc_0: 0.3115 (0.3115)  loss_giou_enc_0: 0.4586 (0.4586)  loss_vfl_dn_0: 0.4460 (0.4460)  loss_bbox_dn_0: 0.2554 (0.2554)  loss_giou_dn_0: 0.3642 (0.3642)  loss_fgl_dn_0: 1.1629 (1.1629)  loss_ddf_dn_0: 0.7079 (0.7079)  loss_vfl_dn_1: 0.3311 (0.3311)  loss_bbox_dn_1: 0.1393 (0.1393)  loss_giou_dn_1: 0.2323 (0.2323)  loss_fgl_dn_1: 0.9655 (0.9655)  loss_ddf_dn_1: 0.2081 (0.2081)  loss_vfl_dn_2: 0.3164 (0.3164)  loss_bbox_dn_2: 0.1207 (0.1207)  loss_giou_dn_2: 0.2129 (0.2129)  loss_fgl_dn_2: 0.9279 (0.9279)  loss_ddf_dn_2: 0.0475 (0.0475)  loss_vfl_dn_3: 0.3062 (0.3062)  loss_bbox_dn_3: 0.1113 (0.1113)  loss_giou_dn_3: 0.2076 (0.2076)  loss_fgl_dn_3: 0.9279 (0.9279)  loss_ddf_dn_3: 0.0029 (0.0029)  loss_vfl_dn_4: 0.3049 (0.3049)  loss_bbox_dn_4: 0.1108 (0.1108)  loss_giou_dn_4: 0.2072 (0.2072)  loss_fgl_dn_4: 0.9273 (0.9273)  loss_ddf_dn_4: -0.0000 (-0.0000)  loss_vfl_dn_5: 0.3049 (0.3049)  loss_bbox_dn_5: 0.1107 (0.1107)  loss_giou_dn_5: 0.2071 (0.2071)  loss_fgl_dn_5: 0.9272 (0.9272)  loss_ddf_dn_5: 0.0000 (0.0000)  loss_vfl_dn_pre: 0.4463 (0.4463)  loss_bbox_dn_pre: 0.2729 (0.2729)  loss_giou_dn_pre: 0.3730 (0.3730)  time: 126.5269  data: 124.7523  max mem: 6437
Epoch: [8/15]  [100/392]  eta: 0:14:31  lr: 0.000013  loss: 26.7893 (26.7203)  loss_vfl: 0.4321 (0.4729)  loss_bbox: 0.1515 (0.1606)  loss_giou: 0.2477 (0.2899)  loss_fgl: 0.9864 (1.0040)  loss_vfl_aux_0: 0.5381 (0.5941)  loss_bbox_aux_0: 0.1715 (0.1898)  loss_giou_aux_0: 0.2764 (0.3237)  loss_fgl_aux_0: 1.0830 (1.0841)  loss_ddf_aux_0: 0.0766 (0.0831)  loss_vfl_aux_1: 0.5103 (0.5313)  loss_bbox_aux_1: 0.1645 (0.1674)  loss_giou_aux_1: 0.2489 (0.2968)  loss_fgl_aux_1: 1.0152 (1.0170)  loss_ddf_aux_1: 0.0098 (0.0107)  loss_vfl_aux_2: 0.4614 (0.5005)  loss_bbox_aux_2: 0.1493 (0.1606)  loss_giou_aux_2: 0.2464 (0.2895)  loss_fgl_aux_2: 0.9898 (1.0047)  loss_ddf_aux_2: 0.0010 (0.0012)  loss_vfl_aux_3: 0.4382 (0.4770)  loss_bbox_aux_3: 0.1515 (0.1605)  loss_giou_aux_3: 0.2478 (0.2900)  loss_fgl_aux_3: 0.9859 (1.0038)  loss_ddf_aux_3: 0.0000 (0.0001)  loss_vfl_aux_4: 0.4285 (0.4718)  loss_bbox_aux_4: 0.1515 (0.1606)  loss_giou_aux_4: 0.2478 (0.2899)  loss_fgl_aux_4: 0.9862 (1.0039)  loss_ddf_aux_4: 0.0001 (0.0000)  loss_vfl_pre: 0.5371 (0.5930)  loss_bbox_pre: 0.1730 (0.1920)  loss_giou_pre: 0.2737 (0.3243)  loss_vfl_enc_0: 0.6523 (0.6519)  loss_bbox_enc_0: 0.2803 (0.2896)  loss_giou_enc_0: 0.3938 (0.4334)  loss_vfl_dn_0: 0.4419 (0.4466)  loss_bbox_dn_0: 0.2538 (0.2435)  loss_giou_dn_0: 0.3485 (0.3694)  loss_fgl_dn_0: 1.1641 (1.1561)  loss_ddf_dn_0: 0.4294 (0.4051)  loss_vfl_dn_1: 0.3293 (0.3421)  loss_bbox_dn_1: 0.1522 (0.1590)  loss_giou_dn_1: 0.2273 (0.2557)  loss_fgl_dn_1: 0.9800 (0.9837)  loss_ddf_dn_1: 0.0744 (0.0701)  loss_vfl_dn_2: 0.3232 (0.3255)  loss_bbox_dn_2: 0.1480 (0.1460)  loss_giou_dn_2: 0.2190 (0.2427)  loss_fgl_dn_2: 0.9602 (0.9634)  loss_ddf_dn_2: 0.0079 (0.0084)  loss_vfl_dn_3: 0.3174 (0.3187)  loss_bbox_dn_3: 0.1448 (0.1443)  loss_giou_dn_3: 0.2161 (0.2413)  loss_fgl_dn_3: 0.9607 (0.9635)  loss_ddf_dn_3: 0.0004 (0.0005)  loss_vfl_dn_4: 0.3240 (0.3178)  loss_bbox_dn_4: 0.1449 (0.1442)  loss_giou_dn_4: 0.2163 (0.2412)  loss_fgl_dn_4: 0.9613 (0.9637)  loss_ddf_dn_4: 0.0000 (0.0000)  loss_vfl_dn_5: 0.3228 (0.3192)  loss_bbox_dn_5: 0.1450 (0.1442)  loss_giou_dn_5: 0.2163 (0.2412)  loss_fgl_dn_5: 0.9614 (0.9637)  loss_ddf_dn_5: 0.0000 (0.0000)  loss_vfl_dn_pre: 0.4438 (0.4465)  loss_bbox_dn_pre: 0.2624 (0.2572)  loss_giou_dn_pre: 0.3480 (0.3723)  time: 1.6885  data: 0.0033  max mem: 6437
Epoch: [8/15]  [200/392]  eta: 0:07:30  lr: 0.000013  loss: 24.6684 (27.1546)  loss_vfl: 0.4216 (0.5002)  loss_bbox: 0.1016 (0.1608)  loss_giou: 0.2641 (0.2953)  loss_fgl: 1.0070 (1.0043)  loss_vfl_aux_0: 0.4771 (0.6103)  loss_bbox_aux_0: 0.1330 (0.1939)  loss_giou_aux_0: 0.2882 (0.3314)  loss_fgl_aux_0: 1.0517 (1.0848)  loss_ddf_aux_0: 0.0765 (0.0911)  loss_vfl_aux_1: 0.4241 (0.5488)  loss_bbox_aux_1: 0.0978 (0.1680)  loss_giou_aux_1: 0.2610 (0.3018)  loss_fgl_aux_1: 1.0018 (1.0165)  loss_ddf_aux_1: 0.0120 (0.0128)  loss_vfl_aux_2: 0.4241 (0.5210)  loss_bbox_aux_2: 0.0993 (0.1610)  loss_giou_aux_2: 0.2644 (0.2955)  loss_fgl_aux_2: 0.9992 (1.0046)  loss_ddf_aux_2: 0.0011 (0.0013)  loss_vfl_aux_3: 0.4270 (0.4977)  loss_bbox_aux_3: 0.1016 (0.1608)  loss_giou_aux_3: 0.2638 (0.2953)  loss_fgl_aux_3: 1.0066 (1.0041)  loss_ddf_aux_3: 0.0001 (0.0001)  loss_vfl_aux_4: 0.4036 (0.4960)  loss_bbox_aux_4: 0.1016 (0.1608)  loss_giou_aux_4: 0.2640 (0.2953)  loss_fgl_aux_4: 1.0069 (1.0042)  loss_ddf_aux_4: 0.0000 (0.0000)  loss_vfl_pre: 0.4861 (0.6078)  loss_bbox_pre: 0.1311 (0.1989)  loss_giou_pre: 0.2925 (0.3323)  loss_vfl_enc_0: 0.5742 (0.6623)  loss_bbox_enc_0: 0.2495 (0.3022)  loss_giou_enc_0: 0.4187 (0.4408)  loss_vfl_dn_0: 0.4351 (0.4498)  loss_bbox_dn_0: 0.1811 (0.2493)  loss_giou_dn_0: 0.3437 (0.3810)  loss_fgl_dn_0: 1.1456 (1.1588)  loss_ddf_dn_0: 0.4042 (0.4382)  loss_vfl_dn_1: 0.3162 (0.3472)  loss_bbox_dn_1: 0.1109 (0.1641)  loss_giou_dn_1: 0.2230 (0.2658)  loss_fgl_dn_1: 0.9645 (0.9880)  loss_ddf_dn_1: 0.0634 (0.0761)  loss_vfl_dn_2: 0.2874 (0.3293)  loss_bbox_dn_2: 0.1062 (0.1513)  loss_giou_dn_2: 0.2075 (0.2517)  loss_fgl_dn_2: 0.9437 (0.9669)  loss_ddf_dn_2: 0.0067 (0.0088)  loss_vfl_dn_3: 0.2871 (0.3234)  loss_bbox_dn_3: 0.1054 (0.1497)  loss_giou_dn_3: 0.2055 (0.2504)  loss_fgl_dn_3: 0.9439 (0.9667)  loss_ddf_dn_3: 0.0002 (0.0005)  loss_vfl_dn_4: 0.2837 (0.3224)  loss_bbox_dn_4: 0.1054 (0.1495)  loss_giou_dn_4: 0.2052 (0.2503)  loss_fgl_dn_4: 0.9441 (0.9668)  loss_ddf_dn_4: 0.0000 (0.0000)  loss_vfl_dn_5: 0.2842 (0.3242)  loss_bbox_dn_5: 0.1055 (0.1495)  loss_giou_dn_5: 0.2052 (0.2503)  loss_fgl_dn_5: 0.9442 (0.9669)  loss_ddf_dn_5: 0.0000 (0.0000)  loss_vfl_dn_pre: 0.4331 (0.4492)  loss_bbox_dn_pre: 0.1969 (0.2630)  loss_giou_dn_pre: 0.3491 (0.3838)  time: 1.6765  data: 0.0028  max mem: 6437
Epoch: [8/15]  [300/392]  eta: 0:03:15  lr: 0.000013  loss: 25.3017 (27.1028)  loss_vfl: 0.4324 (0.4974)  loss_bbox: 0.1233 (0.1589)  loss_giou: 0.2863 (0.3021)  loss_fgl: 0.9583 (1.0046)  loss_vfl_aux_0: 0.5259 (0.6055)  loss_bbox_aux_0: 0.1592 (0.1898)  loss_giou_aux_0: 0.3127 (0.3373)  loss_fgl_aux_0: 1.0323 (1.0837)  loss_ddf_aux_0: 0.0760 (0.0884)  loss_vfl_aux_1: 0.4998 (0.5474)  loss_bbox_aux_1: 0.1226 (0.1654)  loss_giou_aux_1: 0.2866 (0.3083)  loss_fgl_aux_1: 0.9591 (1.0160)  loss_ddf_aux_1: 0.0098 (0.0127)  loss_vfl_aux_2: 0.4626 (0.5175)  loss_bbox_aux_2: 0.1215 (0.1591)  loss_giou_aux_2: 0.2868 (0.3021)  loss_fgl_aux_2: 0.9548 (1.0050)  loss_ddf_aux_2: 0.0008 (0.0012)  loss_vfl_aux_3: 0.4241 (0.4922)  loss_bbox_aux_3: 0.1231 (0.1589)  loss_giou_aux_3: 0.2854 (0.3021)  loss_fgl_aux_3: 0.9577 (1.0045)  loss_ddf_aux_3: -0.0000 (0.0001)  loss_vfl_aux_4: 0.4202 (0.4904)  loss_bbox_aux_4: 0.1232 (0.1589)  loss_giou_aux_4: 0.2861 (0.3021)  loss_fgl_aux_4: 0.9581 (1.0046)  loss_ddf_aux_4: 0.0000 (0.0000)  loss_vfl_pre: 0.5166 (0.6016)  loss_bbox_pre: 0.1560 (0.1931)  loss_giou_pre: 0.3137 (0.3373)  loss_vfl_enc_0: 0.5723 (0.6530)  loss_bbox_enc_0: 0.2264 (0.2963)  loss_giou_enc_0: 0.3842 (0.4430)  loss_vfl_dn_0: 0.4297 (0.4487)  loss_bbox_dn_0: 0.1729 (0.2448)  loss_giou_dn_0: 0.3609 (0.3827)  loss_fgl_dn_0: 1.1304 (1.1548)  loss_ddf_dn_0: 0.3494 (0.4214)  loss_vfl_dn_1: 0.3232 (0.3466)  loss_bbox_dn_1: 0.1135 (0.1616)  loss_giou_dn_1: 0.2279 (0.2680)  loss_fgl_dn_1: 0.9275 (0.9866)  loss_ddf_dn_1: 0.0468 (0.0718)  loss_vfl_dn_2: 0.2898 (0.3292)  loss_bbox_dn_2: 0.0980 (0.1495)  loss_giou_dn_2: 0.1949 (0.2544)  loss_fgl_dn_2: 0.8928 (0.9666)  loss_ddf_dn_2: 0.0062 (0.0086)  loss_vfl_dn_3: 0.2788 (0.3238)  loss_bbox_dn_3: 0.0980 (0.1480)  loss_giou_dn_3: 0.1925 (0.2531)  loss_fgl_dn_3: 0.8929 (0.9665)  loss_ddf_dn_3: 0.0003 (0.0004)  loss_vfl_dn_4: 0.2781 (0.3231)  loss_bbox_dn_4: 0.0981 (0.1478)  loss_giou_dn_4: 0.1916 (0.2529)  loss_fgl_dn_4: 0.8929 (0.9667)  loss_ddf_dn_4: 0.0000 (0.0000)  loss_vfl_dn_5: 0.2773 (0.3248)  loss_bbox_dn_5: 0.0981 (0.1478)  loss_giou_dn_5: 0.1917 (0.2529)  loss_fgl_dn_5: 0.8932 (0.9667)  loss_ddf_dn_5: 0.0000 (0.0000)  loss_vfl_dn_pre: 0.4304 (0.4480)  loss_bbox_dn_pre: 0.2135 (0.2590)  loss_giou_dn_pre: 0.3629 (0.3856)  time: 1.6712  data: 0.0023  max mem: 6437
Epoch: [8/15]  [391/392]  eta: 0:00:02  lr: 0.000013  loss: 26.3037 (27.1544)  loss_vfl: 0.4280 (0.4961)  loss_bbox: 0.1233 (0.1625)  loss_giou: 0.3172 (0.3048)  loss_fgl: 0.9987 (1.0030)  loss_vfl_aux_0: 0.4932 (0.6030)  loss_bbox_aux_0: 0.1440 (0.1939)  loss_giou_aux_0: 0.3470 (0.3400)  loss_fgl_aux_0: 1.0936 (1.0825)  loss_ddf_aux_0: 0.0622 (0.0895)  loss_vfl_aux_1: 0.4683 (0.5416)  loss_bbox_aux_1: 0.1195 (0.1687)  loss_giou_aux_1: 0.3287 (0.3111)  loss_fgl_aux_1: 1.0146 (1.0151)  loss_ddf_aux_1: 0.0095 (0.0127)  loss_vfl_aux_2: 0.4131 (0.5151)  loss_bbox_aux_2: 0.1235 (0.1627)  loss_giou_aux_2: 0.3191 (0.3050)  loss_fgl_aux_2: 0.9980 (1.0034)  loss_ddf_aux_2: 0.0008 (0.0011)  loss_vfl_aux_3: 0.4346 (0.4894)  loss_bbox_aux_3: 0.1232 (0.1624)  loss_giou_aux_3: 0.3175 (0.3048)  loss_fgl_aux_3: 0.9984 (1.0029)  loss_ddf_aux_3: 0.0000 (0.0001)  loss_vfl_aux_4: 0.4314 (0.4879)  loss_bbox_aux_4: 0.1233 (0.1625)  loss_giou_aux_4: 0.3173 (0.3048)  loss_fgl_aux_4: 0.9986 (1.0030)  loss_ddf_aux_4: -0.0000 (0.0000)  loss_vfl_pre: 0.4922 (0.5985)  loss_bbox_pre: 0.1424 (0.1974)  loss_giou_pre: 0.3473 (0.3400)  loss_vfl_enc_0: 0.6567 (0.6498)  loss_bbox_enc_0: 0.2080 (0.3052)  loss_giou_enc_0: 0.4429 (0.4462)  loss_vfl_dn_0: 0.4421 (0.4492)  loss_bbox_dn_0: 0.1790 (0.2485)  loss_giou_dn_0: 0.3890 (0.3835)  loss_fgl_dn_0: 1.1402 (1.1543)  loss_ddf_dn_0: 0.3504 (0.4182)  loss_vfl_dn_1: 0.3413 (0.3478)  loss_bbox_dn_1: 0.1049 (0.1640)  loss_giou_dn_1: 0.2733 (0.2692)  loss_fgl_dn_1: 0.9970 (0.9860)  loss_ddf_dn_1: 0.0515 (0.0700)  loss_vfl_dn_2: 0.3167 (0.3302)  loss_bbox_dn_2: 0.0939 (0.1521)  loss_giou_dn_2: 0.2593 (0.2554)  loss_fgl_dn_2: 0.9676 (0.9652)  loss_ddf_dn_2: 0.0062 (0.0086)  loss_vfl_dn_3: 0.3108 (0.3254)  loss_bbox_dn_3: 0.0951 (0.1506)  loss_giou_dn_3: 0.2543 (0.2541)  loss_fgl_dn_3: 0.9657 (0.9651)  loss_ddf_dn_3: 0.0002 (0.0004)  loss_vfl_dn_4: 0.3125 (0.3252)  loss_bbox_dn_4: 0.0950 (0.1503)  loss_giou_dn_4: 0.2534 (0.2539)  loss_fgl_dn_4: 0.9659 (0.9653)  loss_ddf_dn_4: 0.0000 (0.0000)  loss_vfl_dn_5: 0.3103 (0.3275)  loss_bbox_dn_5: 0.0950 (0.1503)  loss_giou_dn_5: 0.2534 (0.2539)  loss_fgl_dn_5: 0.9659 (0.9653)  loss_ddf_dn_5: 0.0000 (0.0000)  loss_vfl_dn_pre: 0.4402 (0.4487)  loss_bbox_dn_pre: 0.2042 (0.2630)  loss_giou_dn_pre: 0.3832 (0.3865)  time: 1.6799  data: 0.0117  max mem: 6437
Epoch: [8/15] Total time: 0:13:12 (2.0229 s / it)
Averaged stats: lr: 0.000013  loss: 26.3037 (27.1544)  loss_vfl: 0.4280 (0.4961)  loss_bbox: 0.1233 (0.1625)  loss_giou: 0.3172 (0.3048)  loss_fgl: 0.9987 (1.0030)  loss_vfl_aux_0: 0.4932 (0.6030)  loss_bbox_aux_0: 0.1440 (0.1939)  loss_giou_aux_0: 0.3470 (0.3400)  loss_fgl_aux_0: 1.0936 (1.0825)  loss_ddf_aux_0: 0.0622 (0.0895)  loss_vfl_aux_1: 0.4683 (0.5416)  loss_bbox_aux_1: 0.1195 (0.1687)  loss_giou_aux_1: 0.3287 (0.3111)  loss_fgl_aux_1: 1.0146 (1.0151)  loss_ddf_aux_1: 0.0095 (0.0127)  loss_vfl_aux_2: 0.4131 (0.5151)  loss_bbox_aux_2: 0.1235 (0.1627)  loss_giou_aux_2: 0.3191 (0.3050)  loss_fgl_aux_2: 0.9980 (1.0034)  loss_ddf_aux_2: 0.0008 (0.0011)  loss_vfl_aux_3: 0.4346 (0.4894)  loss_bbox_aux_3: 0.1232 (0.1624)  loss_giou_aux_3: 0.3175 (0.3048)  loss_fgl_aux_3: 0.9984 (1.0029)  loss_ddf_aux_3: 0.0000 (0.0001)  loss_vfl_aux_4: 0.4314 (0.4879)  loss_bbox_aux_4: 0.1233 (0.1625)  loss_giou_aux_4: 0.3173 (0.3048)  loss_fgl_aux_4: 0.9986 (1.0030)  loss_ddf_aux_4: -0.0000 (0.0000)  loss_vfl_pre: 0.4922 (0.5985)  loss_bbox_pre: 0.1424 (0.1974)  loss_giou_pre: 0.3473 (0.3400)  loss_vfl_enc_0: 0.6567 (0.6498)  loss_bbox_enc_0: 0.2080 (0.3052)  loss_giou_enc_0: 0.4429 (0.4462)  loss_vfl_dn_0: 0.4421 (0.4492)  loss_bbox_dn_0: 0.1790 (0.2485)  loss_giou_dn_0: 0.3890 (0.3835)  loss_fgl_dn_0: 1.1402 (1.1543)  loss_ddf_dn_0: 0.3504 (0.4182)  loss_vfl_dn_1: 0.3413 (0.3478)  loss_bbox_dn_1: 0.1049 (0.1640)  loss_giou_dn_1: 0.2733 (0.2692)  loss_fgl_dn_1: 0.9970 (0.9860)  loss_ddf_dn_1: 0.0515 (0.0700)  loss_vfl_dn_2: 0.3167 (0.3302)  loss_bbox_dn_2: 0.0939 (0.1521)  loss_giou_dn_2: 0.2593 (0.2554)  loss_fgl_dn_2: 0.9676 (0.9652)  loss_ddf_dn_2: 0.0062 (0.0086)  loss_vfl_dn_3: 0.3108 (0.3254)  loss_bbox_dn_3: 0.0951 (0.1506)  loss_giou_dn_3: 0.2543 (0.2541)  loss_fgl_dn_3: 0.9657 (0.9651)  loss_ddf_dn_3: 0.0002 (0.0004)  loss_vfl_dn_4: 0.3125 (0.3252)  loss_bbox_dn_4: 0.0950 (0.1503)  loss_giou_dn_4: 0.2534 (0.2539)  loss_fgl_dn_4: 0.9659 (0.9653)  loss_ddf_dn_4: 0.0000 (0.0000)  loss_vfl_dn_5: 0.3103 (0.3275)  loss_bbox_dn_5: 0.0950 (0.1503)  loss_giou_dn_5: 0.2534 (0.2539)  loss_fgl_dn_5: 0.9659 (0.9653)  loss_ddf_dn_5: 0.0000 (0.0000)  loss_vfl_dn_pre: 0.4402 (0.4487)  loss_bbox_dn_pre: 0.2042 (0.2630)  loss_giou_dn_pre: 0.3832 (0.3865)
Test:  [ 0/49]  eta: 1:47:31    time: 131.6562  data: 131.2943  max mem: 6437
Test:  [10/49]  eta: 0:07:56    time: 12.2221  data: 11.9385  max mem: 6437
Test:  [20/49]  eta: 0:03:09    time: 0.2834  data: 0.0028  max mem: 6437
Test:  [30/49]  eta: 0:01:26    time: 0.3101  data: 0.0028  max mem: 6437
Test:  [40/49]  eta: 0:00:31    time: 0.2985  data: 0.0029  max mem: 6437
Test:  [48/49]  eta: 0:00:02    time: 0.2841  data: 0.0026  max mem: 6437
Test: Total time: 0:02:27 (3.0079 s / it)
Metrics: {'f1': 0.8860759493670887, 'precision': 0.8690744920993227, 'recall': 0.903755868544601, 'iou': 0.703921371008739, 'TPs': 385, 'FPs': 58, 'FNs': 41}
Averaged stats: 
Accumulating evaluation results...
COCOeval_opt.accumulate() finished...
DONE (t=0.09s).
IoU metric: bbox
 Average Precision  (AP) @[ IoU=0.50:0.95 | area=   all | maxDets=100 ] = 0.589
 Average Precision  (AP) @[ IoU=0.50      | area=   all | maxDets=100 ] = 0.857
 Average Precision  (AP) @[ IoU=0.75      | area=   all | maxDets=100 ] = 0.687
 Average Precision  (AP) @[ IoU=0.50:0.95 | area= small | maxDets=100 ] = 0.342
 Average Precision  (AP) @[ IoU=0.50:0.95 | area=medium | maxDets=100 ] = 0.604
 Average Precision  (AP) @[ IoU=0.50:0.95 | area= large | maxDets=100 ] = 0.572
 Average Recall     (AR) @[ IoU=0.50:0.95 | area=   all | maxDets=  1 ] = 0.514
 Average Recall     (AR) @[ IoU=0.50:0.95 | area=   all | maxDets= 10 ] = 0.690
 Average Recall     (AR) @[ IoU=0.50:0.95 | area=   all | maxDets=100 ] = 0.778
 Average Recall     (AR) @[ IoU=0.50:0.95 | area= small | maxDets=100 ] = 0.567
 Average Recall     (AR) @[ IoU=0.50:0.95 | area=medium | maxDets=100 ] = 0.750
 Average Recall     (AR) @[ IoU=0.50:0.95 | area= large | maxDets=100 ] = 0.766
 Average Recall     (AR) @[ IoU=0.50      | area=   all | maxDets=100 ] = 0.994
 Average Recall     (AR) @[ IoU=0.75      | area=   all | maxDets=100 ] = 0.891
best_map50: epoch=8, AP50=0.857390
best_stat: {'epoch': 7, 'coco_eval_bbox': 0.5924286727272955}
Epoch: [9/15]  [  0/392]  eta: 14:04:08  lr: 0.000013  loss: 24.2150 (24.2150)  loss_vfl: 0.3369 (0.3369)  loss_bbox: 0.1860 (0.1860)  loss_giou: 0.2960 (0.2960)  loss_fgl: 0.9718 (0.9718)  loss_vfl_aux_0: 0.4788 (0.4788)  loss_bbox_aux_0: 0.2265 (0.2265)  loss_giou_aux_0: 0.3298 (0.3298)  loss_fgl_aux_0: 1.0531 (1.0531)  loss_ddf_aux_0: 0.0625 (0.0625)  loss_vfl_aux_1: 0.3787 (0.3787)  loss_bbox_aux_1: 0.1901 (0.1901)  loss_giou_aux_1: 0.2930 (0.2930)  loss_fgl_aux_1: 0.9802 (0.9802)  loss_ddf_aux_1: 0.0087 (0.0087)  loss_vfl_aux_2: 0.3467 (0.3467)  loss_bbox_aux_2: 0.1831 (0.1831)  loss_giou_aux_2: 0.2933 (0.2933)  loss_fgl_aux_2: 0.9682 (0.9682)  loss_ddf_aux_2: 0.0006 (0.0006)  loss_vfl_aux_3: 0.3176 (0.3176)  loss_bbox_aux_3: 0.1857 (0.1857)  loss_giou_aux_3: 0.2958 (0.2958)  loss_fgl_aux_3: 0.9723 (0.9723)  loss_ddf_aux_3: 0.0001 (0.0001)  loss_vfl_aux_4: 0.3311 (0.3311)  loss_bbox_aux_4: 0.1859 (0.1859)  loss_giou_aux_4: 0.2959 (0.2959)  loss_fgl_aux_4: 0.9720 (0.9720)  loss_ddf_aux_4: 0.0001 (0.0001)  loss_vfl_pre: 0.4709 (0.4709)  loss_bbox_pre: 0.2083 (0.2083)  loss_giou_pre: 0.3313 (0.3313)  loss_vfl_enc_0: 0.6128 (0.6128)  loss_bbox_enc_0: 0.3616 (0.3616)  loss_giou_enc_0: 0.4199 (0.4199)  loss_vfl_dn_0: 0.4180 (0.4180)  loss_bbox_dn_0: 0.2417 (0.2417)  loss_giou_dn_0: 0.2699 (0.2699)  loss_fgl_dn_0: 1.0692 (1.0692)  loss_ddf_dn_0: 0.3402 (0.3402)  loss_vfl_dn_1: 0.2883 (0.2883)  loss_bbox_dn_1: 0.1738 (0.1738)  loss_giou_dn_1: 0.1859 (0.1859)  loss_fgl_dn_1: 0.8873 (0.8873)  loss_ddf_dn_1: 0.0476 (0.0476)  loss_vfl_dn_2: 0.2671 (0.2671)  loss_bbox_dn_2: 0.1619 (0.1619)  loss_giou_dn_2: 0.1758 (0.1758)  loss_fgl_dn_2: 0.8551 (0.8551)  loss_ddf_dn_2: 0.0050 (0.0050)  loss_vfl_dn_3: 0.2620 (0.2620)  loss_bbox_dn_3: 0.1586 (0.1586)  loss_giou_dn_3: 0.1734 (0.1734)  loss_fgl_dn_3: 0.8580 (0.8580)  loss_ddf_dn_3: 0.0002 (0.0002)  loss_vfl_dn_4: 0.2585 (0.2585)  loss_bbox_dn_4: 0.1582 (0.1582)  loss_giou_dn_4: 0.1731 (0.1731)  loss_fgl_dn_4: 0.8580 (0.8580)  loss_ddf_dn_4: 0.0000 (0.0000)  loss_vfl_dn_5: 0.2595 (0.2595)  loss_bbox_dn_5: 0.1582 (0.1582)  loss_giou_dn_5: 0.1731 (0.1731)  loss_fgl_dn_5: 0.8581 (0.8581)  loss_ddf_dn_5: 0.0000 (0.0000)  loss_vfl_dn_pre: 0.4163 (0.4163)  loss_bbox_dn_pre: 0.2447 (0.2447)  loss_giou_dn_pre: 0.2730 (0.2730)  time: 129.2062  data: 127.2010  max mem: 6437
Epoch: [9/15]  [100/392]  eta: 0:14:26  lr: 0.000013  loss: 26.1593 (26.9013)  loss_vfl: 0.4248 (0.4874)  loss_bbox: 0.1160 (0.1593)  loss_giou: 0.2694 (0.2971)  loss_fgl: 0.9787 (0.9921)  loss_vfl_aux_0: 0.5195 (0.6077)  loss_bbox_aux_0: 0.1409 (0.1964)  loss_giou_aux_0: 0.3092 (0.3355)  loss_fgl_aux_0: 1.0681 (1.0748)  loss_ddf_aux_0: 0.0800 (0.0860)  loss_vfl_aux_1: 0.5073 (0.5399)  loss_bbox_aux_1: 0.1135 (0.1666)  loss_giou_aux_1: 0.2721 (0.3037)  loss_fgl_aux_1: 1.0094 (1.0043)  loss_ddf_aux_1: 0.0119 (0.0136)  loss_vfl_aux_2: 0.4839 (0.5145)  loss_bbox_aux_2: 0.1154 (0.1603)  loss_giou_aux_2: 0.2719 (0.2983)  loss_fgl_aux_2: 0.9775 (0.9925)  loss_ddf_aux_2: 0.0008 (0.0010)  loss_vfl_aux_3: 0.4248 (0.4876)  loss_bbox_aux_3: 0.1161 (0.1593)  loss_giou_aux_3: 0.2692 (0.2971)  loss_fgl_aux_3: 0.9775 (0.9921)  loss_ddf_aux_3: 0.0000 (0.0001)  loss_vfl_aux_4: 0.4246 (0.4831)  loss_bbox_aux_4: 0.1160 (0.1593)  loss_giou_aux_4: 0.2694 (0.2971)  loss_fgl_aux_4: 0.9784 (0.9921)  loss_ddf_aux_4: 0.0000 (0.0000)  loss_vfl_pre: 0.5156 (0.6029)  loss_bbox_pre: 0.1399 (0.1984)  loss_giou_pre: 0.3148 (0.3357)  loss_vfl_enc_0: 0.5942 (0.6761)  loss_bbox_enc_0: 0.2757 (0.3225)  loss_giou_enc_0: 0.3989 (0.4401)  loss_vfl_dn_0: 0.4475 (0.4448)  loss_bbox_dn_0: 0.1782 (0.2442)  loss_giou_dn_0: 0.3754 (0.3776)  loss_fgl_dn_0: 1.1368 (1.1509)  loss_ddf_dn_0: 0.4443 (0.4332)  loss_vfl_dn_1: 0.3469 (0.3419)  loss_bbox_dn_1: 0.1133 (0.1572)  loss_giou_dn_1: 0.2597 (0.2645)  loss_fgl_dn_1: 0.9707 (0.9761)  loss_ddf_dn_1: 0.0599 (0.0655)  loss_vfl_dn_2: 0.3247 (0.3244)  loss_bbox_dn_2: 0.1058 (0.1468)  loss_giou_dn_2: 0.2502 (0.2514)  loss_fgl_dn_2: 0.9463 (0.9553)  loss_ddf_dn_2: 0.0054 (0.0078)  loss_vfl_dn_3: 0.3184 (0.3189)  loss_bbox_dn_3: 0.1049 (0.1439)  loss_giou_dn_3: 0.2508 (0.2495)  loss_fgl_dn_3: 0.9436 (0.9548)  loss_ddf_dn_3: 0.0002 (0.0003)  loss_vfl_dn_4: 0.3228 (0.3179)  loss_bbox_dn_4: 0.1050 (0.1437)  loss_giou_dn_4: 0.2509 (0.2493)  loss_fgl_dn_4: 0.9436 (0.9549)  loss_ddf_dn_4: 0.0000 (0.0000)  loss_vfl_dn_5: 0.3235 (0.3195)  loss_bbox_dn_5: 0.1050 (0.1437)  loss_giou_dn_5: 0.2509 (0.2493)  loss_fgl_dn_5: 0.9436 (0.9549)  loss_ddf_dn_5: 0.0000 (0.0000)  loss_vfl_dn_pre: 0.4482 (0.4443)  loss_bbox_dn_pre: 0.2087 (0.2594)  loss_giou_dn_pre: 0.3784 (0.3809)  time: 1.6603  data: 0.0034  max mem: 6437
Epoch: [9/15]  [200/392]  eta: 0:07:25  lr: 0.000013  loss: 27.3099 (26.8450)  loss_vfl: 0.4050 (0.4784)  loss_bbox: 0.1270 (0.1616)  loss_giou: 0.2925 (0.2948)  loss_fgl: 1.0245 (0.9910)  loss_vfl_aux_0: 0.5278 (0.5884)  loss_bbox_aux_0: 0.1417 (0.1943)  loss_giou_aux_0: 0.3083 (0.3300)  loss_fgl_aux_0: 1.0900 (1.0654)  loss_ddf_aux_0: 0.0895 (0.0929)  loss_vfl_aux_1: 0.4985 (0.5333)  loss_bbox_aux_1: 0.1425 (0.1675)  loss_giou_aux_1: 0.2880 (0.3009)  loss_fgl_aux_1: 1.0297 (1.0022)  loss_ddf_aux_1: 0.0147 (0.0148)  loss_vfl_aux_2: 0.4639 (0.5028)  loss_bbox_aux_2: 0.1249 (0.1623)  loss_giou_aux_2: 0.2858 (0.2953)  loss_fgl_aux_2: 1.0215 (0.9911)  loss_ddf_aux_2: 0.0010 (0.0011)  loss_vfl_aux_3: 0.4114 (0.4812)  loss_bbox_aux_3: 0.1270 (0.1616)  loss_giou_aux_3: 0.2925 (0.2947)  loss_fgl_aux_3: 1.0245 (0.9910)  loss_ddf_aux_3: 0.0001 (0.0000)  loss_vfl_aux_4: 0.4019 (0.4752)  loss_bbox_aux_4: 0.1270 (0.1616)  loss_giou_aux_4: 0.2925 (0.2948)  loss_fgl_aux_4: 1.0243 (0.9910)  loss_ddf_aux_4: 0.0000 (0.0000)  loss_vfl_pre: 0.5283 (0.5848)  loss_bbox_pre: 0.1426 (0.1962)  loss_giou_pre: 0.3072 (0.3305)  loss_vfl_enc_0: 0.5884 (0.6546)  loss_bbox_enc_0: 0.2383 (0.3129)  loss_giou_enc_0: 0.4413 (0.4397)  loss_vfl_dn_0: 0.4460 (0.4424)  loss_bbox_dn_0: 0.1921 (0.2520)  loss_giou_dn_0: 0.3727 (0.3749)  loss_fgl_dn_0: 1.1533 (1.1532)  loss_ddf_dn_0: 0.4605 (0.4862)  loss_vfl_dn_1: 0.3464 (0.3388)  loss_bbox_dn_1: 0.1156 (0.1660)  loss_giou_dn_1: 0.2593 (0.2627)  loss_fgl_dn_1: 1.0171 (0.9755)  loss_ddf_dn_1: 0.0768 (0.0743)  loss_vfl_dn_2: 0.3328 (0.3215)  loss_bbox_dn_2: 0.1185 (0.1545)  loss_giou_dn_2: 0.2469 (0.2491)  loss_fgl_dn_2: 1.0015 (0.9541)  loss_ddf_dn_2: 0.0103 (0.0094)  loss_vfl_dn_3: 0.3293 (0.3163)  loss_bbox_dn_3: 0.1255 (0.1520)  loss_giou_dn_3: 0.2443 (0.2474)  loss_fgl_dn_3: 1.0024 (0.9539)  loss_ddf_dn_3: 0.0003 (0.0003)  loss_vfl_dn_4: 0.3228 (0.3158)  loss_bbox_dn_4: 0.1271 (0.1517)  loss_giou_dn_4: 0.2443 (0.2472)  loss_fgl_dn_4: 1.0034 (0.9540)  loss_ddf_dn_4: 0.0000 (0.0000)  loss_vfl_dn_5: 0.3208 (0.3170)  loss_bbox_dn_5: 0.1272 (0.1517)  loss_giou_dn_5: 0.2443 (0.2472)  loss_fgl_dn_5: 1.0034 (0.9541)  loss_ddf_dn_5: 0.0000 (0.0000)  loss_vfl_dn_pre: 0.4458 (0.4425)  loss_bbox_dn_pre: 0.1991 (0.2645)  loss_giou_dn_pre: 0.3669 (0.3770)  time: 1.6740  data: 0.0026  max mem: 6437
Epoch: [9/15]  [300/392]  eta: 0:03:15  lr: 0.000013  loss: 27.4841 (27.0559)  loss_vfl: 0.4255 (0.4817)  loss_bbox: 0.1949 (0.1653)  loss_giou: 0.2891 (0.3018)  loss_fgl: 0.9904 (0.9985)  loss_vfl_aux_0: 0.5225 (0.5823)  loss_bbox_aux_0: 0.2296 (0.1958)  loss_giou_aux_0: 0.3496 (0.3359)  loss_fgl_aux_0: 1.0564 (1.0716)  loss_ddf_aux_0: 0.1007 (0.0939)  loss_vfl_aux_1: 0.4504 (0.5276)  loss_bbox_aux_1: 0.1852 (0.1700)  loss_giou_aux_1: 0.3055 (0.3076)  loss_fgl_aux_1: 1.0229 (1.0098)  loss_ddf_aux_1: 0.0133 (0.0150)  loss_vfl_aux_2: 0.4412 (0.5013)  loss_bbox_aux_2: 0.1904 (0.1658)  loss_giou_aux_2: 0.2917 (0.3024)  loss_fgl_aux_2: 0.9899 (0.9986)  loss_ddf_aux_2: 0.0011 (0.0011)  loss_vfl_aux_3: 0.4792 (0.4850)  loss_bbox_aux_3: 0.1959 (0.1652)  loss_giou_aux_3: 0.2892 (0.3018)  loss_fgl_aux_3: 0.9894 (0.9985)  loss_ddf_aux_3: 0.0000 (0.0000)  loss_vfl_aux_4: 0.4368 (0.4789)  loss_bbox_aux_4: 0.1950 (0.1653)  loss_giou_aux_4: 0.2891 (0.3018)  loss_fgl_aux_4: 0.9903 (0.9985)  loss_ddf_aux_4: -0.0000 (0.0000)  loss_vfl_pre: 0.5142 (0.5798)  loss_bbox_pre: 0.2438 (0.1980)  loss_giou_pre: 0.3632 (0.3362)  loss_vfl_enc_0: 0.6670 (0.6540)  loss_bbox_enc_0: 0.3289 (0.3106)  loss_giou_enc_0: 0.4085 (0.4423)  loss_vfl_dn_0: 0.4617 (0.4449)  loss_bbox_dn_0: 0.2739 (0.2521)  loss_giou_dn_0: 0.3798 (0.3810)  loss_fgl_dn_0: 1.1627 (1.1562)  loss_ddf_dn_0: 0.4278 (0.4818)  loss_vfl_dn_1: 0.3552 (0.3427)  loss_bbox_dn_1: 0.1742 (0.1662)  loss_giou_dn_1: 0.2491 (0.2678)  loss_fgl_dn_1: 0.9746 (0.9841)  loss_ddf_dn_1: 0.0602 (0.0755)  loss_vfl_dn_2: 0.3333 (0.3251)  loss_bbox_dn_2: 0.1640 (0.1549)  loss_giou_dn_2: 0.2354 (0.2543)  loss_fgl_dn_2: 0.9521 (0.9630)  loss_ddf_dn_2: 0.0089 (0.0100)  loss_vfl_dn_3: 0.3232 (0.3198)  loss_bbox_dn_3: 0.1592 (0.1525)  loss_giou_dn_3: 0.2392 (0.2527)  loss_fgl_dn_3: 0.9460 (0.9624)  loss_ddf_dn_3: 0.0003 (0.0004)  loss_vfl_dn_4: 0.3223 (0.3192)  loss_bbox_dn_4: 0.1575 (0.1522)  loss_giou_dn_4: 0.2396 (0.2524)  loss_fgl_dn_4: 0.9462 (0.9626)  loss_ddf_dn_4: 0.0000 (0.0000)  loss_vfl_dn_5: 0.3232 (0.3204)  loss_bbox_dn_5: 0.1574 (0.1522)  loss_giou_dn_5: 0.2395 (0.2524)  loss_fgl_dn_5: 0.9463 (0.9626)  loss_ddf_dn_5: 0.0000 (0.0000)  loss_vfl_dn_pre: 0.4612 (0.4450)  loss_bbox_dn_pre: 0.3166 (0.2646)  loss_giou_dn_pre: 0.3842 (0.3830)  time: 1.6558  data: 0.0024  max mem: 6437
Epoch: [9/15]  [391/392]  eta: 0:00:02  lr: 0.000013  loss: 26.2600 (27.0059)  loss_vfl: 0.3835 (0.4813)  loss_bbox: 0.1396 (0.1641)  loss_giou: 0.2605 (0.2993)  loss_fgl: 1.0166 (0.9964)  loss_vfl_aux_0: 0.5093 (0.5804)  loss_bbox_aux_0: 0.1492 (0.1944)  loss_giou_aux_0: 0.2791 (0.3341)  loss_fgl_aux_0: 1.0758 (1.0734)  loss_ddf_aux_0: 0.0983 (0.0951)  loss_vfl_aux_1: 0.4570 (0.5249)  loss_bbox_aux_1: 0.1408 (0.1694)  loss_giou_aux_1: 0.2788 (0.3056)  loss_fgl_aux_1: 1.0222 (1.0081)  loss_ddf_aux_1: 0.0126 (0.0150)  loss_vfl_aux_2: 0.4146 (0.5000)  loss_bbox_aux_2: 0.1414 (0.1648)  loss_giou_aux_2: 0.2596 (0.2999)  loss_fgl_aux_2: 1.0156 (0.9965)  loss_ddf_aux_2: 0.0009 (0.0011)  loss_vfl_aux_3: 0.3926 (0.4825)  loss_bbox_aux_3: 0.1400 (0.1641)  loss_giou_aux_3: 0.2604 (0.2993)  loss_fgl_aux_3: 1.0163 (0.9963)  loss_ddf_aux_3: 0.0000 (0.0000)  loss_vfl_aux_4: 0.3948 (0.4777)  loss_bbox_aux_4: 0.1396 (0.1641)  loss_giou_aux_4: 0.2606 (0.2993)  loss_fgl_aux_4: 1.0165 (0.9964)  loss_ddf_aux_4: 0.0000 (0.0000)  loss_vfl_pre: 0.5098 (0.5781)  loss_bbox_pre: 0.1433 (0.1966)  loss_giou_pre: 0.2774 (0.3344)  loss_vfl_enc_0: 0.5562 (0.6459)  loss_bbox_enc_0: 0.2587 (0.3089)  loss_giou_enc_0: 0.4077 (0.4406)  loss_vfl_dn_0: 0.4482 (0.4462)  loss_bbox_dn_0: 0.2074 (0.2542)  loss_giou_dn_0: 0.3611 (0.3811)  loss_fgl_dn_0: 1.1480 (1.1560)  loss_ddf_dn_0: 0.4425 (0.4821)  loss_vfl_dn_1: 0.3440 (0.3436)  loss_bbox_dn_1: 0.1355 (0.1677)  loss_giou_dn_1: 0.2612 (0.2665)  loss_fgl_dn_1: 0.9713 (0.9836)  loss_ddf_dn_1: 0.0642 (0.0761)  loss_vfl_dn_2: 0.3152 (0.3257)  loss_bbox_dn_2: 0.1233 (0.1560)  loss_giou_dn_2: 0.2382 (0.2529)  loss_fgl_dn_2: 0.9600 (0.9620)  loss_ddf_dn_2: 0.0068 (0.0098)  loss_vfl_dn_3: 0.3176 (0.3203)  loss_bbox_dn_3: 0.1200 (0.1536)  loss_giou_dn_3: 0.2357 (0.2512)  loss_fgl_dn_3: 0.9604 (0.9614)  loss_ddf_dn_3: 0.0002 (0.0004)  loss_vfl_dn_4: 0.3147 (0.3196)  loss_bbox_dn_4: 0.1200 (0.1534)  loss_giou_dn_4: 0.2358 (0.2509)  loss_fgl_dn_4: 0.9608 (0.9616)  loss_ddf_dn_4: 0.0000 (0.0000)  loss_vfl_dn_5: 0.3171 (0.3207)  loss_bbox_dn_5: 0.1200 (0.1534)  loss_giou_dn_5: 0.2357 (0.2510)  loss_fgl_dn_5: 0.9608 (0.9616)  loss_ddf_dn_5: 0.0000 (0.0000)  loss_vfl_dn_pre: 0.4482 (0.4463)  loss_bbox_dn_pre: 0.2105 (0.2660)  loss_giou_dn_pre: 0.3670 (0.3828)  time: 2.0460  data: 0.0037  max mem: 6437
Epoch: [9/15] Total time: 0:13:20 (2.0410 s / it)
Averaged stats: lr: 0.000013  loss: 26.2600 (27.0059)  loss_vfl: 0.3835 (0.4813)  loss_bbox: 0.1396 (0.1641)  loss_giou: 0.2605 (0.2993)  loss_fgl: 1.0166 (0.9964)  loss_vfl_aux_0: 0.5093 (0.5804)  loss_bbox_aux_0: 0.1492 (0.1944)  loss_giou_aux_0: 0.2791 (0.3341)  loss_fgl_aux_0: 1.0758 (1.0734)  loss_ddf_aux_0: 0.0983 (0.0951)  loss_vfl_aux_1: 0.4570 (0.5249)  loss_bbox_aux_1: 0.1408 (0.1694)  loss_giou_aux_1: 0.2788 (0.3056)  loss_fgl_aux_1: 1.0222 (1.0081)  loss_ddf_aux_1: 0.0126 (0.0150)  loss_vfl_aux_2: 0.4146 (0.5000)  loss_bbox_aux_2: 0.1414 (0.1648)  loss_giou_aux_2: 0.2596 (0.2999)  loss_fgl_aux_2: 1.0156 (0.9965)  loss_ddf_aux_2: 0.0009 (0.0011)  loss_vfl_aux_3: 0.3926 (0.4825)  loss_bbox_aux_3: 0.1400 (0.1641)  loss_giou_aux_3: 0.2604 (0.2993)  loss_fgl_aux_3: 1.0163 (0.9963)  loss_ddf_aux_3: 0.0000 (0.0000)  loss_vfl_aux_4: 0.3948 (0.4777)  loss_bbox_aux_4: 0.1396 (0.1641)  loss_giou_aux_4: 0.2606 (0.2993)  loss_fgl_aux_4: 1.0165 (0.9964)  loss_ddf_aux_4: 0.0000 (0.0000)  loss_vfl_pre: 0.5098 (0.5781)  loss_bbox_pre: 0.1433 (0.1966)  loss_giou_pre: 0.2774 (0.3344)  loss_vfl_enc_0: 0.5562 (0.6459)  loss_bbox_enc_0: 0.2587 (0.3089)  loss_giou_enc_0: 0.4077 (0.4406)  loss_vfl_dn_0: 0.4482 (0.4462)  loss_bbox_dn_0: 0.2074 (0.2542)  loss_giou_dn_0: 0.3611 (0.3811)  loss_fgl_dn_0: 1.1480 (1.1560)  loss_ddf_dn_0: 0.4425 (0.4821)  loss_vfl_dn_1: 0.3440 (0.3436)  loss_bbox_dn_1: 0.1355 (0.1677)  loss_giou_dn_1: 0.2612 (0.2665)  loss_fgl_dn_1: 0.9713 (0.9836)  loss_ddf_dn_1: 0.0642 (0.0761)  loss_vfl_dn_2: 0.3152 (0.3257)  loss_bbox_dn_2: 0.1233 (0.1560)  loss_giou_dn_2: 0.2382 (0.2529)  loss_fgl_dn_2: 0.9600 (0.9620)  loss_ddf_dn_2: 0.0068 (0.0098)  loss_vfl_dn_3: 0.3176 (0.3203)  loss_bbox_dn_3: 0.1200 (0.1536)  loss_giou_dn_3: 0.2357 (0.2512)  loss_fgl_dn_3: 0.9604 (0.9614)  loss_ddf_dn_3: 0.0002 (0.0004)  loss_vfl_dn_4: 0.3147 (0.3196)  loss_bbox_dn_4: 0.1200 (0.1534)  loss_giou_dn_4: 0.2358 (0.2509)  loss_fgl_dn_4: 0.9608 (0.9616)  loss_ddf_dn_4: 0.0000 (0.0000)  loss_vfl_dn_5: 0.3171 (0.3207)  loss_bbox_dn_5: 0.1200 (0.1534)  loss_giou_dn_5: 0.2357 (0.2510)  loss_fgl_dn_5: 0.9608 (0.9616)  loss_ddf_dn_5: 0.0000 (0.0000)  loss_vfl_dn_pre: 0.4482 (0.4463)  loss_bbox_dn_pre: 0.2105 (0.2660)  loss_giou_dn_pre: 0.3670 (0.3828)
Test:  [ 0/49]  eta: 0:49:06    time: 60.1351  data: 59.8825  max mem: 6437
Test:  [10/49]  eta: 0:03:43    time: 5.7187  data: 5.4448  max mem: 6437
Test:  [20/49]  eta: 0:01:30    time: 0.2852  data: 0.0011  max mem: 6437
Test:  [30/49]  eta: 0:00:42    time: 0.2866  data: 0.0010  max mem: 6437
Test:  [40/49]  eta: 0:00:15    time: 0.2861  data: 0.0009  max mem: 6437
Test:  [48/49]  eta: 0:00:01    time: 0.2885  data: 0.0009  max mem: 6437
Test: Total time: 0:01:14 (1.5228 s / it)
Metrics: {'f1': 0.8955916473317865, 'precision': 0.8853211009174312, 'recall': 0.9061032863849765, 'iou': 0.7180754124116497, 'TPs': 386, 'FPs': 50, 'FNs': 40}
Averaged stats: 
Accumulating evaluation results...
COCOeval_opt.accumulate() finished...
DONE (t=0.03s).
IoU metric: bbox
 Average Precision  (AP) @[ IoU=0.50:0.95 | area=   all | maxDets=100 ] = 0.605
 Average Precision  (AP) @[ IoU=0.50      | area=   all | maxDets=100 ] = 0.874
 Average Precision  (AP) @[ IoU=0.75      | area=   all | maxDets=100 ] = 0.678
 Average Precision  (AP) @[ IoU=0.50:0.95 | area= small | maxDets=100 ] = 0.228
 Average Precision  (AP) @[ IoU=0.50:0.95 | area=medium | maxDets=100 ] = 0.657
 Average Precision  (AP) @[ IoU=0.50:0.95 | area= large | maxDets=100 ] = 0.590
 Average Recall     (AR) @[ IoU=0.50:0.95 | area=   all | maxDets=  1 ] = 0.531
 Average Recall     (AR) @[ IoU=0.50:0.95 | area=   all | maxDets= 10 ] = 0.720
 Average Recall     (AR) @[ IoU=0.50:0.95 | area=   all | maxDets=100 ] = 0.784
 Average Recall     (AR) @[ IoU=0.50:0.95 | area= small | maxDets=100 ] = 0.433
 Average Recall     (AR) @[ IoU=0.50:0.95 | area=medium | maxDets=100 ] = 0.738
 Average Recall     (AR) @[ IoU=0.50:0.95 | area= large | maxDets=100 ] = 0.782
 Average Recall     (AR) @[ IoU=0.50      | area=   all | maxDets=100 ] = 0.994
 Average Recall     (AR) @[ IoU=0.75      | area=   all | maxDets=100 ] = 0.909
best_map50: epoch=9, AP50=0.874303
best_stat: {'epoch': 9, 'coco_eval_bbox': 0.6053233027000016}
Load last_epoch
Load model.state_dict
Load criterion.state_dict
Load postprocessor.state_dict
Load ema.state_dict
Load scaler.state_dict
Load optimizer.state_dict
Load lr_scheduler.state_dict
Load lr_warmup_scheduler.state_dict
Refresh EMA at epoch 10 with decay 0.9999
Epoch: [10/15]  [  0/392]  eta: 9:08:25  lr: 0.000013  loss: 24.8353 (24.8353)  loss_vfl: 0.4216 (0.4216)  loss_bbox: 0.1230 (0.1230)  loss_giou: 0.2383 (0.2383)  loss_fgl: 0.9796 (0.9796)  loss_vfl_aux_0: 0.5737 (0.5737)  loss_bbox_aux_0: 0.1252 (0.1252)  loss_giou_aux_0: 0.2594 (0.2594)  loss_fgl_aux_0: 1.0166 (1.0166)  loss_ddf_aux_0: 0.1109 (0.1109)  loss_vfl_aux_1: 0.4722 (0.4722)  loss_bbox_aux_1: 0.1221 (0.1221)  loss_giou_aux_1: 0.2399 (0.2399)  loss_fgl_aux_1: 0.9865 (0.9865)  loss_ddf_aux_1: 0.0117 (0.0117)  loss_vfl_aux_2: 0.5366 (0.5366)  loss_bbox_aux_2: 0.1231 (0.1231)  loss_giou_aux_2: 0.2384 (0.2384)  loss_fgl_aux_2: 0.9818 (0.9818)  loss_ddf_aux_2: 0.0010 (0.0010)  loss_vfl_aux_3: 0.4575 (0.4575)  loss_bbox_aux_3: 0.1229 (0.1229)  loss_giou_aux_3: 0.2383 (0.2383)  loss_fgl_aux_3: 0.9796 (0.9796)  loss_ddf_aux_3: -0.0000 (-0.0000)  loss_vfl_aux_4: 0.4189 (0.4189)  loss_bbox_aux_4: 0.1230 (0.1230)  loss_giou_aux_4: 0.2383 (0.2383)  loss_fgl_aux_4: 0.9797 (0.9797)  loss_ddf_aux_4: 0.0000 (0.0000)  loss_vfl_pre: 0.5708 (0.5708)  loss_bbox_pre: 0.1241 (0.1241)  loss_giou_pre: 0.2548 (0.2548)  loss_vfl_enc_0: 0.5293 (0.5293)  loss_bbox_enc_0: 0.3039 (0.3039)  loss_giou_enc_0: 0.3963 (0.3963)  loss_vfl_dn_0: 0.4475 (0.4475)  loss_bbox_dn_0: 0.1651 (0.1651)  loss_giou_dn_0: 0.3323 (0.3323)  loss_fgl_dn_0: 1.0995 (1.0995)  loss_ddf_dn_0: 0.4523 (0.4523)  loss_vfl_dn_1: 0.3232 (0.3232)  loss_bbox_dn_1: 0.1003 (0.1003)  loss_giou_dn_1: 0.2368 (0.2368)  loss_fgl_dn_1: 0.9552 (0.9552)  loss_ddf_dn_1: 0.0525 (0.0525)  loss_vfl_dn_2: 0.3071 (0.3071)  loss_bbox_dn_2: 0.1029 (0.1029)  loss_giou_dn_2: 0.2371 (0.2371)  loss_fgl_dn_2: 0.9580 (0.9580)  loss_ddf_dn_2: 0.0053 (0.0053)  loss_vfl_dn_3: 0.2998 (0.2998)  loss_bbox_dn_3: 0.1019 (0.1019)  loss_giou_dn_3: 0.2349 (0.2349)  loss_fgl_dn_3: 0.9570 (0.9570)  loss_ddf_dn_3: 0.0003 (0.0003)  loss_vfl_dn_4: 0.2983 (0.2983)  loss_bbox_dn_4: 0.1019 (0.1019)  loss_giou_dn_4: 0.2350 (0.2350)  loss_fgl_dn_4: 0.9571 (0.9571)  loss_ddf_dn_4: 0.0001 (0.0001)  loss_vfl_dn_5: 0.2998 (0.2998)  loss_bbox_dn_5: 0.1019 (0.1019)  loss_giou_dn_5: 0.2350 (0.2350)  loss_fgl_dn_5: 0.9571 (0.9571)  loss_ddf_dn_5: 0.0000 (0.0000)  loss_vfl_dn_pre: 0.4460 (0.4460)  loss_bbox_dn_pre: 0.1946 (0.1946)  loss_giou_dn_pre: 0.3406 (0.3406)  time: 83.9420  data: 81.9648  max mem: 6437
Epoch: [10/15]  [100/392]  eta: 0:11:42  lr: 0.000013  loss: 23.1966 (24.4967)  loss_vfl: 0.3599 (0.3902)  loss_bbox: 0.1069 (0.1361)  loss_giou: 0.2141 (0.2447)  loss_fgl: 0.9709 (0.9743)  loss_vfl_aux_0: 0.4324 (0.4751)  loss_bbox_aux_0: 0.1331 (0.1613)  loss_giou_aux_0: 0.2447 (0.2706)  loss_fgl_aux_0: 1.0501 (1.0409)  loss_ddf_aux_0: 0.0702 (0.0821)  loss_vfl_aux_1: 0.3972 (0.4221)  loss_bbox_aux_1: 0.1110 (0.1393)  loss_giou_aux_1: 0.2237 (0.2497)  loss_fgl_aux_1: 0.9770 (0.9836)  loss_ddf_aux_1: 0.0102 (0.0120)  loss_vfl_aux_2: 0.3577 (0.4158)  loss_bbox_aux_2: 0.1081 (0.1366)  loss_giou_aux_2: 0.2187 (0.2454)  loss_fgl_aux_2: 0.9716 (0.9745)  loss_ddf_aux_2: 0.0009 (0.0009)  loss_vfl_aux_3: 0.3584 (0.3962)  loss_bbox_aux_3: 0.1069 (0.1361)  loss_giou_aux_3: 0.2147 (0.2446)  loss_fgl_aux_3: 0.9711 (0.9744)  loss_ddf_aux_3: 0.0001 (0.0000)  loss_vfl_aux_4: 0.3408 (0.3898)  loss_bbox_aux_4: 0.1069 (0.1361)  loss_giou_aux_4: 0.2141 (0.2447)  loss_fgl_aux_4: 0.9709 (0.9743)  loss_ddf_aux_4: 0.0000 (0.0000)  loss_vfl_pre: 0.4272 (0.4690)  loss_bbox_pre: 0.1267 (0.1608)  loss_giou_pre: 0.2333 (0.2690)  loss_vfl_enc_0: 0.4890 (0.5474)  loss_bbox_enc_0: 0.2322 (0.2751)  loss_giou_enc_0: 0.3522 (0.3745)  loss_vfl_dn_0: 0.4163 (0.4283)  loss_bbox_dn_0: 0.2015 (0.2305)  loss_giou_dn_0: 0.2915 (0.3273)  loss_fgl_dn_0: 1.1237 (1.1395)  loss_ddf_dn_0: 0.4424 (0.4418)  loss_vfl_dn_1: 0.3008 (0.3161)  loss_bbox_dn_1: 0.1192 (0.1385)  loss_giou_dn_1: 0.1945 (0.2202)  loss_fgl_dn_1: 0.9440 (0.9587)  loss_ddf_dn_1: 0.0597 (0.0650)  loss_vfl_dn_2: 0.2886 (0.2985)  loss_bbox_dn_2: 0.1095 (0.1265)  loss_giou_dn_2: 0.1822 (0.2088)  loss_fgl_dn_2: 0.9131 (0.9385)  loss_ddf_dn_2: 0.0079 (0.0077)  loss_vfl_dn_3: 0.2749 (0.2921)  loss_bbox_dn_3: 0.1093 (0.1244)  loss_giou_dn_3: 0.1830 (0.2074)  loss_fgl_dn_3: 0.9147 (0.9382)  loss_ddf_dn_3: 0.0005 (0.0004)  loss_vfl_dn_4: 0.2749 (0.2910)  loss_bbox_dn_4: 0.1089 (0.1239)  loss_giou_dn_4: 0.1824 (0.2070)  loss_fgl_dn_4: 0.9156 (0.9383)  loss_ddf_dn_4: 0.0000 (0.0000)  loss_vfl_dn_5: 0.2759 (0.2915)  loss_bbox_dn_5: 0.1089 (0.1239)  loss_giou_dn_5: 0.1824 (0.2070)  loss_fgl_dn_5: 0.9156 (0.9383)  loss_ddf_dn_5: 0.0000 (0.0000)  loss_vfl_dn_pre: 0.4182 (0.4276)  loss_bbox_dn_pre: 0.2206 (0.2575)  loss_giou_dn_pre: 0.3036 (0.3350)  time: 1.1551  data: 0.0014  max mem: 6437
Epoch: [10/15]  [200/392]  eta: 0:05:22  lr: 0.000013  loss: 24.8711 (24.7142)  loss_vfl: 0.3706 (0.3973)  loss_bbox: 0.1081 (0.1370)  loss_giou: 0.2161 (0.2397)  loss_fgl: 0.9332 (0.9684)  loss_vfl_aux_0: 0.5435 (0.4920)  loss_bbox_aux_0: 0.1473 (0.1674)  loss_giou_aux_0: 0.2404 (0.2696)  loss_fgl_aux_0: 1.0367 (1.0418)  loss_ddf_aux_0: 0.1151 (0.0892)  loss_vfl_aux_1: 0.5137 (0.4428)  loss_bbox_aux_1: 0.1068 (0.1415)  loss_giou_aux_1: 0.2167 (0.2451)  loss_fgl_aux_1: 0.9468 (0.9789)  loss_ddf_aux_1: 0.0146 (0.0130)  loss_vfl_aux_2: 0.4441 (0.4242)  loss_bbox_aux_2: 0.1080 (0.1372)  loss_giou_aux_2: 0.2178 (0.2405)  loss_fgl_aux_2: 0.9328 (0.9687)  loss_ddf_aux_2: 0.0012 (0.0010)  loss_vfl_aux_3: 0.3640 (0.4029)  loss_bbox_aux_3: 0.1081 (0.1369)  loss_giou_aux_3: 0.2162 (0.2396)  loss_fgl_aux_3: 0.9332 (0.9684)  loss_ddf_aux_3: 0.0001 (0.0000)  loss_vfl_aux_4: 0.3562 (0.3970)  loss_bbox_aux_4: 0.1081 (0.1370)  loss_giou_aux_4: 0.2161 (0.2397)  loss_fgl_aux_4: 0.9331 (0.9683)  loss_ddf_aux_4: 0.0000 (0.0000)  loss_vfl_pre: 0.5474 (0.4873)  loss_bbox_pre: 0.1532 (0.1682)  loss_giou_pre: 0.2442 (0.2689)  loss_vfl_enc_0: 0.6284 (0.5582)  loss_bbox_enc_0: 0.3535 (0.3089)  loss_giou_enc_0: 0.4224 (0.3867)  loss_vfl_dn_0: 0.4319 (0.4290)  loss_bbox_dn_0: 0.2105 (0.2449)  loss_giou_dn_0: 0.3249 (0.3311)  loss_fgl_dn_0: 1.1608 (1.1448)  loss_ddf_dn_0: 0.4688 (0.4560)  loss_vfl_dn_1: 0.3113 (0.3153)  loss_bbox_dn_1: 0.1249 (0.1475)  loss_giou_dn_1: 0.2154 (0.2223)  loss_fgl_dn_1: 0.9578 (0.9581)  loss_ddf_dn_1: 0.0737 (0.0733)  loss_vfl_dn_2: 0.2896 (0.2976)  loss_bbox_dn_2: 0.1087 (0.1337)  loss_giou_dn_2: 0.1988 (0.2102)  loss_fgl_dn_2: 0.9204 (0.9365)  loss_ddf_dn_2: 0.0086 (0.0098)  loss_vfl_dn_3: 0.2825 (0.2924)  loss_bbox_dn_3: 0.1121 (0.1316)  loss_giou_dn_3: 0.1969 (0.2087)  loss_fgl_dn_3: 0.9221 (0.9360)  loss_ddf_dn_3: 0.0007 (0.0007)  loss_vfl_dn_4: 0.2817 (0.2919)  loss_bbox_dn_4: 0.1127 (0.1310)  loss_giou_dn_4: 0.1970 (0.2082)  loss_fgl_dn_4: 0.9220 (0.9362)  loss_ddf_dn_4: 0.0000 (0.0000)  loss_vfl_dn_5: 0.2834 (0.2928)  loss_bbox_dn_5: 0.1127 (0.1310)  loss_giou_dn_5: 0.1971 (0.2082)  loss_fgl_dn_5: 0.9221 (0.9363)  loss_ddf_dn_5: 0.0000 (0.0000)  loss_vfl_dn_pre: 0.4312 (0.4287)  loss_bbox_dn_pre: 0.2353 (0.2697)  loss_giou_dn_pre: 0.3365 (0.3377)  time: 0.9548  data: 0.0008  max mem: 6437
Epoch: [10/15]  [300/392]  eta: 0:02:12  lr: 0.000013  loss: 24.8300 (24.9400)  loss_vfl: 0.3623 (0.4043)  loss_bbox: 0.1190 (0.1377)  loss_giou: 0.2353 (0.2434)  loss_fgl: 0.9776 (0.9717)  loss_vfl_aux_0: 0.4629 (0.5034)  loss_bbox_aux_0: 0.1316 (0.1695)  loss_giou_aux_0: 0.2770 (0.2749)  loss_fgl_aux_0: 1.0534 (1.0515)  loss_ddf_aux_0: 0.0706 (0.0903)  loss_vfl_aux_1: 0.4163 (0.4531)  loss_bbox_aux_1: 0.1188 (0.1422)  loss_giou_aux_1: 0.2420 (0.2488)  loss_fgl_aux_1: 0.9871 (0.9829)  loss_ddf_aux_1: 0.0095 (0.0129)  loss_vfl_aux_2: 0.4011 (0.4257)  loss_bbox_aux_2: 0.1182 (0.1378)  loss_giou_aux_2: 0.2359 (0.2440)  loss_fgl_aux_2: 0.9755 (0.9721)  loss_ddf_aux_2: 0.0009 (0.0012)  loss_vfl_aux_3: 0.3770 (0.4064)  loss_bbox_aux_3: 0.1189 (0.1376)  loss_giou_aux_3: 0.2356 (0.2433)  loss_fgl_aux_3: 0.9775 (0.9716)  loss_ddf_aux_3: 0.0000 (0.0000)  loss_vfl_aux_4: 0.3618 (0.4027)  loss_bbox_aux_4: 0.1190 (0.1376)  loss_giou_aux_4: 0.2352 (0.2434)  loss_fgl_aux_4: 0.9775 (0.9716)  loss_ddf_aux_4: 0.0000 (0.0000)  loss_vfl_pre: 0.4492 (0.4992)  loss_bbox_pre: 0.1297 (0.1696)  loss_giou_pre: 0.2815 (0.2738)  loss_vfl_enc_0: 0.5298 (0.5678)  loss_bbox_enc_0: 0.2650 (0.3102)  loss_giou_enc_0: 0.4155 (0.3952)  loss_vfl_dn_0: 0.4319 (0.4313)  loss_bbox_dn_0: 0.1982 (0.2439)  loss_giou_dn_0: 0.3246 (0.3349)  loss_fgl_dn_0: 1.1475 (1.1478)  loss_ddf_dn_0: 0.6008 (0.5023)  loss_vfl_dn_1: 0.3071 (0.3172)  loss_bbox_dn_1: 0.1164 (0.1468)  loss_giou_dn_1: 0.2142 (0.2253)  loss_fgl_dn_1: 0.9808 (0.9609)  loss_ddf_dn_1: 0.0771 (0.0787)  loss_vfl_dn_2: 0.2861 (0.2995)  loss_bbox_dn_2: 0.1053 (0.1325)  loss_giou_dn_2: 0.2086 (0.2126)  loss_fgl_dn_2: 0.9510 (0.9384)  loss_ddf_dn_2: 0.0077 (0.0102)  loss_vfl_dn_3: 0.2803 (0.2943)  loss_bbox_dn_3: 0.1008 (0.1301)  loss_giou_dn_3: 0.2094 (0.2109)  loss_fgl_dn_3: 0.9476 (0.9379)  loss_ddf_dn_3: 0.0004 (0.0008)  loss_vfl_dn_4: 0.2783 (0.2932)  loss_bbox_dn_4: 0.1011 (0.1297)  loss_giou_dn_4: 0.2092 (0.2106)  loss_fgl_dn_4: 0.9469 (0.9380)  loss_ddf_dn_4: 0.0000 (0.0000)  loss_vfl_dn_5: 0.2778 (0.2944)  loss_bbox_dn_5: 0.1011 (0.1297)  loss_giou_dn_5: 0.2091 (0.2106)  loss_fgl_dn_5: 0.9470 (0.9381)  loss_ddf_dn_5: 0.0000 (0.0000)  loss_vfl_dn_pre: 0.4304 (0.4311)  loss_bbox_dn_pre: 0.2281 (0.2694)  loss_giou_dn_pre: 0.3418 (0.3416)  time: 0.9614  data: 0.0009  max mem: 6437
Epoch: [10/15]  [391/392]  eta: 0:00:01  lr: 0.000013  loss: 22.8051 (24.9076)  loss_vfl: 0.3948 (0.4046)  loss_bbox: 0.1177 (0.1376)  loss_giou: 0.1553 (0.2412)  loss_fgl: 0.8727 (0.9685)  loss_vfl_aux_0: 0.3933 (0.5001)  loss_bbox_aux_0: 0.1286 (0.1698)  loss_giou_aux_0: 0.1959 (0.2723)  loss_fgl_aux_0: 0.9868 (1.0489)  loss_ddf_aux_0: 0.0904 (0.0916)  loss_vfl_aux_1: 0.3955 (0.4518)  loss_bbox_aux_1: 0.1165 (0.1422)  loss_giou_aux_1: 0.1613 (0.2467)  loss_fgl_aux_1: 0.8890 (0.9802)  loss_ddf_aux_1: 0.0122 (0.0131)  loss_vfl_aux_2: 0.3594 (0.4264)  loss_bbox_aux_2: 0.1171 (0.1377)  loss_giou_aux_2: 0.1566 (0.2417)  loss_fgl_aux_2: 0.8705 (0.9689)  loss_ddf_aux_2: 0.0009 (0.0012)  loss_vfl_aux_3: 0.3711 (0.4060)  loss_bbox_aux_3: 0.1176 (0.1375)  loss_giou_aux_3: 0.1550 (0.2411)  loss_fgl_aux_3: 0.8723 (0.9684)  loss_ddf_aux_3: 0.0001 (0.0000)  loss_vfl_aux_4: 0.3948 (0.4037)  loss_bbox_aux_4: 0.1177 (0.1376)  loss_giou_aux_4: 0.1553 (0.2412)  loss_fgl_aux_4: 0.8726 (0.9684)  loss_ddf_aux_4: 0.0000 (0.0000)  loss_vfl_pre: 0.3928 (0.4959)  loss_bbox_pre: 0.1233 (0.1693)  loss_giou_pre: 0.1907 (0.2708)  loss_vfl_enc_0: 0.4907 (0.5752)  loss_bbox_enc_0: 0.3385 (0.3196)  loss_giou_enc_0: 0.3389 (0.3948)  loss_vfl_dn_0: 0.4160 (0.4311)  loss_bbox_dn_0: 0.2079 (0.2469)  loss_giou_dn_0: 0.2932 (0.3343)  loss_fgl_dn_0: 1.1329 (1.1472)  loss_ddf_dn_0: 0.4557 (0.5108)  loss_vfl_dn_1: 0.2935 (0.3166)  loss_bbox_dn_1: 0.1250 (0.1473)  loss_giou_dn_1: 0.1740 (0.2244)  loss_fgl_dn_1: 0.8994 (0.9575)  loss_ddf_dn_1: 0.0633 (0.0790)  loss_vfl_dn_2: 0.2737 (0.2993)  loss_bbox_dn_2: 0.1194 (0.1332)  loss_giou_dn_2: 0.1536 (0.2117)  loss_fgl_dn_2: 0.8766 (0.9349)  loss_ddf_dn_2: 0.0071 (0.0103)  loss_vfl_dn_3: 0.2605 (0.2937)  loss_bbox_dn_3: 0.1180 (0.1307)  loss_giou_dn_3: 0.1538 (0.2101)  loss_fgl_dn_3: 0.8767 (0.9341)  loss_ddf_dn_3: 0.0003 (0.0007)  loss_vfl_dn_4: 0.2590 (0.2927)  loss_bbox_dn_4: 0.1180 (0.1303)  loss_giou_dn_4: 0.1534 (0.2098)  loss_fgl_dn_4: 0.8769 (0.9342)  loss_ddf_dn_4: 0.0000 (0.0000)  loss_vfl_dn_5: 0.2607 (0.2938)  loss_bbox_dn_5: 0.1179 (0.1303)  loss_giou_dn_5: 0.1534 (0.2098)  loss_fgl_dn_5: 0.8770 (0.9342)  loss_ddf_dn_5: 0.0000 (0.0000)  loss_vfl_dn_pre: 0.4153 (0.4309)  loss_bbox_dn_pre: 0.2312 (0.2724)  loss_giou_dn_pre: 0.3050 (0.3412)  time: 0.9592  data: 0.0008  max mem: 6437
Epoch: [10/15] Total time: 0:08:41 (1.3295 s / it)
Averaged stats: lr: 0.000013  loss: 22.8051 (24.9076)  loss_vfl: 0.3948 (0.4046)  loss_bbox: 0.1177 (0.1376)  loss_giou: 0.1553 (0.2412)  loss_fgl: 0.8727 (0.9685)  loss_vfl_aux_0: 0.3933 (0.5001)  loss_bbox_aux_0: 0.1286 (0.1698)  loss_giou_aux_0: 0.1959 (0.2723)  loss_fgl_aux_0: 0.9868 (1.0489)  loss_ddf_aux_0: 0.0904 (0.0916)  loss_vfl_aux_1: 0.3955 (0.4518)  loss_bbox_aux_1: 0.1165 (0.1422)  loss_giou_aux_1: 0.1613 (0.2467)  loss_fgl_aux_1: 0.8890 (0.9802)  loss_ddf_aux_1: 0.0122 (0.0131)  loss_vfl_aux_2: 0.3594 (0.4264)  loss_bbox_aux_2: 0.1171 (0.1377)  loss_giou_aux_2: 0.1566 (0.2417)  loss_fgl_aux_2: 0.8705 (0.9689)  loss_ddf_aux_2: 0.0009 (0.0012)  loss_vfl_aux_3: 0.3711 (0.4060)  loss_bbox_aux_3: 0.1176 (0.1375)  loss_giou_aux_3: 0.1550 (0.2411)  loss_fgl_aux_3: 0.8723 (0.9684)  loss_ddf_aux_3: 0.0001 (0.0000)  loss_vfl_aux_4: 0.3948 (0.4037)  loss_bbox_aux_4: 0.1177 (0.1376)  loss_giou_aux_4: 0.1553 (0.2412)  loss_fgl_aux_4: 0.8726 (0.9684)  loss_ddf_aux_4: 0.0000 (0.0000)  loss_vfl_pre: 0.3928 (0.4959)  loss_bbox_pre: 0.1233 (0.1693)  loss_giou_pre: 0.1907 (0.2708)  loss_vfl_enc_0: 0.4907 (0.5752)  loss_bbox_enc_0: 0.3385 (0.3196)  loss_giou_enc_0: 0.3389 (0.3948)  loss_vfl_dn_0: 0.4160 (0.4311)  loss_bbox_dn_0: 0.2079 (0.2469)  loss_giou_dn_0: 0.2932 (0.3343)  loss_fgl_dn_0: 1.1329 (1.1472)  loss_ddf_dn_0: 0.4557 (0.5108)  loss_vfl_dn_1: 0.2935 (0.3166)  loss_bbox_dn_1: 0.1250 (0.1473)  loss_giou_dn_1: 0.1740 (0.2244)  loss_fgl_dn_1: 0.8994 (0.9575)  loss_ddf_dn_1: 0.0633 (0.0790)  loss_vfl_dn_2: 0.2737 (0.2993)  loss_bbox_dn_2: 0.1194 (0.1332)  loss_giou_dn_2: 0.1536 (0.2117)  loss_fgl_dn_2: 0.8766 (0.9349)  loss_ddf_dn_2: 0.0071 (0.0103)  loss_vfl_dn_3: 0.2605 (0.2937)  loss_bbox_dn_3: 0.1180 (0.1307)  loss_giou_dn_3: 0.1538 (0.2101)  loss_fgl_dn_3: 0.8767 (0.9341)  loss_ddf_dn_3: 0.0003 (0.0007)  loss_vfl_dn_4: 0.2590 (0.2927)  loss_bbox_dn_4: 0.1180 (0.1303)  loss_giou_dn_4: 0.1534 (0.2098)  loss_fgl_dn_4: 0.8769 (0.9342)  loss_ddf_dn_4: 0.0000 (0.0000)  loss_vfl_dn_5: 0.2607 (0.2938)  loss_bbox_dn_5: 0.1179 (0.1303)  loss_giou_dn_5: 0.1534 (0.2098)  loss_fgl_dn_5: 0.8770 (0.9342)  loss_ddf_dn_5: 0.0000 (0.0000)  loss_vfl_dn_pre: 0.4153 (0.4309)  loss_bbox_dn_pre: 0.2312 (0.2724)  loss_giou_dn_pre: 0.3050 (0.3412)
Test:  [ 0/49]  eta: 0:32:27    time: 39.7373  data: 39.4915  max mem: 6437
Test:  [10/49]  eta: 0:02:31    time: 3.8828  data: 3.5907  max mem: 6437
Test:  [20/49]  eta: 0:01:02    time: 0.2845  data: 0.0008  max mem: 6437
Test:  [30/49]  eta: 0:00:29    time: 0.2880  data: 0.0012  max mem: 6437
Test:  [40/49]  eta: 0:00:11    time: 0.2860  data: 0.0012  max mem: 6437
Test:  [48/49]  eta: 0:00:01    time: 0.2740  data: 0.0009  max mem: 6437
Test: Total time: 0:00:54 (1.1045 s / it)
Metrics: {'f1': 0.8914819136522755, 'precision': 0.8863109048723898, 'recall': 0.8967136150234741, 'iou': 0.7160926365852356, 'TPs': 382, 'FPs': 49, 'FNs': 44}
Averaged stats: 
Accumulating evaluation results...
COCOeval_opt.accumulate() finished...
DONE (t=0.03s).
IoU metric: bbox
 Average Precision  (AP) @[ IoU=0.50:0.95 | area=   all | maxDets=100 ] = 0.596
 Average Precision  (AP) @[ IoU=0.50      | area=   all | maxDets=100 ] = 0.852
 Average Precision  (AP) @[ IoU=0.75      | area=   all | maxDets=100 ] = 0.668
 Average Precision  (AP) @[ IoU=0.50:0.95 | area= small | maxDets=100 ] = 0.054
 Average Precision  (AP) @[ IoU=0.50:0.95 | area=medium | maxDets=100 ] = 0.654
 Average Precision  (AP) @[ IoU=0.50:0.95 | area= large | maxDets=100 ] = 0.585
 Average Recall     (AR) @[ IoU=0.50:0.95 | area=   all | maxDets=  1 ] = 0.528
 Average Recall     (AR) @[ IoU=0.50:0.95 | area=   all | maxDets= 10 ] = 0.706
 Average Recall     (AR) @[ IoU=0.50:0.95 | area=   all | maxDets=100 ] = 0.768
 Average Recall     (AR) @[ IoU=0.50:0.95 | area= small | maxDets=100 ] = 0.400
 Average Recall     (AR) @[ IoU=0.50:0.95 | area=medium | maxDets=100 ] = 0.739
 Average Recall     (AR) @[ IoU=0.50:0.95 | area= large | maxDets=100 ] = 0.767
 Average Recall     (AR) @[ IoU=0.50      | area=   all | maxDets=100 ] = 0.980
 Average Recall     (AR) @[ IoU=0.75      | area=   all | maxDets=100 ] = 0.883
best_stat: {'epoch': 9, 'coco_eval_bbox': 0.6053233027000016}
Load last_epoch
Load model.state_dict
Load criterion.state_dict
Load postprocessor.state_dict
Load ema.state_dict
Load scaler.state_dict
Load optimizer.state_dict
Load lr_scheduler.state_dict
Load lr_warmup_scheduler.state_dict
Refresh EMA at epoch 10 with decay 0.9998
Epoch: [11/15]  [  0/392]  eta: 4:15:14  lr: 0.000013  loss: 31.1427 (31.1427)  loss_vfl: 1.5342 (1.5342)  loss_bbox: 0.1393 (0.1393)  loss_giou: 0.2988 (0.2988)  loss_fgl: 0.8157 (0.8157)  loss_vfl_aux_0: 1.4512 (1.4512)  loss_bbox_aux_0: 0.1994 (0.1994)  loss_giou_aux_0: 0.3143 (0.3143)  loss_fgl_aux_0: 1.0027 (1.0027)  loss_ddf_aux_0: 0.1327 (0.1327)  loss_vfl_aux_1: 1.2900 (1.2900)  loss_bbox_aux_1: 0.1453 (0.1453)  loss_giou_aux_1: 0.2933 (0.2933)  loss_fgl_aux_1: 0.8201 (0.8201)  loss_ddf_aux_1: 0.0137 (0.0137)  loss_vfl_aux_2: 1.4160 (1.4160)  loss_bbox_aux_2: 0.1412 (0.1412)  loss_giou_aux_2: 0.3021 (0.3021)  loss_fgl_aux_2: 0.8150 (0.8150)  loss_ddf_aux_2: 0.0011 (0.0011)  loss_vfl_aux_3: 1.5020 (1.5020)  loss_bbox_aux_3: 0.1393 (0.1393)  loss_giou_aux_3: 0.2989 (0.2989)  loss_fgl_aux_3: 0.8157 (0.8157)  loss_ddf_aux_3: 0.0001 (0.0001)  loss_vfl_aux_4: 1.4541 (1.4541)  loss_bbox_aux_4: 0.1393 (0.1393)  loss_giou_aux_4: 0.2988 (0.2988)  loss_fgl_aux_4: 0.8156 (0.8156)  loss_ddf_aux_4: 0.0002 (0.0002)  loss_vfl_pre: 1.4219 (1.4219)  loss_bbox_pre: 0.1946 (0.1946)  loss_giou_pre: 0.3081 (0.3081)  loss_vfl_enc_0: 1.0137 (1.0137)  loss_bbox_enc_0: 0.2825 (0.2825)  loss_giou_enc_0: 0.4164 (0.4164)  loss_vfl_dn_0: 0.4255 (0.4255)  loss_bbox_dn_0: 0.2524 (0.2524)  loss_giou_dn_0: 0.3254 (0.3254)  loss_fgl_dn_0: 1.1439 (1.1439)  loss_ddf_dn_0: 0.4066 (0.4066)  loss_vfl_dn_1: 0.2676 (0.2676)  loss_bbox_dn_1: 0.1359 (0.1359)  loss_giou_dn_1: 0.1936 (0.1936)  loss_fgl_dn_1: 0.8930 (0.8930)  loss_ddf_dn_1: 0.0597 (0.0597)  loss_vfl_dn_2: 0.2617 (0.2617)  loss_bbox_dn_2: 0.1223 (0.1223)  loss_giou_dn_2: 0.1976 (0.1976)  loss_fgl_dn_2: 0.8647 (0.8647)  loss_ddf_dn_2: 0.0048 (0.0048)  loss_vfl_dn_3: 0.2566 (0.2566)  loss_bbox_dn_3: 0.1183 (0.1183)  loss_giou_dn_3: 0.1987 (0.1987)  loss_fgl_dn_3: 0.8627 (0.8627)  loss_ddf_dn_3: 0.0002 (0.0002)  loss_vfl_dn_4: 0.2520 (0.2520)  loss_bbox_dn_4: 0.1180 (0.1180)  loss_giou_dn_4: 0.1981 (0.1981)  loss_fgl_dn_4: 0.8622 (0.8622)  loss_ddf_dn_4: 0.0000 (0.0000)  loss_vfl_dn_5: 0.2522 (0.2522)  loss_bbox_dn_5: 0.1180 (0.1180)  loss_giou_dn_5: 0.1981 (0.1981)  loss_fgl_dn_5: 0.8622 (0.8622)  loss_ddf_dn_5: 0.0000 (0.0000)  loss_vfl_dn_pre: 0.4250 (0.4250)  loss_bbox_dn_pre: 0.2999 (0.2999)  loss_giou_dn_pre: 0.3386 (0.3386)  time: 39.0664  data: 38.0549  max mem: 6437
Epoch: [11/15]  [100/392]  eta: 0:06:30  lr: 0.000013  loss: 22.5699 (24.5459)  loss_vfl: 0.3528 (0.4157)  loss_bbox: 0.1060 (0.1329)  loss_giou: 0.1661 (0.2332)  loss_fgl: 0.8917 (0.9560)  loss_vfl_aux_0: 0.5059 (0.5145)  loss_bbox_aux_0: 0.1214 (0.1644)  loss_giou_aux_0: 0.2135 (0.2620)  loss_fgl_aux_0: 0.9715 (1.0327)  loss_ddf_aux_0: 0.0924 (0.0965)  loss_vfl_aux_1: 0.3899 (0.4492)  loss_bbox_aux_1: 0.1107 (0.1373)  loss_giou_aux_1: 0.1682 (0.2366)  loss_fgl_aux_1: 0.9133 (0.9635)  loss_ddf_aux_1: 0.0143 (0.0131)  loss_vfl_aux_2: 0.3767 (0.4282)  loss_bbox_aux_2: 0.1060 (0.1330)  loss_giou_aux_2: 0.1674 (0.2329)  loss_fgl_aux_2: 0.8950 (0.9563)  loss_ddf_aux_2: 0.0011 (0.0011)  loss_vfl_aux_3: 0.3474 (0.4068)  loss_bbox_aux_3: 0.1061 (0.1330)  loss_giou_aux_3: 0.1661 (0.2332)  loss_fgl_aux_3: 0.8917 (0.9561)  loss_ddf_aux_3: 0.0000 (0.0001)  loss_vfl_aux_4: 0.3645 (0.4089)  loss_bbox_aux_4: 0.1060 (0.1329)  loss_giou_aux_4: 0.1661 (0.2332)  loss_fgl_aux_4: 0.8917 (0.9560)  loss_ddf_aux_4: 0.0001 (0.0000)  loss_vfl_pre: 0.5068 (0.5111)  loss_bbox_pre: 0.1177 (0.1662)  loss_giou_pre: 0.2150 (0.2609)  loss_vfl_enc_0: 0.5234 (0.5892)  loss_bbox_enc_0: 0.2446 (0.2895)  loss_giou_enc_0: 0.3451 (0.3699)  loss_vfl_dn_0: 0.4065 (0.4269)  loss_bbox_dn_0: 0.2225 (0.2510)  loss_giou_dn_0: 0.2911 (0.3301)  loss_fgl_dn_0: 1.1356 (1.1388)  loss_ddf_dn_0: 0.4103 (0.4772)  loss_vfl_dn_1: 0.2812 (0.3108)  loss_bbox_dn_1: 0.1230 (0.1468)  loss_giou_dn_1: 0.1828 (0.2175)  loss_fgl_dn_1: 0.9193 (0.9412)  loss_ddf_dn_1: 0.0525 (0.0699)  loss_vfl_dn_2: 0.2708 (0.2941)  loss_bbox_dn_2: 0.1080 (0.1326)  loss_giou_dn_2: 0.1681 (0.2055)  loss_fgl_dn_2: 0.8858 (0.9181)  loss_ddf_dn_2: 0.0058 (0.0083)  loss_vfl_dn_3: 0.2734 (0.2883)  loss_bbox_dn_3: 0.1086 (0.1306)  loss_giou_dn_3: 0.1673 (0.2046)  loss_fgl_dn_3: 0.8850 (0.9182)  loss_ddf_dn_3: 0.0003 (0.0003)  loss_vfl_dn_4: 0.2720 (0.2881)  loss_bbox_dn_4: 0.1085 (0.1301)  loss_giou_dn_4: 0.1684 (0.2044)  loss_fgl_dn_4: 0.8855 (0.9182)  loss_ddf_dn_4: 0.0000 (0.0000)  loss_vfl_dn_5: 0.2668 (0.2893)  loss_bbox_dn_5: 0.1085 (0.1301)  loss_giou_dn_5: 0.1684 (0.2044)  loss_fgl_dn_5: 0.8854 (0.9182)  loss_ddf_dn_5: 0.0000 (0.0000)  loss_vfl_dn_pre: 0.4111 (0.4266)  loss_bbox_dn_pre: 0.2499 (0.2813)  loss_giou_dn_pre: 0.2999 (0.3384)  time: 0.9425  data: 0.0010  max mem: 6437
Epoch: [11/15]  [200/392]  eta: 0:03:44  lr: 0.000013  loss: 24.0366 (24.6240)  loss_vfl: 0.3872 (0.4054)  loss_bbox: 0.1102 (0.1353)  loss_giou: 0.2401 (0.2402)  loss_fgl: 0.9616 (0.9674)  loss_vfl_aux_0: 0.4089 (0.4934)  loss_bbox_aux_0: 0.1403 (0.1637)  loss_giou_aux_0: 0.2847 (0.2689)  loss_fgl_aux_0: 1.0242 (1.0388)  loss_ddf_aux_0: 0.0766 (0.0919)  loss_vfl_aux_1: 0.3987 (0.4355)  loss_bbox_aux_1: 0.1176 (0.1395)  loss_giou_aux_1: 0.2465 (0.2435)  loss_fgl_aux_1: 0.9712 (0.9744)  loss_ddf_aux_1: 0.0114 (0.0138)  loss_vfl_aux_2: 0.3906 (0.4176)  loss_bbox_aux_2: 0.1105 (0.1355)  loss_giou_aux_2: 0.2378 (0.2400)  loss_fgl_aux_2: 0.9619 (0.9676)  loss_ddf_aux_2: 0.0008 (0.0011)  loss_vfl_aux_3: 0.3848 (0.3987)  loss_bbox_aux_3: 0.1103 (0.1353)  loss_giou_aux_3: 0.2399 (0.2401)  loss_fgl_aux_3: 0.9616 (0.9674)  loss_ddf_aux_3: 0.0001 (0.0001)  loss_vfl_aux_4: 0.3408 (0.4010)  loss_bbox_aux_4: 0.1102 (0.1353)  loss_giou_aux_4: 0.2401 (0.2402)  loss_fgl_aux_4: 0.9616 (0.9673)  loss_ddf_aux_4: 0.0000 (0.0000)  loss_vfl_pre: 0.4026 (0.4911)  loss_bbox_pre: 0.1367 (0.1647)  loss_giou_pre: 0.2835 (0.2674)  loss_vfl_enc_0: 0.4651 (0.5685)  loss_bbox_enc_0: 0.2965 (0.2947)  loss_giou_enc_0: 0.3669 (0.3775)  loss_vfl_dn_0: 0.4346 (0.4269)  loss_bbox_dn_0: 0.1974 (0.2438)  loss_giou_dn_0: 0.3306 (0.3302)  loss_fgl_dn_0: 1.1294 (1.1441)  loss_ddf_dn_0: 0.4041 (0.4496)  loss_vfl_dn_1: 0.3240 (0.3144)  loss_bbox_dn_1: 0.1122 (0.1447)  loss_giou_dn_1: 0.2331 (0.2213)  loss_fgl_dn_1: 0.9463 (0.9541)  loss_ddf_dn_1: 0.0558 (0.0704)  loss_vfl_dn_2: 0.3042 (0.2979)  loss_bbox_dn_2: 0.1013 (0.1318)  loss_giou_dn_2: 0.2167 (0.2100)  loss_fgl_dn_2: 0.9133 (0.9322)  loss_ddf_dn_2: 0.0072 (0.0087)  loss_vfl_dn_3: 0.2986 (0.2924)  loss_bbox_dn_3: 0.0996 (0.1295)  loss_giou_dn_3: 0.2114 (0.2089)  loss_fgl_dn_3: 0.9143 (0.9313)  loss_ddf_dn_3: 0.0003 (0.0004)  loss_vfl_dn_4: 0.2961 (0.2918)  loss_bbox_dn_4: 0.0994 (0.1290)  loss_giou_dn_4: 0.2124 (0.2087)  loss_fgl_dn_4: 0.9148 (0.9314)  loss_ddf_dn_4: 0.0000 (0.0000)  loss_vfl_dn_5: 0.2949 (0.2924)  loss_bbox_dn_5: 0.0995 (0.1290)  loss_giou_dn_5: 0.2124 (0.2087)  loss_fgl_dn_5: 0.9147 (0.9315)  loss_ddf_dn_5: 0.0000 (0.0000)  loss_vfl_dn_pre: 0.4319 (0.4269)  loss_bbox_dn_pre: 0.2206 (0.2716)  loss_giou_dn_pre: 0.3461 (0.3379)  time: 1.0918  data: 0.0014  max mem: 6437
Epoch: [11/15]  [300/392]  eta: 0:01:41  lr: 0.000013  loss: 23.8661 (24.5801)  loss_vfl: 0.3745 (0.4007)  loss_bbox: 0.1140 (0.1353)  loss_giou: 0.2050 (0.2398)  loss_fgl: 0.9233 (0.9690)  loss_vfl_aux_0: 0.4751 (0.4852)  loss_bbox_aux_0: 0.1454 (0.1640)  loss_giou_aux_0: 0.2383 (0.2680)  loss_fgl_aux_0: 1.0066 (1.0396)  loss_ddf_aux_0: 0.0804 (0.0892)  loss_vfl_aux_1: 0.3840 (0.4313)  loss_bbox_aux_1: 0.1208 (0.1393)  loss_giou_aux_1: 0.2207 (0.2430)  loss_fgl_aux_1: 0.9421 (0.9767)  loss_ddf_aux_1: 0.0117 (0.0132)  loss_vfl_aux_2: 0.3867 (0.4147)  loss_bbox_aux_2: 0.1162 (0.1356)  loss_giou_aux_2: 0.2065 (0.2397)  loss_fgl_aux_2: 0.9231 (0.9694)  loss_ddf_aux_2: 0.0007 (0.0011)  loss_vfl_aux_3: 0.3806 (0.3985)  loss_bbox_aux_3: 0.1139 (0.1354)  loss_giou_aux_3: 0.2053 (0.2398)  loss_fgl_aux_3: 0.9235 (0.9690)  loss_ddf_aux_3: 0.0001 (0.0001)  loss_vfl_aux_4: 0.3667 (0.3978)  loss_bbox_aux_4: 0.1139 (0.1353)  loss_giou_aux_4: 0.2050 (0.2398)  loss_fgl_aux_4: 0.9235 (0.9690)  loss_ddf_aux_4: 0.0000 (0.0000)  loss_vfl_pre: 0.4734 (0.4827)  loss_bbox_pre: 0.1453 (0.1649)  loss_giou_pre: 0.2354 (0.2664)  loss_vfl_enc_0: 0.5713 (0.5666)  loss_bbox_enc_0: 0.2591 (0.2952)  loss_giou_enc_0: 0.3556 (0.3753)  loss_vfl_dn_0: 0.4175 (0.4252)  loss_bbox_dn_0: 0.2226 (0.2394)  loss_giou_dn_0: 0.2833 (0.3269)  loss_fgl_dn_0: 1.1040 (1.1411)  loss_ddf_dn_0: 0.5340 (0.4547)  loss_vfl_dn_1: 0.3000 (0.3134)  loss_bbox_dn_1: 0.1284 (0.1442)  loss_giou_dn_1: 0.2015 (0.2217)  loss_fgl_dn_1: 0.9257 (0.9546)  loss_ddf_dn_1: 0.0810 (0.0723)  loss_vfl_dn_2: 0.2957 (0.2973)  loss_bbox_dn_2: 0.1150 (0.1316)  loss_giou_dn_2: 0.1942 (0.2105)  loss_fgl_dn_2: 0.8907 (0.9336)  loss_ddf_dn_2: 0.0093 (0.0087)  loss_vfl_dn_3: 0.2878 (0.2919)  loss_bbox_dn_3: 0.1127 (0.1293)  loss_giou_dn_3: 0.1914 (0.2093)  loss_fgl_dn_3: 0.8897 (0.9329)  loss_ddf_dn_3: 0.0003 (0.0005)  loss_vfl_dn_4: 0.2910 (0.2911)  loss_bbox_dn_4: 0.1123 (0.1288)  loss_giou_dn_4: 0.1915 (0.2090)  loss_fgl_dn_4: 0.8888 (0.9330)  loss_ddf_dn_4: 0.0000 (0.0000)  loss_vfl_dn_5: 0.2876 (0.2918)  loss_bbox_dn_5: 0.1123 (0.1288)  loss_giou_dn_5: 0.1915 (0.2090)  loss_fgl_dn_5: 0.8889 (0.9331)  loss_ddf_dn_5: 0.0000 (0.0000)  loss_vfl_dn_pre: 0.4175 (0.4251)  loss_bbox_dn_pre: 0.2514 (0.2662)  loss_giou_dn_pre: 0.2915 (0.3343)  time: 0.9291  data: 0.0011  max mem: 6437
Epoch: [11/15]  [391/392]  eta: 0:00:01  lr: 0.000013  loss: 22.7801 (24.6199)  loss_vfl: 0.3352 (0.3998)  loss_bbox: 0.1089 (0.1365)  loss_giou: 0.2071 (0.2403)  loss_fgl: 0.9319 (0.9686)  loss_vfl_aux_0: 0.4338 (0.4884)  loss_bbox_aux_0: 0.1344 (0.1657)  loss_giou_aux_0: 0.2450 (0.2687)  loss_fgl_aux_0: 1.0024 (1.0385)  loss_ddf_aux_0: 0.0703 (0.0864)  loss_vfl_aux_1: 0.3816 (0.4320)  loss_bbox_aux_1: 0.1175 (0.1410)  loss_giou_aux_1: 0.2200 (0.2442)  loss_fgl_aux_1: 0.9458 (0.9771)  loss_ddf_aux_1: 0.0106 (0.0129)  loss_vfl_aux_2: 0.3386 (0.4186)  loss_bbox_aux_2: 0.1093 (0.1369)  loss_giou_aux_2: 0.2082 (0.2403)  loss_fgl_aux_2: 0.9304 (0.9689)  loss_ddf_aux_2: 0.0006 (0.0010)  loss_vfl_aux_3: 0.3342 (0.3984)  loss_bbox_aux_3: 0.1087 (0.1365)  loss_giou_aux_3: 0.2072 (0.2403)  loss_fgl_aux_3: 0.9309 (0.9686)  loss_ddf_aux_3: 0.0001 (0.0001)  loss_vfl_aux_4: 0.3372 (0.3970)  loss_bbox_aux_4: 0.1089 (0.1365)  loss_giou_aux_4: 0.2071 (0.2403)  loss_fgl_aux_4: 0.9319 (0.9686)  loss_ddf_aux_4: -0.0000 (0.0000)  loss_vfl_pre: 0.4319 (0.4856)  loss_bbox_pre: 0.1376 (0.1663)  loss_giou_pre: 0.2365 (0.2671)  loss_vfl_enc_0: 0.5029 (0.5648)  loss_bbox_enc_0: 0.2275 (0.2952)  loss_giou_enc_0: 0.3391 (0.3751)  loss_vfl_dn_0: 0.4143 (0.4249)  loss_bbox_dn_0: 0.2169 (0.2394)  loss_giou_dn_0: 0.2907 (0.3261)  loss_fgl_dn_0: 1.1232 (1.1402)  loss_ddf_dn_0: 0.5343 (0.4637)  loss_vfl_dn_1: 0.3013 (0.3139)  loss_bbox_dn_1: 0.1223 (0.1459)  loss_giou_dn_1: 0.1962 (0.2223)  loss_fgl_dn_1: 0.9286 (0.9557)  loss_ddf_dn_1: 0.0778 (0.0730)  loss_vfl_dn_2: 0.2856 (0.2980)  loss_bbox_dn_2: 0.1151 (0.1334)  loss_giou_dn_2: 0.1839 (0.2109)  loss_fgl_dn_2: 0.8826 (0.9343)  loss_ddf_dn_2: 0.0063 (0.0088)  loss_vfl_dn_3: 0.2695 (0.2925)  loss_bbox_dn_3: 0.1152 (0.1313)  loss_giou_dn_3: 0.1838 (0.2097)  loss_fgl_dn_3: 0.8840 (0.9339)  loss_ddf_dn_3: 0.0003 (0.0005)  loss_vfl_dn_4: 0.2698 (0.2915)  loss_bbox_dn_4: 0.1152 (0.1308)  loss_giou_dn_4: 0.1843 (0.2095)  loss_fgl_dn_4: 0.8871 (0.9340)  loss_ddf_dn_4: 0.0000 (0.0000)  loss_vfl_dn_5: 0.2715 (0.2922)  loss_bbox_dn_5: 0.1151 (0.1308)  loss_giou_dn_5: 0.1842 (0.2095)  loss_fgl_dn_5: 0.8872 (0.9341)  loss_ddf_dn_5: 0.0000 (0.0000)  loss_vfl_dn_pre: 0.4128 (0.4248)  loss_bbox_dn_pre: 0.2386 (0.2650)  loss_giou_dn_pre: 0.3032 (0.3330)  time: 0.9693  data: 0.0011  max mem: 6437
Epoch: [11/15] Total time: 0:07:02 (1.0776 s / it)
Averaged stats: lr: 0.000013  loss: 22.7801 (24.6199)  loss_vfl: 0.3352 (0.3998)  loss_bbox: 0.1089 (0.1365)  loss_giou: 0.2071 (0.2403)  loss_fgl: 0.9319 (0.9686)  loss_vfl_aux_0: 0.4338 (0.4884)  loss_bbox_aux_0: 0.1344 (0.1657)  loss_giou_aux_0: 0.2450 (0.2687)  loss_fgl_aux_0: 1.0024 (1.0385)  loss_ddf_aux_0: 0.0703 (0.0864)  loss_vfl_aux_1: 0.3816 (0.4320)  loss_bbox_aux_1: 0.1175 (0.1410)  loss_giou_aux_1: 0.2200 (0.2442)  loss_fgl_aux_1: 0.9458 (0.9771)  loss_ddf_aux_1: 0.0106 (0.0129)  loss_vfl_aux_2: 0.3386 (0.4186)  loss_bbox_aux_2: 0.1093 (0.1369)  loss_giou_aux_2: 0.2082 (0.2403)  loss_fgl_aux_2: 0.9304 (0.9689)  loss_ddf_aux_2: 0.0006 (0.0010)  loss_vfl_aux_3: 0.3342 (0.3984)  loss_bbox_aux_3: 0.1087 (0.1365)  loss_giou_aux_3: 0.2072 (0.2403)  loss_fgl_aux_3: 0.9309 (0.9686)  loss_ddf_aux_3: 0.0001 (0.0001)  loss_vfl_aux_4: 0.3372 (0.3970)  loss_bbox_aux_4: 0.1089 (0.1365)  loss_giou_aux_4: 0.2071 (0.2403)  loss_fgl_aux_4: 0.9319 (0.9686)  loss_ddf_aux_4: -0.0000 (0.0000)  loss_vfl_pre: 0.4319 (0.4856)  loss_bbox_pre: 0.1376 (0.1663)  loss_giou_pre: 0.2365 (0.2671)  loss_vfl_enc_0: 0.5029 (0.5648)  loss_bbox_enc_0: 0.2275 (0.2952)  loss_giou_enc_0: 0.3391 (0.3751)  loss_vfl_dn_0: 0.4143 (0.4249)  loss_bbox_dn_0: 0.2169 (0.2394)  loss_giou_dn_0: 0.2907 (0.3261)  loss_fgl_dn_0: 1.1232 (1.1402)  loss_ddf_dn_0: 0.5343 (0.4637)  loss_vfl_dn_1: 0.3013 (0.3139)  loss_bbox_dn_1: 0.1223 (0.1459)  loss_giou_dn_1: 0.1962 (0.2223)  loss_fgl_dn_1: 0.9286 (0.9557)  loss_ddf_dn_1: 0.0778 (0.0730)  loss_vfl_dn_2: 0.2856 (0.2980)  loss_bbox_dn_2: 0.1151 (0.1334)  loss_giou_dn_2: 0.1839 (0.2109)  loss_fgl_dn_2: 0.8826 (0.9343)  loss_ddf_dn_2: 0.0063 (0.0088)  loss_vfl_dn_3: 0.2695 (0.2925)  loss_bbox_dn_3: 0.1152 (0.1313)  loss_giou_dn_3: 0.1838 (0.2097)  loss_fgl_dn_3: 0.8840 (0.9339)  loss_ddf_dn_3: 0.0003 (0.0005)  loss_vfl_dn_4: 0.2698 (0.2915)  loss_bbox_dn_4: 0.1152 (0.1308)  loss_giou_dn_4: 0.1843 (0.2095)  loss_fgl_dn_4: 0.8871 (0.9340)  loss_ddf_dn_4: 0.0000 (0.0000)  loss_vfl_dn_5: 0.2715 (0.2922)  loss_bbox_dn_5: 0.1151 (0.1308)  loss_giou_dn_5: 0.1842 (0.2095)  loss_fgl_dn_5: 0.8872 (0.9341)  loss_ddf_dn_5: 0.0000 (0.0000)  loss_vfl_dn_pre: 0.4128 (0.4248)  loss_bbox_dn_pre: 0.2386 (0.2650)  loss_giou_dn_pre: 0.3032 (0.3330)
Test:  [ 0/49]  eta: 0:33:22    time: 40.8605  data: 40.6112  max mem: 6437
Test:  [10/49]  eta: 0:02:34    time: 3.9702  data: 3.6926  max mem: 6437
Test:  [20/49]  eta: 0:01:04    time: 0.3000  data: 0.0010  max mem: 6437
Test:  [30/49]  eta: 0:00:30    time: 0.2984  data: 0.0012  max mem: 6437
Test:  [40/49]  eta: 0:00:11    time: 0.2865  data: 0.0013  max mem: 6437
Test:  [48/49]  eta: 0:00:01    time: 0.2838  data: 0.0012  max mem: 6437
Test: Total time: 0:00:55 (1.1349 s / it)
Metrics: {'f1': 0.8927738927738927, 'precision': 0.8865740740740741, 'recall': 0.8990610328638498, 'iou': 0.715076456822847, 'TPs': 383, 'FPs': 49, 'FNs': 43}
Averaged stats: 
Accumulating evaluation results...
COCOeval_opt.accumulate() finished...
DONE (t=0.04s).
IoU metric: bbox
 Average Precision  (AP) @[ IoU=0.50:0.95 | area=   all | maxDets=100 ] = 0.601
 Average Precision  (AP) @[ IoU=0.50      | area=   all | maxDets=100 ] = 0.882
 Average Precision  (AP) @[ IoU=0.75      | area=   all | maxDets=100 ] = 0.668
 Average Precision  (AP) @[ IoU=0.50:0.95 | area= small | maxDets=100 ] = 0.076
 Average Precision  (AP) @[ IoU=0.50:0.95 | area=medium | maxDets=100 ] = 0.655
 Average Precision  (AP) @[ IoU=0.50:0.95 | area= large | maxDets=100 ] = 0.589
 Average Recall     (AR) @[ IoU=0.50:0.95 | area=   all | maxDets=  1 ] = 0.518
 Average Recall     (AR) @[ IoU=0.50:0.95 | area=   all | maxDets= 10 ] = 0.707
 Average Recall     (AR) @[ IoU=0.50:0.95 | area=   all | maxDets=100 ] = 0.766
 Average Recall     (AR) @[ IoU=0.50:0.95 | area= small | maxDets=100 ] = 0.333
 Average Recall     (AR) @[ IoU=0.50:0.95 | area=medium | maxDets=100 ] = 0.738
 Average Recall     (AR) @[ IoU=0.50:0.95 | area= large | maxDets=100 ] = 0.764
 Average Recall     (AR) @[ IoU=0.50      | area=   all | maxDets=100 ] = 0.994
 Average Recall     (AR) @[ IoU=0.75      | area=   all | maxDets=100 ] = 0.864
best_map50: epoch=11, AP50=0.881551
best_stat: {'epoch': 9, 'coco_eval_bbox': 0.6053233027000016}
Epoch: [12/15]  [  0/392]  eta: 4:44:32  lr: 0.000013  loss: 18.8850 (18.8850)  loss_vfl: 0.3044 (0.3044)  loss_bbox: 0.0589 (0.0589)  loss_giou: 0.1555 (0.1555)  loss_fgl: 0.8547 (0.8547)  loss_vfl_aux_0: 0.2886 (0.2886)  loss_bbox_aux_0: 0.0599 (0.0599)  loss_giou_aux_0: 0.1512 (0.1512)  loss_fgl_aux_0: 0.8955 (0.8955)  loss_ddf_aux_0: 0.0782 (0.0782)  loss_vfl_aux_1: 0.3018 (0.3018)  loss_bbox_aux_1: 0.0547 (0.0547)  loss_giou_aux_1: 0.1509 (0.1509)  loss_fgl_aux_1: 0.8474 (0.8474)  loss_ddf_aux_1: 0.0091 (0.0091)  loss_vfl_aux_2: 0.2920 (0.2920)  loss_bbox_aux_2: 0.0598 (0.0598)  loss_giou_aux_2: 0.1558 (0.1558)  loss_fgl_aux_2: 0.8548 (0.8548)  loss_ddf_aux_2: 0.0002 (0.0002)  loss_vfl_aux_3: 0.3230 (0.3230)  loss_bbox_aux_3: 0.0590 (0.0590)  loss_giou_aux_3: 0.1555 (0.1555)  loss_fgl_aux_3: 0.8546 (0.8546)  loss_ddf_aux_3: -0.0000 (-0.0000)  loss_vfl_aux_4: 0.2979 (0.2979)  loss_bbox_aux_4: 0.0589 (0.0589)  loss_giou_aux_4: 0.1555 (0.1555)  loss_fgl_aux_4: 0.8546 (0.8546)  loss_ddf_aux_4: 0.0000 (0.0000)  loss_vfl_pre: 0.2871 (0.2871)  loss_bbox_pre: 0.0567 (0.0567)  loss_giou_pre: 0.1482 (0.1482)  loss_vfl_enc_0: 0.3340 (0.3340)  loss_bbox_enc_0: 0.1460 (0.1460)  loss_giou_enc_0: 0.2194 (0.2194)  loss_vfl_dn_0: 0.3623 (0.3623)  loss_bbox_dn_0: 0.1201 (0.1201)  loss_giou_dn_0: 0.2156 (0.2156)  loss_fgl_dn_0: 1.0606 (1.0606)  loss_ddf_dn_0: 0.4340 (0.4340)  loss_vfl_dn_1: 0.2598 (0.2598)  loss_bbox_dn_1: 0.0603 (0.0603)  loss_giou_dn_1: 0.1481 (0.1481)  loss_fgl_dn_1: 0.8655 (0.8655)  loss_ddf_dn_1: 0.0655 (0.0655)  loss_vfl_dn_2: 0.2401 (0.2401)  loss_bbox_dn_2: 0.0547 (0.0547)  loss_giou_dn_2: 0.1360 (0.1360)  loss_fgl_dn_2: 0.8296 (0.8296)  loss_ddf_dn_2: 0.0033 (0.0033)  loss_vfl_dn_3: 0.2367 (0.2367)  loss_bbox_dn_3: 0.0549 (0.0549)  loss_giou_dn_3: 0.1354 (0.1354)  loss_fgl_dn_3: 0.8288 (0.8288)  loss_ddf_dn_3: 0.0001 (0.0001)  loss_vfl_dn_4: 0.2367 (0.2367)  loss_bbox_dn_4: 0.0547 (0.0547)  loss_giou_dn_4: 0.1353 (0.1353)  loss_fgl_dn_4: 0.8286 (0.8286)  loss_ddf_dn_4: -0.0000 (-0.0000)  loss_vfl_dn_5: 0.2355 (0.2355)  loss_bbox_dn_5: 0.0547 (0.0547)  loss_giou_dn_5: 0.1353 (0.1353)  loss_fgl_dn_5: 0.8286 (0.8286)  loss_ddf_dn_5: 0.0000 (0.0000)  loss_vfl_dn_pre: 0.3655 (0.3655)  loss_bbox_dn_pre: 0.1498 (0.1498)  loss_giou_dn_pre: 0.2255 (0.2255)  time: 43.5531  data: 42.5774  max mem: 6437
Epoch: [12/15]  [100/392]  eta: 0:06:53  lr: 0.000013  loss: 22.1539 (23.8664)  loss_vfl: 0.3027 (0.3704)  loss_bbox: 0.1033 (0.1316)  loss_giou: 0.1851 (0.2292)  loss_fgl: 0.9060 (0.9543)  loss_vfl_aux_0: 0.3564 (0.4519)  loss_bbox_aux_0: 0.1273 (0.1578)  loss_giou_aux_0: 0.2090 (0.2596)  loss_fgl_aux_0: 0.9701 (1.0250)  loss_ddf_aux_0: 0.0792 (0.0842)  loss_vfl_aux_1: 0.3079 (0.4049)  loss_bbox_aux_1: 0.1123 (0.1368)  loss_giou_aux_1: 0.1778 (0.2340)  loss_fgl_aux_1: 0.9145 (0.9643)  loss_ddf_aux_1: 0.0110 (0.0114)  loss_vfl_aux_2: 0.2922 (0.3875)  loss_bbox_aux_2: 0.1043 (0.1317)  loss_giou_aux_2: 0.1746 (0.2291)  loss_fgl_aux_2: 0.9081 (0.9546)  loss_ddf_aux_2: 0.0005 (0.0007)  loss_vfl_aux_3: 0.2891 (0.3696)  loss_bbox_aux_3: 0.1034 (0.1316)  loss_giou_aux_3: 0.1849 (0.2291)  loss_fgl_aux_3: 0.9056 (0.9543)  loss_ddf_aux_3: 0.0000 (0.0001)  loss_vfl_aux_4: 0.2930 (0.3685)  loss_bbox_aux_4: 0.1033 (0.1316)  loss_giou_aux_4: 0.1851 (0.2292)  loss_fgl_aux_4: 0.9061 (0.9543)  loss_ddf_aux_4: 0.0000 (0.0000)  loss_vfl_pre: 0.3557 (0.4483)  loss_bbox_pre: 0.1277 (0.1589)  loss_giou_pre: 0.2103 (0.2581)  loss_vfl_enc_0: 0.4453 (0.5300)  loss_bbox_enc_0: 0.2199 (0.2618)  loss_giou_enc_0: 0.3205 (0.3502)  loss_vfl_dn_0: 0.3972 (0.4156)  loss_bbox_dn_0: 0.2103 (0.2247)  loss_giou_dn_0: 0.2906 (0.3183)  loss_fgl_dn_0: 1.1002 (1.1364)  loss_ddf_dn_0: 0.4370 (0.4872)  loss_vfl_dn_1: 0.2722 (0.3027)  loss_bbox_dn_1: 0.1151 (0.1384)  loss_giou_dn_1: 0.1713 (0.2131)  loss_fgl_dn_1: 0.9072 (0.9412)  loss_ddf_dn_1: 0.0690 (0.0808)  loss_vfl_dn_2: 0.2632 (0.2865)  loss_bbox_dn_2: 0.1096 (0.1269)  loss_giou_dn_2: 0.1675 (0.2018)  loss_fgl_dn_2: 0.8856 (0.9193)  loss_ddf_dn_2: 0.0067 (0.0086)  loss_vfl_dn_3: 0.2629 (0.2823)  loss_bbox_dn_3: 0.1083 (0.1247)  loss_giou_dn_3: 0.1674 (0.2002)  loss_fgl_dn_3: 0.8846 (0.9190)  loss_ddf_dn_3: 0.0003 (0.0006)  loss_vfl_dn_4: 0.2615 (0.2820)  loss_bbox_dn_4: 0.1088 (0.1245)  loss_giou_dn_4: 0.1677 (0.1999)  loss_fgl_dn_4: 0.8848 (0.9191)  loss_ddf_dn_4: 0.0000 (0.0000)  loss_vfl_dn_5: 0.2593 (0.2826)  loss_bbox_dn_5: 0.1088 (0.1245)  loss_giou_dn_5: 0.1677 (0.1999)  loss_fgl_dn_5: 0.8848 (0.9191)  loss_ddf_dn_5: 0.0000 (0.0000)  loss_vfl_dn_pre: 0.3953 (0.4162)  loss_bbox_dn_pre: 0.2307 (0.2503)  loss_giou_dn_pre: 0.2851 (0.3254)  time: 0.9714  data: 0.0010  max mem: 6437
Epoch: [12/15]  [200/392]  eta: 0:04:14  lr: 0.000013  loss: 21.8069 (23.4293)  loss_vfl: 0.3523 (0.3689)  loss_bbox: 0.0967 (0.1230)  loss_giou: 0.1922 (0.2175)  loss_fgl: 0.9112 (0.9373)  loss_vfl_aux_0: 0.3835 (0.4439)  loss_bbox_aux_0: 0.1134 (0.1510)  loss_giou_aux_0: 0.2137 (0.2466)  loss_fgl_aux_0: 0.9883 (1.0112)  loss_ddf_aux_0: 0.0911 (0.0903)  loss_vfl_aux_1: 0.3176 (0.3975)  loss_bbox_aux_1: 0.0945 (0.1283)  loss_giou_aux_1: 0.1898 (0.2222)  loss_fgl_aux_1: 0.9172 (0.9468)  loss_ddf_aux_1: 0.0121 (0.0124)  loss_vfl_aux_2: 0.3367 (0.3840)  loss_bbox_aux_2: 0.0946 (0.1232)  loss_giou_aux_2: 0.1932 (0.2178)  loss_fgl_aux_2: 0.9129 (0.9375)  loss_ddf_aux_2: 0.0005 (0.0008)  loss_vfl_aux_3: 0.3325 (0.3683)  loss_bbox_aux_3: 0.0964 (0.1230)  loss_giou_aux_3: 0.1924 (0.2175)  loss_fgl_aux_3: 0.9114 (0.9372)  loss_ddf_aux_3: -0.0000 (0.0001)  loss_vfl_aux_4: 0.3306 (0.3677)  loss_bbox_aux_4: 0.0966 (0.1230)  loss_giou_aux_4: 0.1923 (0.2175)  loss_fgl_aux_4: 0.9113 (0.9373)  loss_ddf_aux_4: -0.0000 (0.0000)  loss_vfl_pre: 0.3728 (0.4409)  loss_bbox_pre: 0.1148 (0.1528)  loss_giou_pre: 0.2094 (0.2458)  loss_vfl_enc_0: 0.4897 (0.5215)  loss_bbox_enc_0: 0.2422 (0.2643)  loss_giou_enc_0: 0.3653 (0.3476)  loss_vfl_dn_0: 0.4038 (0.4151)  loss_bbox_dn_0: 0.1883 (0.2231)  loss_giou_dn_0: 0.2781 (0.3121)  loss_fgl_dn_0: 1.1207 (1.1332)  loss_ddf_dn_0: 0.5024 (0.4794)  loss_vfl_dn_1: 0.2810 (0.2984)  loss_bbox_dn_1: 0.0985 (0.1335)  loss_giou_dn_1: 0.1761 (0.2063)  loss_fgl_dn_1: 0.9058 (0.9294)  loss_ddf_dn_1: 0.0771 (0.0812)  loss_vfl_dn_2: 0.2617 (0.2824)  loss_bbox_dn_2: 0.0931 (0.1218)  loss_giou_dn_2: 0.1682 (0.1951)  loss_fgl_dn_2: 0.8840 (0.9072)  loss_ddf_dn_2: 0.0118 (0.0106)  loss_vfl_dn_3: 0.2617 (0.2779)  loss_bbox_dn_3: 0.0921 (0.1191)  loss_giou_dn_3: 0.1679 (0.1937)  loss_fgl_dn_3: 0.8823 (0.9067)  loss_ddf_dn_3: 0.0008 (0.0007)  loss_vfl_dn_4: 0.2595 (0.2776)  loss_bbox_dn_4: 0.0914 (0.1187)  loss_giou_dn_4: 0.1683 (0.1933)  loss_fgl_dn_4: 0.8821 (0.9069)  loss_ddf_dn_4: 0.0000 (0.0000)  loss_vfl_dn_5: 0.2595 (0.2782)  loss_bbox_dn_5: 0.0914 (0.1187)  loss_giou_dn_5: 0.1683 (0.1933)  loss_fgl_dn_5: 0.8821 (0.9069)  loss_ddf_dn_5: 0.0000 (0.0000)  loss_vfl_dn_pre: 0.4014 (0.4157)  loss_bbox_dn_pre: 0.2103 (0.2489)  loss_giou_dn_pre: 0.2872 (0.3191)  time: 1.9652  data: 0.0033  max mem: 6437
Epoch: [12/15]  [300/392]  eta: 0:02:23  lr: 0.000013  loss: 22.3463 (23.6479)  loss_vfl: 0.2969 (0.3751)  loss_bbox: 0.0890 (0.1226)  loss_giou: 0.1961 (0.2183)  loss_fgl: 0.9120 (0.9476)  loss_vfl_aux_0: 0.3892 (0.4477)  loss_bbox_aux_0: 0.1244 (0.1497)  loss_giou_aux_0: 0.2199 (0.2474)  loss_fgl_aux_0: 1.0292 (1.0211)  loss_ddf_aux_0: 0.0745 (0.0921)  loss_vfl_aux_1: 0.3306 (0.4047)  loss_bbox_aux_1: 0.0966 (0.1274)  loss_giou_aux_1: 0.2021 (0.2229)  loss_fgl_aux_1: 0.9310 (0.9569)  loss_ddf_aux_1: 0.0098 (0.0131)  loss_vfl_aux_2: 0.3318 (0.3951)  loss_bbox_aux_2: 0.0896 (0.1230)  loss_giou_aux_2: 0.1965 (0.2186)  loss_fgl_aux_2: 0.9138 (0.9480)  loss_ddf_aux_2: 0.0008 (0.0010)  loss_vfl_aux_3: 0.3013 (0.3757)  loss_bbox_aux_3: 0.0892 (0.1226)  loss_giou_aux_3: 0.1962 (0.2183)  loss_fgl_aux_3: 0.9118 (0.9476)  loss_ddf_aux_3: 0.0001 (0.0001)  loss_vfl_aux_4: 0.3000 (0.3721)  loss_bbox_aux_4: 0.0890 (0.1226)  loss_giou_aux_4: 0.1961 (0.2183)  loss_fgl_aux_4: 0.9121 (0.9476)  loss_ddf_aux_4: 0.0000 (0.0000)  loss_vfl_pre: 0.3875 (0.4459)  loss_bbox_pre: 0.1198 (0.1515)  loss_giou_pre: 0.2270 (0.2467)  loss_vfl_enc_0: 0.4316 (0.5220)  loss_bbox_enc_0: 0.2232 (0.2686)  loss_giou_enc_0: 0.3245 (0.3504)  loss_vfl_dn_0: 0.4182 (0.4182)  loss_bbox_dn_0: 0.1899 (0.2251)  loss_giou_dn_0: 0.2889 (0.3133)  loss_fgl_dn_0: 1.1283 (1.1337)  loss_ddf_dn_0: 0.5284 (0.4997)  loss_vfl_dn_1: 0.3091 (0.3020)  loss_bbox_dn_1: 0.1158 (0.1348)  loss_giou_dn_1: 0.1965 (0.2082)  loss_fgl_dn_1: 0.9204 (0.9351)  loss_ddf_dn_1: 0.1298 (0.0939)  loss_vfl_dn_2: 0.2856 (0.2847)  loss_bbox_dn_2: 0.0949 (0.1223)  loss_giou_dn_2: 0.1784 (0.1964)  loss_fgl_dn_2: 0.9008 (0.9123)  loss_ddf_dn_2: 0.0210 (0.0155)  loss_vfl_dn_3: 0.2817 (0.2806)  loss_bbox_dn_3: 0.0918 (0.1198)  loss_giou_dn_3: 0.1791 (0.1950)  loss_fgl_dn_3: 0.8999 (0.9119)  loss_ddf_dn_3: 0.0014 (0.0011)  loss_vfl_dn_4: 0.2786 (0.2800)  loss_bbox_dn_4: 0.0913 (0.1192)  loss_giou_dn_4: 0.1789 (0.1946)  loss_fgl_dn_4: 0.8993 (0.9121)  loss_ddf_dn_4: 0.0000 (0.0000)  loss_vfl_dn_5: 0.2791 (0.2806)  loss_bbox_dn_5: 0.0913 (0.1192)  loss_giou_dn_5: 0.1788 (0.1946)  loss_fgl_dn_5: 0.8994 (0.9122)  loss_ddf_dn_5: 0.0000 (0.0000)  loss_vfl_dn_pre: 0.4175 (0.4189)  loss_bbox_dn_pre: 0.2199 (0.2502)  loss_giou_dn_pre: 0.2907 (0.3202)  time: 2.0449  data: 0.0035  max mem: 6437
Epoch: [12/15]  [391/392]  eta: 0:00:01  lr: 0.000013  loss: 22.8793 (23.7794)  loss_vfl: 0.3242 (0.3759)  loss_bbox: 0.0986 (0.1222)  loss_giou: 0.2069 (0.2230)  loss_fgl: 0.9575 (0.9544)  loss_vfl_aux_0: 0.4048 (0.4513)  loss_bbox_aux_0: 0.1317 (0.1489)  loss_giou_aux_0: 0.2316 (0.2520)  loss_fgl_aux_0: 1.0324 (1.0258)  loss_ddf_aux_0: 0.0650 (0.0895)  loss_vfl_aux_1: 0.3533 (0.4060)  loss_bbox_aux_1: 0.1079 (0.1270)  loss_giou_aux_1: 0.2125 (0.2276)  loss_fgl_aux_1: 0.9583 (0.9635)  loss_ddf_aux_1: 0.0091 (0.0125)  loss_vfl_aux_2: 0.3328 (0.3940)  loss_bbox_aux_2: 0.0991 (0.1227)  loss_giou_aux_2: 0.2084 (0.2234)  loss_fgl_aux_2: 0.9581 (0.9547)  loss_ddf_aux_2: 0.0006 (0.0009)  loss_vfl_aux_3: 0.3125 (0.3772)  loss_bbox_aux_3: 0.0988 (0.1222)  loss_giou_aux_3: 0.2073 (0.2230)  loss_fgl_aux_3: 0.9573 (0.9543)  loss_ddf_aux_3: 0.0000 (0.0001)  loss_vfl_aux_4: 0.3250 (0.3735)  loss_bbox_aux_4: 0.0986 (0.1222)  loss_giou_aux_4: 0.2069 (0.2230)  loss_fgl_aux_4: 0.9574 (0.9544)  loss_ddf_aux_4: -0.0000 (0.0000)  loss_vfl_pre: 0.4006 (0.4500)  loss_bbox_pre: 0.1351 (0.1509)  loss_giou_pre: 0.2272 (0.2505)  loss_vfl_enc_0: 0.5132 (0.5267)  loss_bbox_enc_0: 0.2589 (0.2729)  loss_giou_enc_0: 0.3409 (0.3550)  loss_vfl_dn_0: 0.4119 (0.4182)  loss_bbox_dn_0: 0.2099 (0.2244)  loss_giou_dn_0: 0.2843 (0.3130)  loss_fgl_dn_0: 1.1137 (1.1332)  loss_ddf_dn_0: 0.5320 (0.5205)  loss_vfl_dn_1: 0.2766 (0.3026)  loss_bbox_dn_1: 0.1205 (0.1346)  loss_giou_dn_1: 0.1869 (0.2088)  loss_fgl_dn_1: 0.9198 (0.9373)  loss_ddf_dn_1: 0.1094 (0.0978)  loss_vfl_dn_2: 0.2656 (0.2851)  loss_bbox_dn_2: 0.1090 (0.1224)  loss_giou_dn_2: 0.1729 (0.1974)  loss_fgl_dn_2: 0.9058 (0.9149)  loss_ddf_dn_2: 0.0151 (0.0161)  loss_vfl_dn_3: 0.2620 (0.2808)  loss_bbox_dn_3: 0.1074 (0.1202)  loss_giou_dn_3: 0.1700 (0.1960)  loss_fgl_dn_3: 0.9035 (0.9145)  loss_ddf_dn_3: 0.0011 (0.0012)  loss_vfl_dn_4: 0.2629 (0.2801)  loss_bbox_dn_4: 0.1072 (0.1195)  loss_giou_dn_4: 0.1680 (0.1956)  loss_fgl_dn_4: 0.9023 (0.9148)  loss_ddf_dn_4: 0.0000 (0.0000)  loss_vfl_dn_5: 0.2627 (0.2807)  loss_bbox_dn_5: 0.1072 (0.1195)  loss_giou_dn_5: 0.1681 (0.1956)  loss_fgl_dn_5: 0.9023 (0.9148)  loss_ddf_dn_5: 0.0000 (0.0000)  loss_vfl_dn_pre: 0.4114 (0.4190)  loss_bbox_dn_pre: 0.2468 (0.2497)  loss_giou_dn_pre: 0.2966 (0.3197)  time: 2.0744  data: 0.0030  max mem: 6437
Epoch: [12/15] Total time: 0:10:58 (1.6802 s / it)
Averaged stats: lr: 0.000013  loss: 22.8793 (23.7794)  loss_vfl: 0.3242 (0.3759)  loss_bbox: 0.0986 (0.1222)  loss_giou: 0.2069 (0.2230)  loss_fgl: 0.9575 (0.9544)  loss_vfl_aux_0: 0.4048 (0.4513)  loss_bbox_aux_0: 0.1317 (0.1489)  loss_giou_aux_0: 0.2316 (0.2520)  loss_fgl_aux_0: 1.0324 (1.0258)  loss_ddf_aux_0: 0.0650 (0.0895)  loss_vfl_aux_1: 0.3533 (0.4060)  loss_bbox_aux_1: 0.1079 (0.1270)  loss_giou_aux_1: 0.2125 (0.2276)  loss_fgl_aux_1: 0.9583 (0.9635)  loss_ddf_aux_1: 0.0091 (0.0125)  loss_vfl_aux_2: 0.3328 (0.3940)  loss_bbox_aux_2: 0.0991 (0.1227)  loss_giou_aux_2: 0.2084 (0.2234)  loss_fgl_aux_2: 0.9581 (0.9547)  loss_ddf_aux_2: 0.0006 (0.0009)  loss_vfl_aux_3: 0.3125 (0.3772)  loss_bbox_aux_3: 0.0988 (0.1222)  loss_giou_aux_3: 0.2073 (0.2230)  loss_fgl_aux_3: 0.9573 (0.9543)  loss_ddf_aux_3: 0.0000 (0.0001)  loss_vfl_aux_4: 0.3250 (0.3735)  loss_bbox_aux_4: 0.0986 (0.1222)  loss_giou_aux_4: 0.2069 (0.2230)  loss_fgl_aux_4: 0.9574 (0.9544)  loss_ddf_aux_4: -0.0000 (0.0000)  loss_vfl_pre: 0.4006 (0.4500)  loss_bbox_pre: 0.1351 (0.1509)  loss_giou_pre: 0.2272 (0.2505)  loss_vfl_enc_0: 0.5132 (0.5267)  loss_bbox_enc_0: 0.2589 (0.2729)  loss_giou_enc_0: 0.3409 (0.3550)  loss_vfl_dn_0: 0.4119 (0.4182)  loss_bbox_dn_0: 0.2099 (0.2244)  loss_giou_dn_0: 0.2843 (0.3130)  loss_fgl_dn_0: 1.1137 (1.1332)  loss_ddf_dn_0: 0.5320 (0.5205)  loss_vfl_dn_1: 0.2766 (0.3026)  loss_bbox_dn_1: 0.1205 (0.1346)  loss_giou_dn_1: 0.1869 (0.2088)  loss_fgl_dn_1: 0.9198 (0.9373)  loss_ddf_dn_1: 0.1094 (0.0978)  loss_vfl_dn_2: 0.2656 (0.2851)  loss_bbox_dn_2: 0.1090 (0.1224)  loss_giou_dn_2: 0.1729 (0.1974)  loss_fgl_dn_2: 0.9058 (0.9149)  loss_ddf_dn_2: 0.0151 (0.0161)  loss_vfl_dn_3: 0.2620 (0.2808)  loss_bbox_dn_3: 0.1074 (0.1202)  loss_giou_dn_3: 0.1700 (0.1960)  loss_fgl_dn_3: 0.9035 (0.9145)  loss_ddf_dn_3: 0.0011 (0.0012)  loss_vfl_dn_4: 0.2629 (0.2801)  loss_bbox_dn_4: 0.1072 (0.1195)  loss_giou_dn_4: 0.1680 (0.1956)  loss_fgl_dn_4: 0.9023 (0.9148)  loss_ddf_dn_4: 0.0000 (0.0000)  loss_vfl_dn_5: 0.2627 (0.2807)  loss_bbox_dn_5: 0.1072 (0.1195)  loss_giou_dn_5: 0.1681 (0.1956)  loss_fgl_dn_5: 0.9023 (0.9148)  loss_ddf_dn_5: 0.0000 (0.0000)  loss_vfl_dn_pre: 0.4114 (0.4190)  loss_bbox_dn_pre: 0.2468 (0.2497)  loss_giou_dn_pre: 0.2966 (0.3197)
Test:  [ 0/49]  eta: 0:37:44    time: 46.2138  data: 45.9613  max mem: 6437
Test:  [10/49]  eta: 0:02:53    time: 4.4530  data: 4.1789  max mem: 6437
Test:  [20/49]  eta: 0:01:11    time: 0.2821  data: 0.0009  max mem: 6437
Test:  [30/49]  eta: 0:00:33    time: 0.2919  data: 0.0010  max mem: 6437
Test:  [40/49]  eta: 0:00:12    time: 0.2912  data: 0.0010  max mem: 6437
Test:  [48/49]  eta: 0:00:01    time: 0.2776  data: 0.0008  max mem: 6437
Test: Total time: 0:01:00 (1.2374 s / it)
Metrics: {'f1': 0.890716803760282, 'precision': 0.8917647058823529, 'recall': 0.8896713615023474, 'iou': 0.7184572233739546, 'TPs': 379, 'FPs': 46, 'FNs': 47}
Averaged stats: 
Accumulating evaluation results...
COCOeval_opt.accumulate() finished...
DONE (t=0.03s).
IoU metric: bbox
 Average Precision  (AP) @[ IoU=0.50:0.95 | area=   all | maxDets=100 ] = 0.606
 Average Precision  (AP) @[ IoU=0.50      | area=   all | maxDets=100 ] = 0.871
 Average Precision  (AP) @[ IoU=0.75      | area=   all | maxDets=100 ] = 0.692
 Average Precision  (AP) @[ IoU=0.50:0.95 | area= small | maxDets=100 ] = 0.003
 Average Precision  (AP) @[ IoU=0.50:0.95 | area=medium | maxDets=100 ] = 0.694
 Average Precision  (AP) @[ IoU=0.50:0.95 | area= large | maxDets=100 ] = 0.596
 Average Recall     (AR) @[ IoU=0.50:0.95 | area=   all | maxDets=  1 ] = 0.523
 Average Recall     (AR) @[ IoU=0.50:0.95 | area=   all | maxDets= 10 ] = 0.704
 Average Recall     (AR) @[ IoU=0.50:0.95 | area=   all | maxDets=100 ] = 0.759
 Average Recall     (AR) @[ IoU=0.50:0.95 | area= small | maxDets=100 ] = 0.200
 Average Recall     (AR) @[ IoU=0.50:0.95 | area=medium | maxDets=100 ] = 0.770
 Average Recall     (AR) @[ IoU=0.50:0.95 | area= large | maxDets=100 ] = 0.757
 Average Recall     (AR) @[ IoU=0.50      | area=   all | maxDets=100 ] = 0.993
 Average Recall     (AR) @[ IoU=0.75      | area=   all | maxDets=100 ] = 0.851
best_stat: {'epoch': 12, 'coco_eval_bbox': 0.6057766480784014}
Epoch: [13/15]  [  0/392]  eta: 4:30:39  lr: 0.000013  loss: 22.4815 (22.4815)  loss_vfl: 0.2773 (0.2773)  loss_bbox: 0.1021 (0.1021)  loss_giou: 0.1967 (0.1967)  loss_fgl: 0.9815 (0.9815)  loss_vfl_aux_0: 0.3474 (0.3474)  loss_bbox_aux_0: 0.0918 (0.0918)  loss_giou_aux_0: 0.1740 (0.1740)  loss_fgl_aux_0: 1.0125 (1.0125)  loss_ddf_aux_0: 0.0555 (0.0555)  loss_vfl_aux_1: 0.3018 (0.3018)  loss_bbox_aux_1: 0.0997 (0.0997)  loss_giou_aux_1: 0.1820 (0.1820)  loss_fgl_aux_1: 0.9929 (0.9929)  loss_ddf_aux_1: 0.0079 (0.0079)  loss_vfl_aux_2: 0.2983 (0.2983)  loss_bbox_aux_2: 0.1020 (0.1020)  loss_giou_aux_2: 0.1972 (0.1972)  loss_fgl_aux_2: 0.9812 (0.9812)  loss_ddf_aux_2: 0.0006 (0.0006)  loss_vfl_aux_3: 0.2710 (0.2710)  loss_bbox_aux_3: 0.1020 (0.1020)  loss_giou_aux_3: 0.1966 (0.1966)  loss_fgl_aux_3: 0.9815 (0.9815)  loss_ddf_aux_3: 0.0000 (0.0000)  loss_vfl_aux_4: 0.2908 (0.2908)  loss_bbox_aux_4: 0.1021 (0.1021)  loss_giou_aux_4: 0.1967 (0.1967)  loss_fgl_aux_4: 0.9816 (0.9816)  loss_ddf_aux_4: -0.0001 (-0.0001)  loss_vfl_pre: 0.3499 (0.3499)  loss_bbox_pre: 0.0936 (0.0936)  loss_giou_pre: 0.1730 (0.1730)  loss_vfl_enc_0: 0.4260 (0.4260)  loss_bbox_enc_0: 0.1697 (0.1697)  loss_giou_enc_0: 0.2189 (0.2189)  loss_vfl_dn_0: 0.4187 (0.4187)  loss_bbox_dn_0: 0.2155 (0.2155)  loss_giou_dn_0: 0.2821 (0.2821)  loss_fgl_dn_0: 1.1421 (1.1421)  loss_ddf_dn_0: 0.8922 (0.8922)  loss_vfl_dn_1: 0.2830 (0.2830)  loss_bbox_dn_1: 0.1043 (0.1043)  loss_giou_dn_1: 0.1777 (0.1777)  loss_fgl_dn_1: 0.9441 (0.9441)  loss_ddf_dn_1: 0.1911 (0.1911)  loss_vfl_dn_2: 0.2693 (0.2693)  loss_bbox_dn_2: 0.0981 (0.0981)  loss_giou_dn_2: 0.1782 (0.1782)  loss_fgl_dn_2: 0.9351 (0.9351)  loss_ddf_dn_2: 0.0177 (0.0177)  loss_vfl_dn_3: 0.2622 (0.2622)  loss_bbox_dn_3: 0.0960 (0.0960)  loss_giou_dn_3: 0.1761 (0.1761)  loss_fgl_dn_3: 0.9337 (0.9337)  loss_ddf_dn_3: 0.0005 (0.0005)  loss_vfl_dn_4: 0.2615 (0.2615)  loss_bbox_dn_4: 0.0964 (0.0964)  loss_giou_dn_4: 0.1762 (0.1762)  loss_fgl_dn_4: 0.9333 (0.9333)  loss_ddf_dn_4: -0.0000 (-0.0000)  loss_vfl_dn_5: 0.2620 (0.2620)  loss_bbox_dn_5: 0.0964 (0.0964)  loss_giou_dn_5: 0.1763 (0.1763)  loss_fgl_dn_5: 0.9333 (0.9333)  loss_ddf_dn_5: 0.0000 (0.0000)  loss_vfl_dn_pre: 0.4211 (0.4211)  loss_bbox_dn_pre: 0.2544 (0.2544)  loss_giou_dn_pre: 0.2972 (0.2972)  time: 41.4276  data: 40.4962  max mem: 6437
Epoch: [13/15]  [100/392]  eta: 0:06:52  lr: 0.000013  loss: 22.1109 (23.1238)  loss_vfl: 0.2947 (0.3494)  loss_bbox: 0.0837 (0.1069)  loss_giou: 0.1900 (0.2073)  loss_fgl: 0.9557 (0.9501)  loss_vfl_aux_0: 0.3755 (0.4195)  loss_bbox_aux_0: 0.1099 (0.1281)  loss_giou_aux_0: 0.2245 (0.2317)  loss_fgl_aux_0: 1.0256 (1.0149)  loss_ddf_aux_0: 0.0786 (0.0824)  loss_vfl_aux_1: 0.3062 (0.3767)  loss_bbox_aux_1: 0.0912 (0.1096)  loss_giou_aux_1: 0.1963 (0.2106)  loss_fgl_aux_1: 0.9674 (0.9570)  loss_ddf_aux_1: 0.0114 (0.0113)  loss_vfl_aux_2: 0.2935 (0.3627)  loss_bbox_aux_2: 0.0872 (0.1071)  loss_giou_aux_2: 0.1887 (0.2076)  loss_fgl_aux_2: 0.9581 (0.9501)  loss_ddf_aux_2: 0.0006 (0.0009)  loss_vfl_aux_3: 0.2971 (0.3508)  loss_bbox_aux_3: 0.0840 (0.1069)  loss_giou_aux_3: 0.1901 (0.2073)  loss_fgl_aux_3: 0.9562 (0.9500)  loss_ddf_aux_3: 0.0000 (0.0001)  loss_vfl_aux_4: 0.2976 (0.3472)  loss_bbox_aux_4: 0.0837 (0.1069)  loss_giou_aux_4: 0.1900 (0.2073)  loss_fgl_aux_4: 0.9557 (0.9501)  loss_ddf_aux_4: -0.0000 (0.0000)  loss_vfl_pre: 0.3757 (0.4169)  loss_bbox_pre: 0.1352 (0.1310)  loss_giou_pre: 0.2283 (0.2315)  loss_vfl_enc_0: 0.4856 (0.4990)  loss_bbox_enc_0: 0.2228 (0.2351)  loss_giou_enc_0: 0.3340 (0.3303)  loss_vfl_dn_0: 0.4065 (0.4073)  loss_bbox_dn_0: 0.1929 (0.2008)  loss_giou_dn_0: 0.2898 (0.2919)  loss_fgl_dn_0: 1.1343 (1.1240)  loss_ddf_dn_0: 0.4592 (0.7014)  loss_vfl_dn_1: 0.2930 (0.2937)  loss_bbox_dn_1: 0.0935 (0.1194)  loss_giou_dn_1: 0.1791 (0.1958)  loss_fgl_dn_1: 0.9252 (0.9298)  loss_ddf_dn_1: 0.0851 (0.1348)  loss_vfl_dn_2: 0.2793 (0.2781)  loss_bbox_dn_2: 0.0869 (0.1097)  loss_giou_dn_2: 0.1683 (0.1855)  loss_fgl_dn_2: 0.8996 (0.9097)  loss_ddf_dn_2: 0.0153 (0.0263)  loss_vfl_dn_3: 0.2732 (0.2746)  loss_bbox_dn_3: 0.0851 (0.1083)  loss_giou_dn_3: 0.1677 (0.1845)  loss_fgl_dn_3: 0.9014 (0.9095)  loss_ddf_dn_3: 0.0010 (0.0018)  loss_vfl_dn_4: 0.2720 (0.2735)  loss_bbox_dn_4: 0.0826 (0.1080)  loss_giou_dn_4: 0.1674 (0.1842)  loss_fgl_dn_4: 0.9011 (0.9097)  loss_ddf_dn_4: 0.0000 (0.0000)  loss_vfl_dn_5: 0.2725 (0.2739)  loss_bbox_dn_5: 0.0826 (0.1080)  loss_giou_dn_5: 0.1674 (0.1842)  loss_fgl_dn_5: 0.9010 (0.9098)  loss_ddf_dn_5: 0.0000 (0.0000)  loss_vfl_dn_pre: 0.4087 (0.4081)  loss_bbox_dn_pre: 0.2349 (0.2245)  loss_giou_dn_pre: 0.2989 (0.2983)  time: 1.0682  data: 0.0015  max mem: 6437
Epoch: [13/15]  [200/392]  eta: 0:03:55  lr: 0.000013  loss: 22.0451 (23.0797)  loss_vfl: 0.3267 (0.3537)  loss_bbox: 0.1215 (0.1115)  loss_giou: 0.1976 (0.2118)  loss_fgl: 0.9093 (0.9411)  loss_vfl_aux_0: 0.3735 (0.4218)  loss_bbox_aux_0: 0.1512 (0.1372)  loss_giou_aux_0: 0.2598 (0.2400)  loss_fgl_aux_0: 1.0204 (1.0180)  loss_ddf_aux_0: 0.0875 (0.0892)  loss_vfl_aux_1: 0.3401 (0.3786)  loss_bbox_aux_1: 0.1189 (0.1147)  loss_giou_aux_1: 0.2145 (0.2159)  loss_fgl_aux_1: 0.9183 (0.9497)  loss_ddf_aux_1: 0.0107 (0.0118)  loss_vfl_aux_2: 0.3289 (0.3656)  loss_bbox_aux_2: 0.1195 (0.1116)  loss_giou_aux_2: 0.1952 (0.2119)  loss_fgl_aux_2: 0.9087 (0.9412)  loss_ddf_aux_2: 0.0007 (0.0009)  loss_vfl_aux_3: 0.3293 (0.3562)  loss_bbox_aux_3: 0.1165 (0.1114)  loss_giou_aux_3: 0.1978 (0.2118)  loss_fgl_aux_3: 0.9093 (0.9410)  loss_ddf_aux_3: 0.0000 (0.0001)  loss_vfl_aux_4: 0.3293 (0.3522)  loss_bbox_aux_4: 0.1215 (0.1115)  loss_giou_aux_4: 0.1977 (0.2118)  loss_fgl_aux_4: 0.9092 (0.9410)  loss_ddf_aux_4: -0.0000 (0.0000)  loss_vfl_pre: 0.3689 (0.4191)  loss_bbox_pre: 0.1493 (0.1384)  loss_giou_pre: 0.2553 (0.2389)  loss_vfl_enc_0: 0.4609 (0.5036)  loss_bbox_enc_0: 0.2683 (0.2609)  loss_giou_enc_0: 0.3715 (0.3443)  loss_vfl_dn_0: 0.4048 (0.4085)  loss_bbox_dn_0: 0.2148 (0.2056)  loss_giou_dn_0: 0.2894 (0.2953)  loss_fgl_dn_0: 1.1123 (1.1207)  loss_ddf_dn_0: 0.4284 (0.5954)  loss_vfl_dn_1: 0.2820 (0.2934)  loss_bbox_dn_1: 0.1136 (0.1201)  loss_giou_dn_1: 0.1938 (0.1971)  loss_fgl_dn_1: 0.8996 (0.9221)  loss_ddf_dn_1: 0.0712 (0.1120)  loss_vfl_dn_2: 0.2615 (0.2771)  loss_bbox_dn_2: 0.1063 (0.1095)  loss_giou_dn_2: 0.1815 (0.1865)  loss_fgl_dn_2: 0.8814 (0.9005)  loss_ddf_dn_2: 0.0141 (0.0214)  loss_vfl_dn_3: 0.2598 (0.2740)  loss_bbox_dn_3: 0.1050 (0.1080)  loss_giou_dn_3: 0.1823 (0.1855)  loss_fgl_dn_3: 0.8791 (0.9003)  loss_ddf_dn_3: 0.0009 (0.0015)  loss_vfl_dn_4: 0.2583 (0.2730)  loss_bbox_dn_4: 0.1056 (0.1076)  loss_giou_dn_4: 0.1820 (0.1852)  loss_fgl_dn_4: 0.8786 (0.9005)  loss_ddf_dn_4: 0.0000 (0.0000)  loss_vfl_dn_5: 0.2610 (0.2736)  loss_bbox_dn_5: 0.1056 (0.1076)  loss_giou_dn_5: 0.1820 (0.1852)  loss_fgl_dn_5: 0.8786 (0.9005)  loss_ddf_dn_5: 0.0000 (0.0000)  loss_vfl_dn_pre: 0.4082 (0.4091)  loss_bbox_dn_pre: 0.2239 (0.2320)  loss_giou_dn_pre: 0.3008 (0.3027)  time: 1.1551  data: 0.0013  max mem: 6437
Epoch: [13/15]  [300/392]  eta: 0:01:46  lr: 0.000013  loss: 24.6059 (23.1152)  loss_vfl: 0.3369 (0.3551)  loss_bbox: 0.1084 (0.1136)  loss_giou: 0.2059 (0.2141)  loss_fgl: 0.9636 (0.9407)  loss_vfl_aux_0: 0.4214 (0.4227)  loss_bbox_aux_0: 0.1343 (0.1381)  loss_giou_aux_0: 0.2362 (0.2414)  loss_fgl_aux_0: 1.0385 (1.0166)  loss_ddf_aux_0: 0.0772 (0.0867)  loss_vfl_aux_1: 0.3701 (0.3820)  loss_bbox_aux_1: 0.1196 (0.1171)  loss_giou_aux_1: 0.2194 (0.2181)  loss_fgl_aux_1: 0.9780 (0.9496)  loss_ddf_aux_1: 0.0101 (0.0118)  loss_vfl_aux_2: 0.3518 (0.3671)  loss_bbox_aux_2: 0.1082 (0.1138)  loss_giou_aux_2: 0.2073 (0.2143)  loss_fgl_aux_2: 0.9668 (0.9409)  loss_ddf_aux_2: 0.0011 (0.0009)  loss_vfl_aux_3: 0.3354 (0.3550)  loss_bbox_aux_3: 0.1084 (0.1136)  loss_giou_aux_3: 0.2092 (0.2142)  loss_fgl_aux_3: 0.9649 (0.9406)  loss_ddf_aux_3: 0.0001 (0.0001)  loss_vfl_aux_4: 0.3372 (0.3531)  loss_bbox_aux_4: 0.1084 (0.1136)  loss_giou_aux_4: 0.2059 (0.2141)  loss_fgl_aux_4: 0.9635 (0.9407)  loss_ddf_aux_4: 0.0001 (0.0000)  loss_vfl_pre: 0.4177 (0.4200)  loss_bbox_pre: 0.1517 (0.1391)  loss_giou_pre: 0.2463 (0.2403)  loss_vfl_enc_0: 0.5024 (0.5000)  loss_bbox_enc_0: 0.2936 (0.2605)  loss_giou_enc_0: 0.3490 (0.3438)  loss_vfl_dn_0: 0.4102 (0.4102)  loss_bbox_dn_0: 0.2260 (0.2072)  loss_giou_dn_0: 0.3016 (0.2970)  loss_fgl_dn_0: 1.1222 (1.1214)  loss_ddf_dn_0: 0.5409 (0.5799)  loss_vfl_dn_1: 0.3062 (0.2946)  loss_bbox_dn_1: 0.1261 (0.1226)  loss_giou_dn_1: 0.2213 (0.1986)  loss_fgl_dn_1: 0.9552 (0.9226)  loss_ddf_dn_1: 0.0971 (0.1072)  loss_vfl_dn_2: 0.2856 (0.2778)  loss_bbox_dn_2: 0.1137 (0.1119)  loss_giou_dn_2: 0.2057 (0.1878)  loss_fgl_dn_2: 0.9222 (0.9007)  loss_ddf_dn_2: 0.0219 (0.0210)  loss_vfl_dn_3: 0.2798 (0.2743)  loss_bbox_dn_3: 0.1156 (0.1101)  loss_giou_dn_3: 0.2063 (0.1867)  loss_fgl_dn_3: 0.9229 (0.9002)  loss_ddf_dn_3: 0.0009 (0.0013)  loss_vfl_dn_4: 0.2830 (0.2733)  loss_bbox_dn_4: 0.1154 (0.1097)  loss_giou_dn_4: 0.2060 (0.1864)  loss_fgl_dn_4: 0.9227 (0.9004)  loss_ddf_dn_4: 0.0000 (0.0000)  loss_vfl_dn_5: 0.2837 (0.2738)  loss_bbox_dn_5: 0.1154 (0.1097)  loss_giou_dn_5: 0.2060 (0.1864)  loss_fgl_dn_5: 0.9226 (0.9004)  loss_ddf_dn_5: 0.0000 (0.0000)  loss_vfl_dn_pre: 0.4111 (0.4108)  loss_bbox_dn_pre: 0.2675 (0.2334)  loss_giou_dn_pre: 0.3107 (0.3042)  time: 1.0472  data: 0.0012  max mem: 6437
Epoch: [13/15]  [391/392]  eta: 0:00:01  lr: 0.000013  loss: 21.7885 (23.0170)  loss_vfl: 0.3110 (0.3569)  loss_bbox: 0.0971 (0.1137)  loss_giou: 0.1709 (0.2103)  loss_fgl: 0.9171 (0.9352)  loss_vfl_aux_0: 0.4124 (0.4271)  loss_bbox_aux_0: 0.1035 (0.1380)  loss_giou_aux_0: 0.2106 (0.2368)  loss_fgl_aux_0: 0.9872 (1.0100)  loss_ddf_aux_0: 0.0668 (0.0850)  loss_vfl_aux_1: 0.3645 (0.3855)  loss_bbox_aux_1: 0.0921 (0.1174)  loss_giou_aux_1: 0.1727 (0.2141)  loss_fgl_aux_1: 0.9166 (0.9441)  loss_ddf_aux_1: 0.0095 (0.0116)  loss_vfl_aux_2: 0.3164 (0.3703)  loss_bbox_aux_2: 0.0960 (0.1140)  loss_giou_aux_2: 0.1731 (0.2106)  loss_fgl_aux_2: 0.9183 (0.9356)  loss_ddf_aux_2: 0.0008 (0.0010)  loss_vfl_aux_3: 0.3147 (0.3575)  loss_bbox_aux_3: 0.0971 (0.1137)  loss_giou_aux_3: 0.1708 (0.2103)  loss_fgl_aux_3: 0.9171 (0.9352)  loss_ddf_aux_3: 0.0001 (0.0001)  loss_vfl_aux_4: 0.3064 (0.3552)  loss_bbox_aux_4: 0.0971 (0.1137)  loss_giou_aux_4: 0.1708 (0.2103)  loss_fgl_aux_4: 0.9171 (0.9352)  loss_ddf_aux_4: 0.0000 (0.0000)  loss_vfl_pre: 0.4077 (0.4250)  loss_bbox_pre: 0.1060 (0.1385)  loss_giou_pre: 0.2060 (0.2355)  loss_vfl_enc_0: 0.4810 (0.5017)  loss_bbox_enc_0: 0.2203 (0.2605)  loss_giou_enc_0: 0.3354 (0.3412)  loss_vfl_dn_0: 0.3999 (0.4085)  loss_bbox_dn_0: 0.1798 (0.2074)  loss_giou_dn_0: 0.2771 (0.2940)  loss_fgl_dn_0: 1.1005 (1.1173)  loss_ddf_dn_0: 0.4882 (0.5651)  loss_vfl_dn_1: 0.2764 (0.2927)  loss_bbox_dn_1: 0.0944 (0.1237)  loss_giou_dn_1: 0.1719 (0.1963)  loss_fgl_dn_1: 0.9126 (0.9197)  loss_ddf_dn_1: 0.0981 (0.1057)  loss_vfl_dn_2: 0.2605 (0.2761)  loss_bbox_dn_2: 0.0879 (0.1130)  loss_giou_dn_2: 0.1646 (0.1859)  loss_fgl_dn_2: 0.8760 (0.8980)  loss_ddf_dn_2: 0.0226 (0.0216)  loss_vfl_dn_3: 0.2510 (0.2724)  loss_bbox_dn_3: 0.0873 (0.1113)  loss_giou_dn_3: 0.1632 (0.1848)  loss_fgl_dn_3: 0.8777 (0.8976)  loss_ddf_dn_3: 0.0009 (0.0013)  loss_vfl_dn_4: 0.2502 (0.2713)  loss_bbox_dn_4: 0.0874 (0.1109)  loss_giou_dn_4: 0.1628 (0.1845)  loss_fgl_dn_4: 0.8774 (0.8977)  loss_ddf_dn_4: 0.0000 (0.0000)  loss_vfl_dn_5: 0.2502 (0.2718)  loss_bbox_dn_5: 0.0874 (0.1109)  loss_giou_dn_5: 0.1628 (0.1845)  loss_fgl_dn_5: 0.8774 (0.8978)  loss_ddf_dn_5: 0.0000 (0.0000)  loss_vfl_dn_pre: 0.4014 (0.4091)  loss_bbox_dn_pre: 0.1914 (0.2338)  loss_giou_dn_pre: 0.2787 (0.3012)  time: 0.9916  data: 0.0010  max mem: 6437
Epoch: [13/15] Total time: 0:07:21 (1.1253 s / it)
Averaged stats: lr: 0.000013  loss: 21.7885 (23.0170)  loss_vfl: 0.3110 (0.3569)  loss_bbox: 0.0971 (0.1137)  loss_giou: 0.1709 (0.2103)  loss_fgl: 0.9171 (0.9352)  loss_vfl_aux_0: 0.4124 (0.4271)  loss_bbox_aux_0: 0.1035 (0.1380)  loss_giou_aux_0: 0.2106 (0.2368)  loss_fgl_aux_0: 0.9872 (1.0100)  loss_ddf_aux_0: 0.0668 (0.0850)  loss_vfl_aux_1: 0.3645 (0.3855)  loss_bbox_aux_1: 0.0921 (0.1174)  loss_giou_aux_1: 0.1727 (0.2141)  loss_fgl_aux_1: 0.9166 (0.9441)  loss_ddf_aux_1: 0.0095 (0.0116)  loss_vfl_aux_2: 0.3164 (0.3703)  loss_bbox_aux_2: 0.0960 (0.1140)  loss_giou_aux_2: 0.1731 (0.2106)  loss_fgl_aux_2: 0.9183 (0.9356)  loss_ddf_aux_2: 0.0008 (0.0010)  loss_vfl_aux_3: 0.3147 (0.3575)  loss_bbox_aux_3: 0.0971 (0.1137)  loss_giou_aux_3: 0.1708 (0.2103)  loss_fgl_aux_3: 0.9171 (0.9352)  loss_ddf_aux_3: 0.0001 (0.0001)  loss_vfl_aux_4: 0.3064 (0.3552)  loss_bbox_aux_4: 0.0971 (0.1137)  loss_giou_aux_4: 0.1708 (0.2103)  loss_fgl_aux_4: 0.9171 (0.9352)  loss_ddf_aux_4: 0.0000 (0.0000)  loss_vfl_pre: 0.4077 (0.4250)  loss_bbox_pre: 0.1060 (0.1385)  loss_giou_pre: 0.2060 (0.2355)  loss_vfl_enc_0: 0.4810 (0.5017)  loss_bbox_enc_0: 0.2203 (0.2605)  loss_giou_enc_0: 0.3354 (0.3412)  loss_vfl_dn_0: 0.3999 (0.4085)  loss_bbox_dn_0: 0.1798 (0.2074)  loss_giou_dn_0: 0.2771 (0.2940)  loss_fgl_dn_0: 1.1005 (1.1173)  loss_ddf_dn_0: 0.4882 (0.5651)  loss_vfl_dn_1: 0.2764 (0.2927)  loss_bbox_dn_1: 0.0944 (0.1237)  loss_giou_dn_1: 0.1719 (0.1963)  loss_fgl_dn_1: 0.9126 (0.9197)  loss_ddf_dn_1: 0.0981 (0.1057)  loss_vfl_dn_2: 0.2605 (0.2761)  loss_bbox_dn_2: 0.0879 (0.1130)  loss_giou_dn_2: 0.1646 (0.1859)  loss_fgl_dn_2: 0.8760 (0.8980)  loss_ddf_dn_2: 0.0226 (0.0216)  loss_vfl_dn_3: 0.2510 (0.2724)  loss_bbox_dn_3: 0.0873 (0.1113)  loss_giou_dn_3: 0.1632 (0.1848)  loss_fgl_dn_3: 0.8777 (0.8976)  loss_ddf_dn_3: 0.0009 (0.0013)  loss_vfl_dn_4: 0.2502 (0.2713)  loss_bbox_dn_4: 0.0874 (0.1109)  loss_giou_dn_4: 0.1628 (0.1845)  loss_fgl_dn_4: 0.8774 (0.8977)  loss_ddf_dn_4: 0.0000 (0.0000)  loss_vfl_dn_5: 0.2502 (0.2718)  loss_bbox_dn_5: 0.0874 (0.1109)  loss_giou_dn_5: 0.1628 (0.1845)  loss_fgl_dn_5: 0.8774 (0.8978)  loss_ddf_dn_5: 0.0000 (0.0000)  loss_vfl_dn_pre: 0.4014 (0.4091)  loss_bbox_dn_pre: 0.1914 (0.2338)  loss_giou_dn_pre: 0.2787 (0.3012)
Test:  [ 0/49]  eta: 0:35:26    time: 43.4080  data: 43.1601  max mem: 6437
Test:  [10/49]  eta: 0:02:44    time: 4.2155  data: 3.9247  max mem: 6437
Test:  [20/49]  eta: 0:01:08    time: 0.2959  data: 0.0011  max mem: 6437
Test:  [30/49]  eta: 0:00:32    time: 0.2951  data: 0.0011  max mem: 6437
Test:  [40/49]  eta: 0:00:12    time: 0.2881  data: 0.0012  max mem: 6437
Test:  [48/49]  eta: 0:00:01    time: 0.2908  data: 0.0010  max mem: 6437
Test: Total time: 0:00:58 (1.1883 s / it)
Metrics: {'f1': 0.8894062863795109, 'precision': 0.8822170900692841, 'recall': 0.8967136150234741, 'iou': 0.7135991074254178, 'TPs': 382, 'FPs': 51, 'FNs': 44}
Averaged stats: 
Accumulating evaluation results...
COCOeval_opt.accumulate() finished...
DONE (t=0.04s).
IoU metric: bbox
 Average Precision  (AP) @[ IoU=0.50:0.95 | area=   all | maxDets=100 ] = 0.602
 Average Precision  (AP) @[ IoU=0.50      | area=   all | maxDets=100 ] = 0.867
 Average Precision  (AP) @[ IoU=0.75      | area=   all | maxDets=100 ] = 0.680
 Average Precision  (AP) @[ IoU=0.50:0.95 | area= small | maxDets=100 ] = 0.043
 Average Precision  (AP) @[ IoU=0.50:0.95 | area=medium | maxDets=100 ] = 0.671
 Average Precision  (AP) @[ IoU=0.50:0.95 | area= large | maxDets=100 ] = 0.588
 Average Recall     (AR) @[ IoU=0.50:0.95 | area=   all | maxDets=  1 ] = 0.524
 Average Recall     (AR) @[ IoU=0.50:0.95 | area=   all | maxDets= 10 ] = 0.711
 Average Recall     (AR) @[ IoU=0.50:0.95 | area=   all | maxDets=100 ] = 0.762
 Average Recall     (AR) @[ IoU=0.50:0.95 | area= small | maxDets=100 ] = 0.267
 Average Recall     (AR) @[ IoU=0.50:0.95 | area=medium | maxDets=100 ] = 0.784
 Average Recall     (AR) @[ IoU=0.50:0.95 | area= large | maxDets=100 ] = 0.759
 Average Recall     (AR) @[ IoU=0.50      | area=   all | maxDets=100 ] = 0.993
 Average Recall     (AR) @[ IoU=0.75      | area=   all | maxDets=100 ] = 0.836
best_stat: {'epoch': 12, 'coco_eval_bbox': 0.6057766480784014}
Load last_epoch
Load model.state_dict
Load criterion.state_dict
Load postprocessor.state_dict
Load ema.state_dict
Load scaler.state_dict
Load optimizer.state_dict
Load lr_scheduler.state_dict
Load lr_warmup_scheduler.state_dict
Refresh EMA at epoch 13 with decay 0.9997
Epoch: [14/15]  [  0/392]  eta: 4:44:08  lr: 0.000013  loss: 21.4520 (21.4520)  loss_vfl: 0.3975 (0.3975)  loss_bbox: 0.0520 (0.0520)  loss_giou: 0.2296 (0.2296)  loss_fgl: 0.9311 (0.9311)  loss_vfl_aux_0: 0.4377 (0.4377)  loss_bbox_aux_0: 0.0670 (0.0670)  loss_giou_aux_0: 0.2261 (0.2261)  loss_fgl_aux_0: 1.0263 (1.0263)  loss_ddf_aux_0: 0.0731 (0.0731)  loss_vfl_aux_1: 0.4238 (0.4238)  loss_bbox_aux_1: 0.0562 (0.0562)  loss_giou_aux_1: 0.2265 (0.2265)  loss_fgl_aux_1: 0.9420 (0.9420)  loss_ddf_aux_1: 0.0095 (0.0095)  loss_vfl_aux_2: 0.3445 (0.3445)  loss_bbox_aux_2: 0.0516 (0.0516)  loss_giou_aux_2: 0.2259 (0.2259)  loss_fgl_aux_2: 0.9327 (0.9327)  loss_ddf_aux_2: 0.0007 (0.0007)  loss_vfl_aux_3: 0.3562 (0.3562)  loss_bbox_aux_3: 0.0520 (0.0520)  loss_giou_aux_3: 0.2296 (0.2296)  loss_fgl_aux_3: 0.9309 (0.9309)  loss_ddf_aux_3: -0.0000 (-0.0000)  loss_vfl_aux_4: 0.3831 (0.3831)  loss_bbox_aux_4: 0.0520 (0.0520)  loss_giou_aux_4: 0.2296 (0.2296)  loss_fgl_aux_4: 0.9309 (0.9309)  loss_ddf_aux_4: 0.0000 (0.0000)  loss_vfl_pre: 0.4299 (0.4299)  loss_bbox_pre: 0.0697 (0.0697)  loss_giou_pre: 0.2243 (0.2243)  loss_vfl_enc_0: 0.6440 (0.6440)  loss_bbox_enc_0: 0.1340 (0.1340)  loss_giou_enc_0: 0.3243 (0.3243)  loss_vfl_dn_0: 0.3806 (0.3806)  loss_bbox_dn_0: 0.1253 (0.1253)  loss_giou_dn_0: 0.2877 (0.2877)  loss_fgl_dn_0: 1.0929 (1.0929)  loss_ddf_dn_0: 0.3336 (0.3336)  loss_vfl_dn_1: 0.2549 (0.2549)  loss_bbox_dn_1: 0.0645 (0.0645)  loss_giou_dn_1: 0.1841 (0.1841)  loss_fgl_dn_1: 0.8737 (0.8737)  loss_ddf_dn_1: 0.0409 (0.0409)  loss_vfl_dn_2: 0.2489 (0.2489)  loss_bbox_dn_2: 0.0582 (0.0582)  loss_giou_dn_2: 0.1782 (0.1782)  loss_fgl_dn_2: 0.8531 (0.8531)  loss_ddf_dn_2: 0.0028 (0.0028)  loss_vfl_dn_3: 0.2440 (0.2440)  loss_bbox_dn_3: 0.0564 (0.0564)  loss_giou_dn_3: 0.1762 (0.1762)  loss_fgl_dn_3: 0.8500 (0.8500)  loss_ddf_dn_3: 0.0001 (0.0001)  loss_vfl_dn_4: 0.2426 (0.2426)  loss_bbox_dn_4: 0.0563 (0.0563)  loss_giou_dn_4: 0.1757 (0.1757)  loss_fgl_dn_4: 0.8500 (0.8500)  loss_ddf_dn_4: 0.0000 (0.0000)  loss_vfl_dn_5: 0.2427 (0.2427)  loss_bbox_dn_5: 0.0563 (0.0563)  loss_giou_dn_5: 0.1757 (0.1757)  loss_fgl_dn_5: 0.8501 (0.8501)  loss_ddf_dn_5: 0.0000 (0.0000)  loss_vfl_dn_pre: 0.3813 (0.3813)  loss_bbox_dn_pre: 0.1683 (0.1683)  loss_giou_dn_pre: 0.3025 (0.3025)  time: 43.4908  data: 42.4565  max mem: 6437
Epoch: [14/15]  [100/392]  eta: 0:06:51  lr: 0.000013  loss: 23.2982 (24.1720)  loss_vfl: 0.3464 (0.3961)  loss_bbox: 0.1163 (0.1254)  loss_giou: 0.2186 (0.2353)  loss_fgl: 0.9505 (0.9626)  loss_vfl_aux_0: 0.4114 (0.4567)  loss_bbox_aux_0: 0.1285 (0.1510)  loss_giou_aux_0: 0.2225 (0.2580)  loss_fgl_aux_0: 1.0167 (1.0323)  loss_ddf_aux_0: 0.0786 (0.0850)  loss_vfl_aux_1: 0.3816 (0.4209)  loss_bbox_aux_1: 0.1146 (0.1287)  loss_giou_aux_1: 0.2034 (0.2377)  loss_fgl_aux_1: 0.9641 (0.9692)  loss_ddf_aux_1: 0.0133 (0.0118)  loss_vfl_aux_2: 0.3433 (0.4053)  loss_bbox_aux_2: 0.1178 (0.1260)  loss_giou_aux_2: 0.2169 (0.2356)  loss_fgl_aux_2: 0.9503 (0.9621)  loss_ddf_aux_2: 0.0011 (0.0011)  loss_vfl_aux_3: 0.3367 (0.3972)  loss_bbox_aux_3: 0.1163 (0.1258)  loss_giou_aux_3: 0.2193 (0.2354)  loss_fgl_aux_3: 0.9506 (0.9626)  loss_ddf_aux_3: 0.0001 (0.0002)  loss_vfl_aux_4: 0.3484 (0.3981)  loss_bbox_aux_4: 0.1163 (0.1254)  loss_giou_aux_4: 0.2188 (0.2353)  loss_fgl_aux_4: 0.9503 (0.9625)  loss_ddf_aux_4: 0.0001 (0.0000)  loss_vfl_pre: 0.4197 (0.4566)  loss_bbox_pre: 0.1250 (0.1502)  loss_giou_pre: 0.2172 (0.2572)  loss_vfl_enc_0: 0.4927 (0.5454)  loss_bbox_enc_0: 0.2353 (0.2643)  loss_giou_enc_0: 0.3217 (0.3552)  loss_vfl_dn_0: 0.4275 (0.4276)  loss_bbox_dn_0: 0.1974 (0.2269)  loss_giou_dn_0: 0.3092 (0.3244)  loss_fgl_dn_0: 1.1274 (1.1386)  loss_ddf_dn_0: 0.4928 (0.4866)  loss_vfl_dn_1: 0.3044 (0.3119)  loss_bbox_dn_1: 0.1136 (0.1343)  loss_giou_dn_1: 0.2019 (0.2154)  loss_fgl_dn_1: 0.9311 (0.9490)  loss_ddf_dn_1: 0.0749 (0.0759)  loss_vfl_dn_2: 0.2830 (0.2964)  loss_bbox_dn_2: 0.1112 (0.1230)  loss_giou_dn_2: 0.2015 (0.2054)  loss_fgl_dn_2: 0.9174 (0.9289)  loss_ddf_dn_2: 0.0099 (0.0094)  loss_vfl_dn_3: 0.2778 (0.2911)  loss_bbox_dn_3: 0.1093 (0.1209)  loss_giou_dn_3: 0.1989 (0.2042)  loss_fgl_dn_3: 0.9190 (0.9284)  loss_ddf_dn_3: 0.0004 (0.0006)  loss_vfl_dn_4: 0.2754 (0.2909)  loss_bbox_dn_4: 0.1090 (0.1202)  loss_giou_dn_4: 0.1982 (0.2038)  loss_fgl_dn_4: 0.9189 (0.9286)  loss_ddf_dn_4: 0.0000 (0.0000)  loss_vfl_dn_5: 0.2761 (0.2919)  loss_bbox_dn_5: 0.1089 (0.1202)  loss_giou_dn_5: 0.1981 (0.2038)  loss_fgl_dn_5: 0.9188 (0.9287)  loss_ddf_dn_5: 0.0000 (0.0000)  loss_vfl_dn_pre: 0.4290 (0.4273)  loss_bbox_dn_pre: 0.2322 (0.2537)  loss_giou_dn_pre: 0.3105 (0.3319)  time: 1.0051  data: 0.0007  max mem: 6437
Epoch: [14/15]  [200/392]  eta: 0:03:54  lr: 0.000013  loss: 23.3957 (24.2903)  loss_vfl: 0.3301 (0.3957)  loss_bbox: 0.1103 (0.1308)  loss_giou: 0.2084 (0.2347)  loss_fgl: 0.9440 (0.9628)  loss_vfl_aux_0: 0.4341 (0.4741)  loss_bbox_aux_0: 0.1407 (0.1565)  loss_giou_aux_0: 0.2358 (0.2593)  loss_fgl_aux_0: 1.0024 (1.0339)  loss_ddf_aux_0: 0.0836 (0.0883)  loss_vfl_aux_1: 0.3486 (0.4303)  loss_bbox_aux_1: 0.1133 (0.1342)  loss_giou_aux_1: 0.2142 (0.2370)  loss_fgl_aux_1: 0.9572 (0.9711)  loss_ddf_aux_1: 0.0106 (0.0119)  loss_vfl_aux_2: 0.3245 (0.4108)  loss_bbox_aux_2: 0.1100 (0.1312)  loss_giou_aux_2: 0.2107 (0.2350)  loss_fgl_aux_2: 0.9444 (0.9625)  loss_ddf_aux_2: 0.0007 (0.0010)  loss_vfl_aux_3: 0.3328 (0.4000)  loss_bbox_aux_3: 0.1103 (0.1309)  loss_giou_aux_3: 0.2086 (0.2347)  loss_fgl_aux_3: 0.9439 (0.9627)  loss_ddf_aux_3: 0.0001 (0.0001)  loss_vfl_aux_4: 0.3364 (0.3959)  loss_bbox_aux_4: 0.1103 (0.1308)  loss_giou_aux_4: 0.2085 (0.2347)  loss_fgl_aux_4: 0.9437 (0.9627)  loss_ddf_aux_4: 0.0000 (0.0000)  loss_vfl_pre: 0.4265 (0.4735)  loss_bbox_pre: 0.1295 (0.1564)  loss_giou_pre: 0.2362 (0.2583)  loss_vfl_enc_0: 0.4597 (0.5533)  loss_bbox_enc_0: 0.2821 (0.2742)  loss_giou_enc_0: 0.3447 (0.3619)  loss_vfl_dn_0: 0.4141 (0.4255)  loss_bbox_dn_0: 0.2058 (0.2304)  loss_giou_dn_0: 0.2971 (0.3237)  loss_fgl_dn_0: 1.1342 (1.1391)  loss_ddf_dn_0: 0.5039 (0.4736)  loss_vfl_dn_1: 0.3069 (0.3103)  loss_bbox_dn_1: 0.1319 (0.1383)  loss_giou_dn_1: 0.1972 (0.2166)  loss_fgl_dn_1: 0.9513 (0.9492)  loss_ddf_dn_1: 0.0896 (0.0761)  loss_vfl_dn_2: 0.2910 (0.2944)  loss_bbox_dn_2: 0.1180 (0.1272)  loss_giou_dn_2: 0.1887 (0.2060)  loss_fgl_dn_2: 0.9078 (0.9274)  loss_ddf_dn_2: 0.0102 (0.0097)  loss_vfl_dn_3: 0.2866 (0.2897)  loss_bbox_dn_3: 0.1187 (0.1252)  loss_giou_dn_3: 0.1874 (0.2048)  loss_fgl_dn_3: 0.9080 (0.9270)  loss_ddf_dn_3: 0.0004 (0.0006)  loss_vfl_dn_4: 0.2852 (0.2888)  loss_bbox_dn_4: 0.1186 (0.1247)  loss_giou_dn_4: 0.1879 (0.2044)  loss_fgl_dn_4: 0.9090 (0.9272)  loss_ddf_dn_4: 0.0000 (0.0000)  loss_vfl_dn_5: 0.2864 (0.2896)  loss_bbox_dn_5: 0.1186 (0.1247)  loss_giou_dn_5: 0.1878 (0.2044)  loss_fgl_dn_5: 0.9089 (0.9272)  loss_ddf_dn_5: 0.0000 (0.0000)  loss_vfl_dn_pre: 0.4150 (0.4254)  loss_bbox_dn_pre: 0.2506 (0.2568)  loss_giou_dn_pre: 0.3067 (0.3310)  time: 0.9901  data: 0.0011  max mem: 6437
Epoch: [14/15]  [300/392]  eta: 0:01:45  lr: 0.000013  loss: 22.6629 (24.2438)  loss_vfl: 0.3245 (0.3970)  loss_bbox: 0.0940 (0.1318)  loss_giou: 0.1912 (0.2317)  loss_fgl: 0.9275 (0.9639)  loss_vfl_aux_0: 0.3948 (0.4689)  loss_bbox_aux_0: 0.1129 (0.1574)  loss_giou_aux_0: 0.2192 (0.2569)  loss_fgl_aux_0: 1.0146 (1.0332)  loss_ddf_aux_0: 0.0779 (0.0843)  loss_vfl_aux_1: 0.3708 (0.4301)  loss_bbox_aux_1: 0.1089 (0.1356)  loss_giou_aux_1: 0.1902 (0.2349)  loss_fgl_aux_1: 0.9553 (0.9720)  loss_ddf_aux_1: 0.0112 (0.0114)  loss_vfl_aux_2: 0.3408 (0.4102)  loss_bbox_aux_2: 0.0945 (0.1321)  loss_giou_aux_2: 0.1908 (0.2320)  loss_fgl_aux_2: 0.9311 (0.9638)  loss_ddf_aux_2: 0.0006 (0.0010)  loss_vfl_aux_3: 0.3372 (0.4001)  loss_bbox_aux_3: 0.0939 (0.1318)  loss_giou_aux_3: 0.1916 (0.2316)  loss_fgl_aux_3: 0.9273 (0.9638)  loss_ddf_aux_3: 0.0001 (0.0001)  loss_vfl_aux_4: 0.3237 (0.3962)  loss_bbox_aux_4: 0.0940 (0.1318)  loss_giou_aux_4: 0.1912 (0.2316)  loss_fgl_aux_4: 0.9274 (0.9639)  loss_ddf_aux_4: 0.0001 (0.0000)  loss_vfl_pre: 0.3872 (0.4681)  loss_bbox_pre: 0.1120 (0.1580)  loss_giou_pre: 0.2099 (0.2563)  loss_vfl_enc_0: 0.4897 (0.5456)  loss_bbox_enc_0: 0.2540 (0.2766)  loss_giou_enc_0: 0.3030 (0.3581)  loss_vfl_dn_0: 0.4231 (0.4252)  loss_bbox_dn_0: 0.1893 (0.2336)  loss_giou_dn_0: 0.2881 (0.3231)  loss_fgl_dn_0: 1.1065 (1.1398)  loss_ddf_dn_0: 0.3875 (0.4547)  loss_vfl_dn_1: 0.2971 (0.3095)  loss_bbox_dn_1: 0.1101 (0.1407)  loss_giou_dn_1: 0.1920 (0.2163)  loss_fgl_dn_1: 0.9208 (0.9477)  loss_ddf_dn_1: 0.0476 (0.0707)  loss_vfl_dn_2: 0.2776 (0.2935)  loss_bbox_dn_2: 0.0923 (0.1295)  loss_giou_dn_2: 0.1837 (0.2055)  loss_fgl_dn_2: 0.8933 (0.9266)  loss_ddf_dn_2: 0.0043 (0.0088)  loss_vfl_dn_3: 0.2773 (0.2891)  loss_bbox_dn_3: 0.0919 (0.1277)  loss_giou_dn_3: 0.1831 (0.2043)  loss_fgl_dn_3: 0.8915 (0.9260)  loss_ddf_dn_3: 0.0004 (0.0006)  loss_vfl_dn_4: 0.2734 (0.2885)  loss_bbox_dn_4: 0.0919 (0.1273)  loss_giou_dn_4: 0.1833 (0.2040)  loss_fgl_dn_4: 0.8918 (0.9262)  loss_ddf_dn_4: 0.0000 (0.0000)  loss_vfl_dn_5: 0.2737 (0.2893)  loss_bbox_dn_5: 0.0920 (0.1273)  loss_giou_dn_5: 0.1833 (0.2040)  loss_fgl_dn_5: 0.8917 (0.9262)  loss_ddf_dn_5: 0.0000 (0.0000)  loss_vfl_dn_pre: 0.4265 (0.4252)  loss_bbox_dn_pre: 0.2256 (0.2603)  loss_giou_dn_pre: 0.3062 (0.3305)  time: 1.0101  data: 0.0007  max mem: 6437
Epoch: [14/15]  [391/392]  eta: 0:00:01  lr: 0.000013  loss: 24.3143 (24.5136)  loss_vfl: 0.3635 (0.3990)  loss_bbox: 0.1141 (0.1346)  loss_giou: 0.1981 (0.2376)  loss_fgl: 0.9437 (0.9674)  loss_vfl_aux_0: 0.4570 (0.4778)  loss_bbox_aux_0: 0.1429 (0.1626)  loss_giou_aux_0: 0.2408 (0.2653)  loss_fgl_aux_0: 1.0484 (1.0394)  loss_ddf_aux_0: 0.0785 (0.0856)  loss_vfl_aux_1: 0.4111 (0.4360)  loss_bbox_aux_1: 0.1217 (0.1388)  loss_giou_aux_1: 0.2039 (0.2416)  loss_fgl_aux_1: 0.9432 (0.9763)  loss_ddf_aux_1: 0.0110 (0.0119)  loss_vfl_aux_2: 0.4170 (0.4170)  loss_bbox_aux_2: 0.1127 (0.1349)  loss_giou_aux_2: 0.1964 (0.2380)  loss_fgl_aux_2: 0.9469 (0.9673)  loss_ddf_aux_2: 0.0011 (0.0010)  loss_vfl_aux_3: 0.3728 (0.4032)  loss_bbox_aux_3: 0.1139 (0.1347)  loss_giou_aux_3: 0.1980 (0.2376)  loss_fgl_aux_3: 0.9442 (0.9673)  loss_ddf_aux_3: -0.0000 (0.0001)  loss_vfl_aux_4: 0.3713 (0.3985)  loss_bbox_aux_4: 0.1140 (0.1346)  loss_giou_aux_4: 0.1980 (0.2376)  loss_fgl_aux_4: 0.9439 (0.9674)  loss_ddf_aux_4: -0.0000 (0.0000)  loss_vfl_pre: 0.4561 (0.4768)  loss_bbox_pre: 0.1470 (0.1638)  loss_giou_pre: 0.2338 (0.2646)  loss_vfl_enc_0: 0.5571 (0.5563)  loss_bbox_enc_0: 0.3433 (0.2900)  loss_giou_enc_0: 0.3685 (0.3705)  loss_vfl_dn_0: 0.4233 (0.4276)  loss_bbox_dn_0: 0.2192 (0.2375)  loss_giou_dn_0: 0.2911 (0.3291)  loss_fgl_dn_0: 1.1458 (1.1436)  loss_ddf_dn_0: 0.4231 (0.4614)  loss_vfl_dn_1: 0.3047 (0.3129)  loss_bbox_dn_1: 0.1424 (0.1427)  loss_giou_dn_1: 0.2083 (0.2205)  loss_fgl_dn_1: 0.9524 (0.9526)  loss_ddf_dn_1: 0.0470 (0.0685)  loss_vfl_dn_2: 0.2893 (0.2962)  loss_bbox_dn_2: 0.1292 (0.1312)  loss_giou_dn_2: 0.1961 (0.2094)  loss_fgl_dn_2: 0.9171 (0.9313)  loss_ddf_dn_2: 0.0050 (0.0082)  loss_vfl_dn_3: 0.2844 (0.2919)  loss_bbox_dn_3: 0.1273 (0.1291)  loss_giou_dn_3: 0.1923 (0.2081)  loss_fgl_dn_3: 0.9160 (0.9307)  loss_ddf_dn_3: 0.0002 (0.0005)  loss_vfl_dn_4: 0.2834 (0.2912)  loss_bbox_dn_4: 0.1267 (0.1288)  loss_giou_dn_4: 0.1919 (0.2078)  loss_fgl_dn_4: 0.9164 (0.9308)  loss_ddf_dn_4: 0.0000 (0.0000)  loss_vfl_dn_5: 0.2815 (0.2918)  loss_bbox_dn_5: 0.1267 (0.1288)  loss_giou_dn_5: 0.1919 (0.2078)  loss_fgl_dn_5: 0.9164 (0.9309)  loss_ddf_dn_5: 0.0000 (0.0000)  loss_vfl_dn_pre: 0.4192 (0.4274)  loss_bbox_dn_pre: 0.2361 (0.2641)  loss_giou_dn_pre: 0.2969 (0.3365)  time: 1.0127  data: 0.0009  max mem: 6437
Epoch: [14/15] Total time: 0:07:18 (1.1185 s / it)
Averaged stats: lr: 0.000013  loss: 24.3143 (24.5136)  loss_vfl: 0.3635 (0.3990)  loss_bbox: 0.1141 (0.1346)  loss_giou: 0.1981 (0.2376)  loss_fgl: 0.9437 (0.9674)  loss_vfl_aux_0: 0.4570 (0.4778)  loss_bbox_aux_0: 0.1429 (0.1626)  loss_giou_aux_0: 0.2408 (0.2653)  loss_fgl_aux_0: 1.0484 (1.0394)  loss_ddf_aux_0: 0.0785 (0.0856)  loss_vfl_aux_1: 0.4111 (0.4360)  loss_bbox_aux_1: 0.1217 (0.1388)  loss_giou_aux_1: 0.2039 (0.2416)  loss_fgl_aux_1: 0.9432 (0.9763)  loss_ddf_aux_1: 0.0110 (0.0119)  loss_vfl_aux_2: 0.4170 (0.4170)  loss_bbox_aux_2: 0.1127 (0.1349)  loss_giou_aux_2: 0.1964 (0.2380)  loss_fgl_aux_2: 0.9469 (0.9673)  loss_ddf_aux_2: 0.0011 (0.0010)  loss_vfl_aux_3: 0.3728 (0.4032)  loss_bbox_aux_3: 0.1139 (0.1347)  loss_giou_aux_3: 0.1980 (0.2376)  loss_fgl_aux_3: 0.9442 (0.9673)  loss_ddf_aux_3: -0.0000 (0.0001)  loss_vfl_aux_4: 0.3713 (0.3985)  loss_bbox_aux_4: 0.1140 (0.1346)  loss_giou_aux_4: 0.1980 (0.2376)  loss_fgl_aux_4: 0.9439 (0.9674)  loss_ddf_aux_4: -0.0000 (0.0000)  loss_vfl_pre: 0.4561 (0.4768)  loss_bbox_pre: 0.1470 (0.1638)  loss_giou_pre: 0.2338 (0.2646)  loss_vfl_enc_0: 0.5571 (0.5563)  loss_bbox_enc_0: 0.3433 (0.2900)  loss_giou_enc_0: 0.3685 (0.3705)  loss_vfl_dn_0: 0.4233 (0.4276)  loss_bbox_dn_0: 0.2192 (0.2375)  loss_giou_dn_0: 0.2911 (0.3291)  loss_fgl_dn_0: 1.1458 (1.1436)  loss_ddf_dn_0: 0.4231 (0.4614)  loss_vfl_dn_1: 0.3047 (0.3129)  loss_bbox_dn_1: 0.1424 (0.1427)  loss_giou_dn_1: 0.2083 (0.2205)  loss_fgl_dn_1: 0.9524 (0.9526)  loss_ddf_dn_1: 0.0470 (0.0685)  loss_vfl_dn_2: 0.2893 (0.2962)  loss_bbox_dn_2: 0.1292 (0.1312)  loss_giou_dn_2: 0.1961 (0.2094)  loss_fgl_dn_2: 0.9171 (0.9313)  loss_ddf_dn_2: 0.0050 (0.0082)  loss_vfl_dn_3: 0.2844 (0.2919)  loss_bbox_dn_3: 0.1273 (0.1291)  loss_giou_dn_3: 0.1923 (0.2081)  loss_fgl_dn_3: 0.9160 (0.9307)  loss_ddf_dn_3: 0.0002 (0.0005)  loss_vfl_dn_4: 0.2834 (0.2912)  loss_bbox_dn_4: 0.1267 (0.1288)  loss_giou_dn_4: 0.1919 (0.2078)  loss_fgl_dn_4: 0.9164 (0.9308)  loss_ddf_dn_4: 0.0000 (0.0000)  loss_vfl_dn_5: 0.2815 (0.2918)  loss_bbox_dn_5: 0.1267 (0.1288)  loss_giou_dn_5: 0.1919 (0.2078)  loss_fgl_dn_5: 0.9164 (0.9309)  loss_ddf_dn_5: 0.0000 (0.0000)  loss_vfl_dn_pre: 0.4192 (0.4274)  loss_bbox_dn_pre: 0.2361 (0.2641)  loss_giou_dn_pre: 0.2969 (0.3365)
Test:  [ 0/49]  eta: 0:34:11    time: 41.8767  data: 41.5112  max mem: 6437
Test:  [10/49]  eta: 0:02:38    time: 4.0592  data: 3.7748  max mem: 6437
Test:  [20/49]  eta: 0:01:05    time: 0.2882  data: 0.0011  max mem: 6437
Test:  [30/49]  eta: 0:00:30    time: 0.2866  data: 0.0011  max mem: 6437
Test:  [40/49]  eta: 0:00:11    time: 0.2774  data: 0.0012  max mem: 6437
Test:  [48/49]  eta: 0:00:01    time: 0.2739  data: 0.0012  max mem: 6437
Test: Total time: 0:00:56 (1.1469 s / it)
Metrics: {'f1': 0.8996458087367178, 'precision': 0.9049881235154394, 'recall': 0.8943661971830986, 'iou': 0.7293963530800374, 'TPs': 381, 'FPs': 40, 'FNs': 45}
Averaged stats: 
Accumulating evaluation results...
COCOeval_opt.accumulate() finished...
DONE (t=0.04s).
IoU metric: bbox
 Average Precision  (AP) @[ IoU=0.50:0.95 | area=   all | maxDets=100 ] = 0.618
 Average Precision  (AP) @[ IoU=0.50      | area=   all | maxDets=100 ] = 0.883
 Average Precision  (AP) @[ IoU=0.75      | area=   all | maxDets=100 ] = 0.710
 Average Precision  (AP) @[ IoU=0.50:0.95 | area= small | maxDets=100 ] = 0.045
 Average Precision  (AP) @[ IoU=0.50:0.95 | area=medium | maxDets=100 ] = 0.658
 Average Precision  (AP) @[ IoU=0.50:0.95 | area= large | maxDets=100 ] = 0.606
 Average Recall     (AR) @[ IoU=0.50:0.95 | area=   all | maxDets=  1 ] = 0.541
 Average Recall     (AR) @[ IoU=0.50:0.95 | area=   all | maxDets= 10 ] = 0.713
 Average Recall     (AR) @[ IoU=0.50:0.95 | area=   all | maxDets=100 ] = 0.760
 Average Recall     (AR) @[ IoU=0.50:0.95 | area= small | maxDets=100 ] = 0.400
 Average Recall     (AR) @[ IoU=0.50:0.95 | area=medium | maxDets=100 ] = 0.759
 Average Recall     (AR) @[ IoU=0.50:0.95 | area= large | maxDets=100 ] = 0.754
 Average Recall     (AR) @[ IoU=0.50      | area=   all | maxDets=100 ] = 0.993
 Average Recall     (AR) @[ IoU=0.75      | area=   all | maxDets=100 ] = 0.876
best_map50: epoch=14, AP50=0.883123
best_stat: {'epoch': 14, 'coco_eval_bbox': 0.6183236430438993}
Training time 3:13:07
